Title,StoreId,ArticleType,Authors,companies,copyright,documentType,entryDate,issn,language,languageOfSummary,placeOfPublication,pubdate,pubtitle,year,DocumentURL,classification,classificationCodes,identifierKeywords,majorClassificationCodes,startPage,subjectClassifications,subjectTerms,subjects,FindACopy,Database
Palantir Is 2024's S&P 500 King. These 9 Stocks Also Had Huge Gains.,3150421801,Newspapers,"Carson, Ed",," © 2024. Investor’s Business Daily, LLC All rights reserved", News," Dec 31, 2024",, English, English, Los Angeles,"Dec 31, 2024",Investor's Business Daily (Online),2024,https://esearch.ut.edu/login?url=https://www.proquest.com/newspapers/palantir-is-2024s-s-p-500-king-these-9-stocks/docview/3150421801/se-2?accountid=14762,,,,,,,,,https://ut.primo.exlibrisgroup.com/openurl/01UTAMPA_INST/01UTAMPA_INST:SpartanSearch?genre=article&amp;issn=&amp;title=Palantir+Is+2024%27s+S%26P+500+King.+These+9+Stocks+Also+Had+Huge+Gains.&amp;volume=&amp;issue=&amp;date=2024&amp;atitle=Palantir+Is+2024%27s+S%26amp%3BP+500+King.+These+9+Stocks+Also+Had+Huge+Gains.&amp;spage=&amp;sid=ProQ%3Aabitrade&amp;author=Carson,ABI/INFORM Collection
Warren Buffett tells people to buy an S&P 500 index fund. A celebrity tech investor says they face a 'rude awakening.',3150325106,Newspapers,"Theron, Mohamed",," Copyright Insider, Inc. 2024", News," Dec 31, 2024",, English, English, New York,"Dec 31, 2024",Business Insider,2024,https://esearch.ut.edu/login?url=https://www.proquest.com/newspapers/warren-buffett-tells-people-buy-s-amp-p-500-index/docview/3150325106/se-2?accountid=14762," 52591 Open-End Investment Funds , 52321 Securities and Commodity Exchanges"," 52591 Open-End Investment Funds , 52321 Securities and Commodity Exchanges"," trending-uk , finance , warren-buffett , chamath-palihapitiya , berkshire-hathaway , sp-500 , index-funds , tech-stocks , big-tech , magnificent-seven , diversification"," 52591 Open-End Investment Funds , 52321 Securities and Commodity Exchanges",," 52591 Open-End Investment Funds , 52321 Securities and Commodity Exchanges"," FINANCE , Investments , FINANCE , FINANCE , Investors , SUSTAINABILITY , Buffett, Warren"," trending-uk , finance , warren-buffett , chamath-palihapitiya , berkshire-hathaway , sp-500 , index-funds , tech-stocks , big-tech , magnificent-seven , diversification",https://ut.primo.exlibrisgroup.com/openurl/01UTAMPA_INST/01UTAMPA_INST:SpartanSearch?genre=article&amp;issn=&amp;title=Warren+Buffett+tells+people+to+buy+an+S%26amp%3BP+500+index+fund.+A+celebrity+tech+investor+says+they+face+a+%27rude+awakening.%27&amp;volume=&amp;issue=&amp;date=2024&amp;atitle=Warren+Buffett+tells+people+to+buy+an+S%26amp%3BP+500+index+fund.+A+celebrity+tech+investor+says+they+face+a+%27rude+awakening.%27&amp;spage=&amp;sid=ProQ%3Aabidateline&amp;author=Theron,ABI/INFORM Collection
"Walgreens and Intel lead list of stocks in the S&P 500 that fell hardest 2024; During another excellent year for the broad U.S. stock market, 96 stocks among the S&P 500 showed double-digit declines",3150323422,Newspapers,Philip van Doorn,," Copyright 2024 MarketWatch, Inc.  All Rights Reserved.", News," Dec 31, 2024",, English, English, South Brunswick,"Dec 31, 2024",MarketWatch,2024,https://esearch.ut.edu/login?url=https://www.proquest.com/newspapers/walgreens-intel-lead-list-stocks-s-amp-p-500-that/docview/3150323422/se-2?accountid=14762,,,,,,, FINANCE,,https://ut.primo.exlibrisgroup.com/openurl/01UTAMPA_INST/01UTAMPA_INST:SpartanSearch?genre=article&amp;issn=&amp;title=Walgreens+and+Intel+lead+list+of+stocks+in+the+S%26amp%3BP+500+that+fell+hardest+2024%3B+During+another+excellent+year+for+the+broad+U.S.+stock+market%2C+96+stocks+among+the+S%26amp%3BP+500+showed+double-digit+declines&amp;volume=&amp;issue=&amp;date=2024&amp;atitle=Walgreens+and+Intel+lead+list+of+stocks+in+the+S%26amp%3BP+500+that+fell+hardest+2024%3B+During+another+excellent+year+for+the+broad+U.S.+stock+market%2C+96+stocks+among+the+S%26amp%3BP+500+showed+double-digit+declines&amp;spage=&amp;sid=ProQ%3Aabidateline&amp;author=Philip+van+Doorn,ABI/INFORM Collection
Nvidia Stock Has Soared 176% This Year. These 2 S&P 500 Companies Have Beaten It.,3150315579,Newspapers,"Ohlen, Elsa",," Copyright 2024 Dow Jones & Company, Inc. All Rights Reserved.", News," Dec 31, 2024",, English, English, New York,"Dec 31, 2024",Barron's (Online),2024,https://esearch.ut.edu/login?url=https://www.proquest.com/newspapers/nvidia-stock-has-soared-176-this-year-these-2-s/docview/3150315579/se-2?accountid=14762,,,,,,," SUSTAINABILITY , ENTREP",,https://ut.primo.exlibrisgroup.com/openurl/01UTAMPA_INST/01UTAMPA_INST:SpartanSearch?genre=article&amp;issn=&amp;title=Nvidia+Stock+Has+Soared+176%25+This+Year.+These+2+S%26amp%3BP+500+Companies+Have+Beaten+It.&amp;volume=&amp;issue=&amp;date=2024&amp;atitle=Nvidia+Stock+Has+Soared+176%25+This+Year.+These+2+S%26amp%3BP+500+Companies+Have+Beaten+It.&amp;spage=&amp;sid=ProQ%3Aabiglobal&amp;author=Ohlen,"ABI/INFORM Collection, Research Library"
"S&P 500 Heads for Biggest 2-Year Gain This Century, History Has a Warning. And 3 Other Things to Know Today.",3150315577,Newspapers,,," Copyright 2024 Dow Jones & Company, Inc. All Rights Reserved.", News," Dec 31, 2024",, English, English, New York,"Dec 31, 2024",Barron's (Online),2024,https://esearch.ut.edu/login?url=https://www.proquest.com/newspapers/s-amp-p-500-heads-biggest-2-year-gain-this/docview/3150315577/se-2?accountid=14762," 92112 Legislative Bodies , 92812 International Affairs , 52321 Securities and Commodity Exchanges"," 92112 Legislative Bodies , 92812 International Affairs , 52321 Securities and Commodity Exchanges",," 92112 Legislative Bodies , 92812 International Affairs , 52321 Securities and Commodity Exchanges",," 92112 Legislative Bodies , 92812 International Affairs , 52321 Securities and Commodity Exchanges"," FINANCE , FINANCE , Passports & visas , Investments , SUSTAINABILITY , HUMANRESOURCES , Newsletters , SUSTAINABILITY , Cybersecurity , SUSTAINABILITY , Investors , SUSTAINABILITY , Identification documents , SUSTAINABILITY",,https://ut.primo.exlibrisgroup.com/openurl/01UTAMPA_INST/01UTAMPA_INST:SpartanSearch?genre=article&amp;issn=&amp;title=S%26amp%3BP+500+Heads+for+Biggest+2-Year+Gain+This+Century%2C+History+Has+a+Warning.+And+3+Other+Things+to+Know+Today.&amp;volume=&amp;issue=&amp;date=2024&amp;atitle=S%26amp%3BP+500+Heads+for+Biggest+2-Year+Gain+This+Century%2C+History+Has+a+Warning.+And+3+Other+Things+to+Know+Today.&amp;spage=&amp;sid=ProQ%3Aabiglobal&amp;author=,"ABI/INFORM Collection, Research Library"
Warren Buffett Puts Cash Reserves To Work Buying S&P 500 Underperformer,3150315573,Newspapers,"Norton, Kit",," © 2024. Investor’s Business Daily, LLC All rights reserved", News," Dec 31, 2024",, English, English, Los Angeles,"Dec 31, 2024",Investor's Business Daily (Online),2024,https://esearch.ut.edu/login?url=https://www.proquest.com/newspapers/warren-buffett-puts-cash-reserves-work-buying-s-p/docview/3150315573/se-2?accountid=14762,,,,,,,,,https://ut.primo.exlibrisgroup.com/openurl/01UTAMPA_INST/01UTAMPA_INST:SpartanSearch?genre=article&amp;issn=&amp;title=Warren+Buffett+Puts+Cash+Reserves+To+Work+Buying+S%26P+500+Underperformer&amp;volume=&amp;issue=&amp;date=2024&amp;atitle=Warren+Buffett+Puts+Cash+Reserves+To+Work+Buying+S%26amp%3BP+500+Underperformer&amp;spage=&amp;sid=ProQ%3Aabitrade&amp;author=Norton,ABI/INFORM Collection
These 20 stocks in the S&P 500 rose the most in 2024; Big Tech led another banner year for the U.S. large-cap benchmark stock index,3150315572,Newspapers,Philip van Doorn,," Copyright 2024 MarketWatch, Inc.  All Rights Reserved.", News," Dec 31, 2024",, English, English, South Brunswick,"Dec 31, 2024",MarketWatch,2024,https://esearch.ut.edu/login?url=https://www.proquest.com/newspapers/these-20-stocks-s-p-500-rose-most-2024-big-tech/docview/3150315572/se-2?accountid=14762,,,,,,,,,https://ut.primo.exlibrisgroup.com/openurl/01UTAMPA_INST/01UTAMPA_INST:SpartanSearch?genre=article&amp;issn=&amp;title=These+20+stocks+in+the+S%26P+500+rose+the+most+in+2024%3B+Big+Tech+led+another+banner+year+for+the+U.S.+large-cap+benchmark+stock+index&amp;volume=&amp;issue=&amp;date=2024&amp;atitle=These+20+stocks+in+the+S%26amp%3BP+500+rose+the+most+in+2024%3B+Big+Tech+led+another+banner+year+for+the+U.S.+large-cap+benchmark+stock+index&amp;spage=&amp;sid=ProQ%3Aabidateline&amp;author=Philip+van+Doorn,ABI/INFORM Collection
Don't compare your retirement investments to the S&P 500; Retirement is about maximizing reliable cash flow for life,3150276452,Newspapers,"Anspach, Dana",," Copyright 2024 MarketWatch, Inc.  All Rights Reserved.", News," Dec 31, 2024",, English, English, South Brunswick,"Dec 31, 2024",MarketWatch,2024,https://esearch.ut.edu/login?url=https://www.proquest.com/newspapers/dont-compare-your-retirement-investments-s-p-500/docview/3150276452/se-2?accountid=14762,,,,,,,,,https://ut.primo.exlibrisgroup.com/openurl/01UTAMPA_INST/01UTAMPA_INST:SpartanSearch?genre=article&amp;issn=&amp;title=Don%27t+compare+your+retirement+investments+to+the+S%26P+500%3B+Retirement+is+about+maximizing+reliable+cash+flow+for+life&amp;volume=&amp;issue=&amp;date=2024&amp;atitle=Don%27t+compare+your+retirement+investments+to+the+S%26amp%3BP+500%3B+Retirement+is+about+maximizing+reliable+cash+flow+for+life&amp;spage=&amp;sid=ProQ%3Aabidateline&amp;author=Anspach,ABI/INFORM Collection
Stocks are skipping the 'Santa Claus rally' again this year. That doesn't bode well for January. The S&P 500 is heading for a loss during the typically bullish stretch for the second year in a row,3150265185,Newspapers,"Adinolfi, Joseph",," Copyright 2024 MarketWatch, Inc.  All Rights Reserved.", News," Dec 31, 2024",, English, English, South Brunswick,"Dec 31, 2024",MarketWatch,2024,https://esearch.ut.edu/login?url=https://www.proquest.com/newspapers/stocks-are-skipping-santa-claus-rally-again-this/docview/3150265185/se-2?accountid=14762,,,,,,,,,https://ut.primo.exlibrisgroup.com/openurl/01UTAMPA_INST/01UTAMPA_INST:SpartanSearch?genre=article&amp;issn=&amp;title=Stocks+are+skipping+the+%27Santa+Claus+rally%27+again+this+year.+That+doesn%27t+bode+well+for+January.+The+S%26P+500+is+heading+for+a+loss+during+the+typically+bullish+stretch+for+the+second+year+in+a+row&amp;volume=&amp;issue=&amp;date=2024&amp;atitle=Stocks+are+skipping+the+%27Santa+Claus+rally%27+again+this+year.+That+doesn%27t+bode+well+for+January.+The+S%26amp%3BP+500+is+heading+for+a+loss+during+the+typically+bullish+stretch+for+the+second+year+in+a+row&amp;spage=&amp;sid=ProQ%3Aabidateline&amp;author=Adinolfi,ABI/INFORM Collection
This Biotech Is One of the S&P 500's Worst Performers. It Looks Too Cheap.,3150247981,Newspapers,"Bary, Andrew",," Copyright 2024 Dow Jones & Company, Inc. All Rights Reserved.", News," Dec 31, 2024",, English, English, New York,"Dec 31, 2024",Barron's (Online),2024,https://esearch.ut.edu/login?url=https://www.proquest.com/newspapers/this-biotech-is-one-s-amp-p-500s-worst-performers/docview/3150247981/se-2?accountid=14762,,,,,,," SUSTAINABILITY , SUSTAINABILITY",,https://ut.primo.exlibrisgroup.com/openurl/01UTAMPA_INST/01UTAMPA_INST:SpartanSearch?genre=article&amp;issn=&amp;title=This+Biotech+Is+One+of+the+S%26amp%3BP+500%27s+Worst+Performers.+It+Looks+Too+Cheap.&amp;volume=&amp;issue=&amp;date=2024&amp;atitle=This+Biotech+Is+One+of+the+S%26amp%3BP+500%27s+Worst+Performers.+It+Looks+Too+Cheap.&amp;spage=&amp;sid=ProQ%3Aabiglobal&amp;author=Bary,"ABI/INFORM Collection, Research Library"
"Dow Jones Futures: Nvidia, S&P 500 Below Key Levels After Stock Market Sell-Off",3150185448,Newspapers,"Lehtonen, Scott",," © 2024. Investor’s Business Daily, LLC All rights reserved", News," Dec 31, 2024",, English, English, Los Angeles,"Dec 31, 2024",Investor's Business Daily (Online),2024,https://esearch.ut.edu/login?url=https://www.proquest.com/newspapers/dow-jones-futures-nvidia-s-p-500-below-key-levels/docview/3150185448/se-2?accountid=14762,,,,,,,,,https://ut.primo.exlibrisgroup.com/openurl/01UTAMPA_INST/01UTAMPA_INST:SpartanSearch?genre=article&amp;issn=&amp;title=Dow+Jones+Futures%3A+Nvidia%2C+S%26P+500+Below+Key+Levels+After+Stock+Market+Sell-Off&amp;volume=&amp;issue=&amp;date=2024&amp;atitle=Dow+Jones+Futures%3A+Nvidia%2C+S%26amp%3BP+500+Below+Key+Levels+After+Stock+Market+Sell-Off&amp;spage=&amp;sid=ProQ%3Aabitrade&amp;author=Lehtonen,ABI/INFORM Collection
Stocks are skipping the 'Santa Claus rally' again this year. That doesn't bode well for January. The S&P 500 is heading for a loss during the typically bullish stretch for the second year in a row,3150177959,Newspapers,"Adinolfi, Joseph",," Copyright 2024 MarketWatch, Inc.  All Rights Reserved.", News," Dec 30, 2024",, English, English, South Brunswick,"Dec 30, 2024",MarketWatch,2024,https://esearch.ut.edu/login?url=https://www.proquest.com/newspapers/stocks-are-skipping-santa-claus-rally-again-this/docview/3150177959/se-2?accountid=14762,,,,,,,,,https://ut.primo.exlibrisgroup.com/openurl/01UTAMPA_INST/01UTAMPA_INST:SpartanSearch?genre=article&amp;issn=&amp;title=Stocks+are+skipping+the+%27Santa+Claus+rally%27+again+this+year.+That+doesn%27t+bode+well+for+January.+The+S%26P+500+is+heading+for+a+loss+during+the+typically+bullish+stretch+for+the+second+year+in+a+row&amp;volume=&amp;issue=&amp;date=2024&amp;atitle=Stocks+are+skipping+the+%27Santa+Claus+rally%27+again+this+year.+That+doesn%27t+bode+well+for+January.+The+S%26amp%3BP+500+is+heading+for+a+loss+during+the+typically+bullish+stretch+for+the+second+year+in+a+row&amp;spage=&amp;sid=ProQ%3Aabidateline&amp;author=Adinolfi,ABI/INFORM Collection
"Dow Jones Futures: Nvidia, S&P 500 Below Key Levels After Stock Market Sell-Off",3150177957,Newspapers,"Lehtonen, Scott",," © 2024. Investor’s Business Daily, LLC All rights reserved", News," Dec 30, 2024",, English, English, Los Angeles,"Dec 30, 2024",Investor's Business Daily (Online),2024,https://esearch.ut.edu/login?url=https://www.proquest.com/newspapers/dow-jones-futures-nvidia-s-p-500-below-key-levels/docview/3150177957/se-2?accountid=14762,,,,,,,,,https://ut.primo.exlibrisgroup.com/openurl/01UTAMPA_INST/01UTAMPA_INST:SpartanSearch?genre=article&amp;issn=&amp;title=Dow+Jones+Futures%3A+Nvidia%2C+S%26P+500+Below+Key+Levels+After+Stock+Market+Sell-Off&amp;volume=&amp;issue=&amp;date=2024&amp;atitle=Dow+Jones+Futures%3A+Nvidia%2C+S%26amp%3BP+500+Below+Key+Levels+After+Stock+Market+Sell-Off&amp;spage=&amp;sid=ProQ%3Aabitrade&amp;author=Lehtonen,ABI/INFORM Collection
Don't compare your retirement investments to the S&P 500; Retirement is about maximizing reliable cash flow for life,3150169875,Newspapers,"Anspach, Dana",," Copyright 2024 MarketWatch, Inc.  All Rights Reserved.", News," Dec 30, 2024",, English, English, South Brunswick,"Dec 30, 2024",MarketWatch,2024,https://esearch.ut.edu/login?url=https://www.proquest.com/newspapers/dont-compare-your-retirement-investments-s-p-500/docview/3150169875/se-2?accountid=14762,,,,,,,,,https://ut.primo.exlibrisgroup.com/openurl/01UTAMPA_INST/01UTAMPA_INST:SpartanSearch?genre=article&amp;issn=&amp;title=Don%27t+compare+your+retirement+investments+to+the+S%26P+500%3B+Retirement+is+about+maximizing+reliable+cash+flow+for+life&amp;volume=&amp;issue=&amp;date=2024&amp;atitle=Don%27t+compare+your+retirement+investments+to+the+S%26amp%3BP+500%3B+Retirement+is+about+maximizing+reliable+cash+flow+for+life&amp;spage=&amp;sid=ProQ%3Aabidateline&amp;author=Anspach,ABI/INFORM Collection
Warren Buffett Puts Cash Reserves To Work Buying S&P 500 Underperformer,3150118617,Newspapers,"Norton, Kit",," © 2024. Investor’s Business Daily, LLC All rights reserved", News," Dec 30, 2024",, English, English, Los Angeles,"Dec 30, 2024",Investor's Business Daily (Online),2024,https://esearch.ut.edu/login?url=https://www.proquest.com/newspapers/warren-buffett-puts-cash-reserves-work-buying-s-p/docview/3150118617/se-2?accountid=14762,,,,,,,,,https://ut.primo.exlibrisgroup.com/openurl/01UTAMPA_INST/01UTAMPA_INST:SpartanSearch?genre=article&amp;issn=&amp;title=Warren+Buffett+Puts+Cash+Reserves+To+Work+Buying+S%26P+500+Underperformer&amp;volume=&amp;issue=&amp;date=2024&amp;atitle=Warren+Buffett+Puts+Cash+Reserves+To+Work+Buying+S%26amp%3BP+500+Underperformer&amp;spage=&amp;sid=ProQ%3Aabitrade&amp;author=Norton,ABI/INFORM Collection
Palantir Is 2024's S&P 500 King. These 9 Stocks Also Had Huge Gains.,3150117049,Newspapers,"Carson, Ed",," © 2024. Investor’s Business Daily, LLC All rights reserved", News," Dec 30, 2024",, English, English, Los Angeles,"Dec 30, 2024",Investor's Business Daily (Online),2024,https://esearch.ut.edu/login?url=https://www.proquest.com/newspapers/palantir-is-2024s-s-p-500-king-these-9-stocks/docview/3150117049/se-2?accountid=14762,,,,,,,,,https://ut.primo.exlibrisgroup.com/openurl/01UTAMPA_INST/01UTAMPA_INST:SpartanSearch?genre=article&amp;issn=&amp;title=Palantir+Is+2024%27s+S%26P+500+King.+These+9+Stocks+Also+Had+Huge+Gains.&amp;volume=&amp;issue=&amp;date=2024&amp;atitle=Palantir+Is+2024%27s+S%26amp%3BP+500+King.+These+9+Stocks+Also+Had+Huge+Gains.&amp;spage=&amp;sid=ProQ%3Aabitrade&amp;author=Carson,ABI/INFORM Collection
"Dow Jones Futures Fall, S&P 500 Set To Undercut Key Level; Tesla Deliveries Due",3149926419,Newspapers,"Carson, Ed",," © 2024. Investor’s Business Daily, LLC All rights reserved", News," Dec 30, 2024",, English, English, Los Angeles,"Dec 30, 2024",Investor's Business Daily (Online),2024,https://esearch.ut.edu/login?url=https://www.proquest.com/newspapers/dow-jones-futures-fall-s-p-500-set-undercut-key/docview/3149926419/se-2?accountid=14762,,,,,,,,,https://ut.primo.exlibrisgroup.com/openurl/01UTAMPA_INST/01UTAMPA_INST:SpartanSearch?genre=article&amp;issn=&amp;title=Dow+Jones+Futures+Fall%2C+S%26P+500+Set+To+Undercut+Key+Level%3B+Tesla+Deliveries+Due&amp;volume=&amp;issue=&amp;date=2024&amp;atitle=Dow+Jones+Futures+Fall%2C+S%26amp%3BP+500+Set+To+Undercut+Key+Level%3B+Tesla+Deliveries+Due&amp;spage=&amp;sid=ProQ%3Aabitrade&amp;author=Carson,ABI/INFORM Collection
How One of the Cheapest Stocks in the S&P 500 Could Gain 50% in the Next Two Years,3150486446,Newspapers,"Bary, Andrew",," Copyright 2024 Dow Jones & Company, Inc. All Rights Reserved.", News," Dec 29, 2024",, English, English, New York,"Dec 29, 2024",Barron's (Online),2024,https://esearch.ut.edu/login?url=https://www.proquest.com/newspapers/how-one-cheapest-stocks-s-amp-p-500-could-gain-50/docview/3150486446/se-2?accountid=14762,,,,,,," FINANCE , FINANCE",,https://ut.primo.exlibrisgroup.com/openurl/01UTAMPA_INST/01UTAMPA_INST:SpartanSearch?genre=article&amp;issn=&amp;title=How+One+of+the+Cheapest+Stocks+in+the+S%26amp%3BP+500+Could+Gain+50%25+in+the+Next+Two+Years&amp;volume=&amp;issue=&amp;date=2024&amp;atitle=How+One+of+the+Cheapest+Stocks+in+the+S%26amp%3BP+500+Could+Gain+50%25+in+the+Next+Two+Years&amp;spage=&amp;sid=ProQ%3Aabiglobal&amp;author=Bary,"ABI/INFORM Collection, Research Library"
"Warren Buffett is buying up stock in this high-margin internet registry company; Buffett's Berkshire Hathaway is the largest shareholder of VeriSign, which ranks highly among S&P 500 companies in terms of gross and operating margins",3149941358,Newspapers,"Kilgore, Tomi;Philip van Doorn",," Copyright 2024 MarketWatch, Inc.  All Rights Reserved.", News," Dec 28, 2024",, English, English, South Brunswick,"Dec 28, 2024",MarketWatch,2024,https://esearch.ut.edu/login?url=https://www.proquest.com/newspapers/warren-buffett-is-buying-up-stock-this-high/docview/3149941358/se-2?accountid=14762,,,,,,,,,https://ut.primo.exlibrisgroup.com/openurl/01UTAMPA_INST/01UTAMPA_INST:SpartanSearch?genre=article&amp;issn=&amp;title=Warren+Buffett+is+buying+up+stock+in+this+high-margin+internet+registry+company%3B+Buffett%27s+Berkshire+Hathaway+is+the+largest+shareholder+of+VeriSign%2C+which+ranks+highly+among+S%26P+500+companies+in+terms+of+gross+and+operating+margins&amp;volume=&amp;issue=&amp;date=2024&amp;atitle=Warren+Buffett+is+buying+up+stock+in+this+high-margin+internet+registry+company%3B+Buffett%27s+Berkshire+Hathaway+is+the+largest+shareholder+of+VeriSign%2C+which+ranks+highly+among+S%26amp%3BP+500+companies+in+terms+of+gross+and+operating+margins&amp;spage=&amp;sid=ProQ%3Aabidateline&amp;author=Kilgore,ABI/INFORM Collection
"S&P 500 Winners Fortinet, Boston Scientific Lead 5 Stocks Near Buy Points",3149720055,Newspapers,"Norton, Kit",," © 2024. Investor’s Business Daily, LLC All rights reserved", News," Dec 28, 2024",, English, English, Los Angeles,"Dec 28, 2024",Investor's Business Daily (Online),2024,https://esearch.ut.edu/login?url=https://www.proquest.com/newspapers/s-p-500-winners-fortinet-boston-scientific-lead-5/docview/3149720055/se-2?accountid=14762,,,,,,,,,https://ut.primo.exlibrisgroup.com/openurl/01UTAMPA_INST/01UTAMPA_INST:SpartanSearch?genre=article&amp;issn=&amp;title=S%26P+500+Winners+Fortinet%2C+Boston+Scientific+Lead+5+Stocks+Near+Buy+Points&amp;volume=&amp;issue=&amp;date=2024&amp;atitle=S%26amp%3BP+500+Winners+Fortinet%2C+Boston+Scientific+Lead+5+Stocks+Near+Buy+Points&amp;spage=&amp;sid=ProQ%3Aabitrade&amp;author=Norton,ABI/INFORM Collection
Morgan Stanley CIO Mike Wilson warns the S&P 500 faces a decade of 'flat-ish' returns ahead — but shares 2 investments with high odds of making you 'pretty good money' in the next 3-5 years,3149706233,Newspapers,"Edwards, William", Morgan Stanley," Copyright Insider, Inc. 2024", News," Dec 28, 2024",, English, English, New York,"Dec 28, 2024",Business Insider,2024,https://esearch.ut.edu/login?url=https://www.proquest.com/newspapers/morgan-stanley-cio-mike-wilson-warns-s-amp-p-500/docview/3149706233/se-2?accountid=14762,,," limited-synd , s-p-500-outlook , mike-wilson , morgan-stanley , s-p-500-returns , stock-valuations , investing",,,," ECONOMICS , Decades , SUSTAINABILITY , China , India"," limited-synd , s-p-500-outlook , mike-wilson , morgan-stanley , s-p-500-returns , stock-valuations , investing",https://ut.primo.exlibrisgroup.com/openurl/01UTAMPA_INST/01UTAMPA_INST:SpartanSearch?genre=article&amp;issn=&amp;title=Morgan+Stanley+CIO+Mike+Wilson+warns+the+S%26amp%3BP+500+faces+a+decade+of+%27flat-ish%27+returns+ahead+%E2%80%94+but+shares+2+investments+with+high+odds+of+making+you+%27pretty+good+money%27+in+the+next+3-5+years&amp;volume=&amp;issue=&amp;date=2024&amp;atitle=Morgan+Stanley+CIO+Mike+Wilson+warns+the+S%26amp%3BP+500+faces+a+decade+of+%27flat-ish%27+returns+ahead+%26mdash%3B+but+shares+2+investments+with+high+odds+of+making+you+%27pretty+good+money%27+in+the+next+3-5+years&amp;spage=&amp;sid=ProQ%3Aabidateline&amp;author=Edwards,ABI/INFORM Collection
"Warren Buffett is buying up stock in this high-margin internet registry company; Buffett's Berkshire Hathaway is the largest shareholder of VeriSign, which ranks highly among S&P 500 companies in terms of gross and operating margins",3149496076,Newspapers,"Kilgore, Tomi;Philip van Doorn",," Copyright 2024 MarketWatch, Inc.  All Rights Reserved.", News," Dec 27, 2024",, English, English, South Brunswick,"Dec 27, 2024",MarketWatch,2024,https://esearch.ut.edu/login?url=https://www.proquest.com/newspapers/warren-buffett-is-buying-up-stock-this-high/docview/3149496076/se-2?accountid=14762,,,,,,,,,https://ut.primo.exlibrisgroup.com/openurl/01UTAMPA_INST/01UTAMPA_INST:SpartanSearch?genre=article&amp;issn=&amp;title=Warren+Buffett+is+buying+up+stock+in+this+high-margin+internet+registry+company%3B+Buffett%27s+Berkshire+Hathaway+is+the+largest+shareholder+of+VeriSign%2C+which+ranks+highly+among+S%26P+500+companies+in+terms+of+gross+and+operating+margins&amp;volume=&amp;issue=&amp;date=2024&amp;atitle=Warren+Buffett+is+buying+up+stock+in+this+high-margin+internet+registry+company%3B+Buffett%27s+Berkshire+Hathaway+is+the+largest+shareholder+of+VeriSign%2C+which+ranks+highly+among+S%26amp%3BP+500+companies+in+terms+of+gross+and+operating+margins&amp;spage=&amp;sid=ProQ%3Aabidateline&amp;author=Kilgore,ABI/INFORM Collection
"The S&P 500 Has a Diversification Problem, Which Means You Do Too",3149250655,Newspapers,"Levisohn, Ben",," Copyright 2024 Dow Jones & Company, Inc. All Rights Reserved.", News," Dec 26, 2024",, English, English, New York,"Dec 26, 2024",Barron's (Online),2024,https://esearch.ut.edu/login?url=https://www.proquest.com/newspapers/s-amp-p-500-has-diversification-problem-which/docview/3149250655/se-2?accountid=14762, 52394 Portfolio Management and Investment Advice, 52394 Portfolio Management and Investment Advice,, 52394 Portfolio Management and Investment Advice,, 52394 Portfolio Management and Investment Advice," FINANCE , FINANCE , Investments , FINANCE , Investors , FINANCE",,https://ut.primo.exlibrisgroup.com/openurl/01UTAMPA_INST/01UTAMPA_INST:SpartanSearch?genre=article&amp;issn=&amp;title=The+S%26amp%3BP+500+Has+a+Diversification+Problem%2C+Which+Means+You+Do+Too&amp;volume=&amp;issue=&amp;date=2024&amp;atitle=The+S%26amp%3BP+500+Has+a+Diversification+Problem%2C+Which+Means+You+Do+Too&amp;spage=&amp;sid=ProQ%3Aabiglobal&amp;author=Levisohn,"ABI/INFORM Collection, Research Library"
"Palantir's most bullish analyst sees stock falling nearly 10%; The stock is the S&P 500's biggest gainer this year with a near fivefold rally, while the average analyst price target was 46% below current levels",3149242378,Newspapers,"Kilgore, Tomi",," Copyright 2024 MarketWatch, Inc.  All Rights Reserved.", News," Dec 26, 2024",, English, English, South Brunswick,"Dec 26, 2024",MarketWatch,2024,https://esearch.ut.edu/login?url=https://www.proquest.com/newspapers/palantirs-most-bullish-analyst-sees-stock-falling/docview/3149242378/se-2?accountid=14762,,,,,,,,,https://ut.primo.exlibrisgroup.com/openurl/01UTAMPA_INST/01UTAMPA_INST:SpartanSearch?genre=article&amp;issn=&amp;title=Palantir%27s+most+bullish+analyst+sees+stock+falling+nearly+10%25%3B+The+stock+is+the+S%26P+500%27s+biggest+gainer+this+year+with+a+near+fivefold+rally%2C+while+the+average+analyst+price+target+was+46%25+below+current+levels&amp;volume=&amp;issue=&amp;date=2024&amp;atitle=Palantir%27s+most+bullish+analyst+sees+stock+falling+nearly+10%25%3B+The+stock+is+the+S%26amp%3BP+500%27s+biggest+gainer+this+year+with+a+near+fivefold+rally%2C+while+the+average+analyst+price+target+was+46%25+below+current+levels&amp;spage=&amp;sid=ProQ%3Aabidateline&amp;author=Kilgore,ABI/INFORM Collection
Stock market's December performance in balance as 'Santa Claus rally' begins; S&P 500 erases December loss in preholiday bounce,3149201052,Newspapers,"Watts, William",," Copyright 2024 MarketWatch, Inc.  All Rights Reserved.", News," Dec 26, 2024",, English, English, South Brunswick,"Dec 26, 2024",MarketWatch,2024,https://esearch.ut.edu/login?url=https://www.proquest.com/newspapers/stock-markets-december-performance-balance-as/docview/3149201052/se-2?accountid=14762,,,,,,,,,https://ut.primo.exlibrisgroup.com/openurl/01UTAMPA_INST/01UTAMPA_INST:SpartanSearch?genre=article&amp;issn=&amp;title=Stock+market%27s+December+performance+in+balance+as+%27Santa+Claus+rally%27+begins%3B+S%26P+500+erases+December+loss+in+preholiday+bounce&amp;volume=&amp;issue=&amp;date=2024&amp;atitle=Stock+market%27s+December+performance+in+balance+as+%27Santa+Claus+rally%27+begins%3B+S%26amp%3BP+500+erases+December+loss+in+preholiday+bounce&amp;spage=&amp;sid=ProQ%3Aabidateline&amp;author=Watts,ABI/INFORM Collection
Stock market's December performance in balance as 'Santa Claus rally' begins; S&P 500 erases December loss in preholiday bounce,3148829940,Newspapers,"Watts, William",," Copyright 2024 MarketWatch, Inc.  All Rights Reserved.", News," Dec 24, 2024",, English, English, South Brunswick,"Dec 24, 2024",MarketWatch,2024,https://esearch.ut.edu/login?url=https://www.proquest.com/newspapers/stock-markets-december-performance-balance-as/docview/3148829940/se-2?accountid=14762,,,,,,,,,https://ut.primo.exlibrisgroup.com/openurl/01UTAMPA_INST/01UTAMPA_INST:SpartanSearch?genre=article&amp;issn=&amp;title=Stock+market%27s+December+performance+in+balance+as+%27Santa+Claus+rally%27+begins%3B+S%26P+500+erases+December+loss+in+preholiday+bounce&amp;volume=&amp;issue=&amp;date=2024&amp;atitle=Stock+market%27s+December+performance+in+balance+as+%27Santa+Claus+rally%27+begins%3B+S%26amp%3BP+500+erases+December+loss+in+preholiday+bounce&amp;spage=&amp;sid=ProQ%3Aabidateline&amp;author=Watts,ABI/INFORM Collection
Materials are the worst performer in the S&P 500 this year. What 2025 holds for this beaten-down sector. There might be a bullish story underway for materials stocks in 2025 — but watch out for this wild card,3148392048,Newspapers,"Wang, Isabel",," Copyright 2024 MarketWatch, Inc.  All Rights Reserved.", News," Dec 23, 2024",, English, English, South Brunswick,"Dec 23, 2024",MarketWatch,2024,https://esearch.ut.edu/login?url=https://www.proquest.com/newspapers/materials-are-worst-performer-s-p-500-this-year/docview/3148392048/se-2?accountid=14762,,,,,,,,,https://ut.primo.exlibrisgroup.com/openurl/01UTAMPA_INST/01UTAMPA_INST:SpartanSearch?genre=article&amp;issn=&amp;title=Materials+are+the+worst+performer+in+the+S%26P+500+this+year.+What+2025+holds+for+this+beaten-down+sector.+There+might+be+a+bullish+story+underway+for+materials+stocks+in+2025+%E2%80%94+but+watch+out+for+this+wild+card&amp;volume=&amp;issue=&amp;date=2024&amp;atitle=Materials+are+the+worst+performer+in+the+S%26amp%3BP+500+this+year.+What+2025+holds+for+this+beaten-down+sector.+There+might+be+a+bullish+story+underway+for+materials+stocks+in+2025+%26mdash%3B+but+watch+out+for+this+wild+card&amp;spage=&amp;sid=ProQ%3Aabidateline&amp;author=Wang,ABI/INFORM Collection
Your Questions Answered: Nasdaq 100 vs. S&P 500-Which index is better for investing?,3148361795,Newspapers,,," Copyright HT Digital Streams Limited Dec 23, 2024", News," Dec 23, 2024",, English, English, New Delhi,"Dec 23, 2024",Mint,2024,https://esearch.ut.edu/login?url=https://www.proquest.com/newspapers/your-questions-answered-nasdaq-100-vs-s-amp-p-500/docview/3148361795/se-2?accountid=14762," 52599 Other Financial Vehicles , 52591 Open-End Investment Funds , 52394 Portfolio Management and Investment Advice"," 52599 Other Financial Vehicles , 52591 Open-End Investment Funds , 52394 Portfolio Management and Investment Advice",," 52599 Other Financial Vehicles , 52591 Open-End Investment Funds , 52394 Portfolio Management and Investment Advice",," 52599 Other Financial Vehicles , 52591 Open-End Investment Funds , 52394 Portfolio Management and Investment Advice"," ECONOMICS , SUSTAINABILITY , FINANCE , ECONOMICS , FINANCE , SUSTAINABILITY , FINANCE , SUSTAINABILITY , ECONOMICS , SUSTAINABILITY , Investors , FINANCE , ECONOMICS , FINANCE , United States--US , India",,https://ut.primo.exlibrisgroup.com/openurl/01UTAMPA_INST/01UTAMPA_INST:SpartanSearch?genre=article&amp;issn=&amp;title=Your+Questions+Answered%3A+Nasdaq+100+vs.+S%26amp%3BP+500-Which+index+is+better+for+investing%3F&amp;volume=&amp;issue=&amp;date=2024&amp;atitle=Your+Questions+Answered%3A+Nasdaq+100+vs.+S%26amp%3BP+500-Which+index+is+better+for+investing%3F&amp;spage=&amp;sid=ProQ%3Aabiglobal&amp;author=,ABI/INFORM Collection
"Why the stock market may sell off even more in January; Also: A high-income play that has beaten the S&P 500's 10-year return, a new official whiskey category for the U.S., and other weekend reads",3147647245,Newspapers,Philip van Doorn,," Copyright 2024 MarketWatch, Inc.  All Rights Reserved.", News," Dec 21, 2024",, English, English, South Brunswick,"Dec 21, 2024",MarketWatch,2024,https://esearch.ut.edu/login?url=https://www.proquest.com/newspapers/why-stock-market-may-sell-off-even-more-january/docview/3147647245/se-2?accountid=14762,,,,,,,,,https://ut.primo.exlibrisgroup.com/openurl/01UTAMPA_INST/01UTAMPA_INST:SpartanSearch?genre=article&amp;issn=&amp;title=Why+the+stock+market+may+sell+off+even+more+in+January%3B+Also%3A+A+high-income+play+that+has+beaten+the+S%26P+500%27s+10-year+return%2C+a+new+official+whiskey+category+for+the+U.S.%2C+and+other+weekend+reads&amp;volume=&amp;issue=&amp;date=2024&amp;atitle=Why+the+stock+market+may+sell+off+even+more+in+January%3B+Also%3A+A+high-income+play+that+has+beaten+the+S%26amp%3BP+500%27s+10-year+return%2C+a+new+official+whiskey+category+for+the+U.S.%2C+and+other+weekend+reads&amp;spage=&amp;sid=ProQ%3Aabidateline&amp;author=Philip+van+Doorn,ABI/INFORM Collection
"Why the stock market may sell off even more in January; Also: A high-income play that has beaten the S&P 500's 10-year return, a new official whiskey category for the U.S., and other weekend reads",3147475846,Newspapers,Philip van Doorn,," Copyright 2024 MarketWatch, Inc.  All Rights Reserved.", News," Dec 20, 2024",, English, English, South Brunswick,"Dec 20, 2024",MarketWatch,2024,https://esearch.ut.edu/login?url=https://www.proquest.com/newspapers/why-stock-market-may-sell-off-even-more-january/docview/3147475846/se-2?accountid=14762,,,,,,,,,https://ut.primo.exlibrisgroup.com/openurl/01UTAMPA_INST/01UTAMPA_INST:SpartanSearch?genre=article&amp;issn=&amp;title=Why+the+stock+market+may+sell+off+even+more+in+January%3B+Also%3A+A+high-income+play+that+has+beaten+the+S%26P+500%27s+10-year+return%2C+a+new+official+whiskey+category+for+the+U.S.%2C+and+other+weekend+reads&amp;volume=&amp;issue=&amp;date=2024&amp;atitle=Why+the+stock+market+may+sell+off+even+more+in+January%3B+Also%3A+A+high-income+play+that+has+beaten+the+S%26amp%3BP+500%27s+10-year+return%2C+a+new+official+whiskey+category+for+the+U.S.%2C+and+other+weekend+reads&amp;spage=&amp;sid=ProQ%3Aabidateline&amp;author=Philip+van+Doorn,ABI/INFORM Collection
"20 fintech companies expected to grow rapidly through 2026, including Upstart; These innovators are expected to increase revenue at multiples of expected growth rates for the S&P 500",3147449749,Newspapers,"Bary, Emily;Philip van Doorn",," Copyright 2024 MarketWatch, Inc.  All Rights Reserved.", News," Dec 20, 2024",, English, English, South Brunswick,"Dec 20, 2024",MarketWatch,2024,https://esearch.ut.edu/login?url=https://www.proquest.com/newspapers/20-fintech-companies-expected-grow-rapidly/docview/3147449749/se-2?accountid=14762,,,,,,,,,https://ut.primo.exlibrisgroup.com/openurl/01UTAMPA_INST/01UTAMPA_INST:SpartanSearch?genre=article&amp;issn=&amp;title=20+fintech+companies+expected+to+grow+rapidly+through+2026%2C+including+Upstart%3B+These+innovators+are+expected+to+increase+revenue+at+multiples+of+expected+growth+rates+for+the+S%26P+500&amp;volume=&amp;issue=&amp;date=2024&amp;atitle=20+fintech+companies+expected+to+grow+rapidly+through+2026%2C+including+Upstart%3B+These+innovators+are+expected+to+increase+revenue+at+multiples+of+expected+growth+rates+for+the+S%26amp%3BP+500&amp;spage=&amp;sid=ProQ%3Aabidateline&amp;author=Bary,ABI/INFORM Collection
Key Fed Inflation Rate Cools In November; S&P 500 Rallies,3147440090,Newspapers,"Graham, Jed",," © 2024. Investor’s Business Daily, LLC All rights reserved", News," Dec 20, 2024",, English, English, Los Angeles,"Dec 20, 2024",Investor's Business Daily (Online),2024,https://esearch.ut.edu/login?url=https://www.proquest.com/newspapers/key-fed-inflation-rate-cools-november-s-p-500/docview/3147440090/se-2?accountid=14762,,,,,,,,,https://ut.primo.exlibrisgroup.com/openurl/01UTAMPA_INST/01UTAMPA_INST:SpartanSearch?genre=article&amp;issn=&amp;title=Key+Fed+Inflation+Rate+Cools+In+November%3B+S%26P+500+Rallies&amp;volume=&amp;issue=&amp;date=2024&amp;atitle=Key+Fed+Inflation+Rate+Cools+In+November%3B+S%26amp%3BP+500+Rallies&amp;spage=&amp;sid=ProQ%3Aabitrade&amp;author=Graham,ABI/INFORM Collection
Big Tech ETF on pace to snap weekly winning streak amid S&P 500 breadth worries; The U.S. stock market is struggling to rebound after this week's Fed meeting,3147226947,Newspapers,"Idzelis, Christine",," Copyright 2024 MarketWatch, Inc.  All Rights Reserved.", News," Dec 20, 2024",, English, English, South Brunswick,"Dec 20, 2024",MarketWatch,2024,https://esearch.ut.edu/login?url=https://www.proquest.com/newspapers/big-tech-etf-on-pace-snap-weekly-winning-streak/docview/3147226947/se-2?accountid=14762,,,,,,,,,https://ut.primo.exlibrisgroup.com/openurl/01UTAMPA_INST/01UTAMPA_INST:SpartanSearch?genre=article&amp;issn=&amp;title=Big+Tech+ETF+on+pace+to+snap+weekly+winning+streak+amid+S%26P+500+breadth+worries%3B+The+U.S.+stock+market+is+struggling+to+rebound+after+this+week%27s+Fed+meeting&amp;volume=&amp;issue=&amp;date=2024&amp;atitle=Big+Tech+ETF+on+pace+to+snap+weekly+winning+streak+amid+S%26amp%3BP+500+breadth+worries%3B+The+U.S.+stock+market+is+struggling+to+rebound+after+this+week%27s+Fed+meeting&amp;spage=&amp;sid=ProQ%3Aabidateline&amp;author=Idzelis,ABI/INFORM Collection
MicroStrategy Stock's Momentum Is Fading Fast. An S&P 500 Addition Seems Unlikely.,3147202570,Newspapers,"Bary, Andrew",," Copyright 2024 Dow Jones & Company, Inc. All Rights Reserved.", News," Dec 20, 2024",, English, English, New York,"Dec 20, 2024",Barron's (Online),2024,https://esearch.ut.edu/login?url=https://www.proquest.com/newspapers/microstrategy-stocks-momentum-is-fading-fast-s/docview/3147202570/se-2?accountid=14762,,,,,,," ECONOMICS , ACCTAX , FINANCE , SUSTAINABILITY , SUSTAINABILITY",,https://ut.primo.exlibrisgroup.com/openurl/01UTAMPA_INST/01UTAMPA_INST:SpartanSearch?genre=article&amp;issn=&amp;title=MicroStrategy+Stock%27s+Momentum+Is+Fading+Fast.+An+S%26amp%3BP+500+Addition+Seems+Unlikely.&amp;volume=&amp;issue=&amp;date=2024&amp;atitle=MicroStrategy+Stock%27s+Momentum+Is+Fading+Fast.+An+S%26amp%3BP+500+Addition+Seems+Unlikely.&amp;spage=&amp;sid=ProQ%3Aabiglobal&amp;author=Bary,"ABI/INFORM Collection, Research Library"
MicroStrategy Stock Momentum Is Fading Fast; S&P 500 Addition Seems Unlikely,3147191728,Newspapers,"Bary, Andrew",," Copyright 2024 Dow Jones & Company, Inc. All Rights Reserved.", News," Dec 19, 2024",, English, English, New York,"Dec 19, 2024",Barron's (Online),2024,https://esearch.ut.edu/login?url=https://www.proquest.com/newspapers/microstrategy-stock-momentum-is-fading-fast-s-p/docview/3147191728/se-2?accountid=14762,,,,,,,,,https://ut.primo.exlibrisgroup.com/openurl/01UTAMPA_INST/01UTAMPA_INST:SpartanSearch?genre=article&amp;issn=&amp;title=MicroStrategy+Stock+Momentum+Is+Fading+Fast%3B+S%26P+500+Addition+Seems+Unlikely&amp;volume=&amp;issue=&amp;date=2024&amp;atitle=MicroStrategy+Stock+Momentum+Is+Fading+Fast%3B+S%26amp%3BP+500+Addition+Seems+Unlikely&amp;spage=&amp;sid=ProQ%3Aabiglobal&amp;author=Bary,"ABI/INFORM Collection, Research Library"
"Dow Jones, S&P 500 Claw Back; Palantir Climbs As Telehealth Name Topples (Live Coverage)",3147062988,Newspapers,"Koenig, Kimberley"," NVidia Corp , Palantir Technologies"," © 2024. Investor’s Business Daily, LLC All rights reserved", News," Dec 19, 2024",, English, English, Los Angeles,"Dec 19, 2024",Investor's Business Daily (Online),2024,https://esearch.ut.edu/login?url=https://www.proquest.com/newspapers/dow-jones-s-amp-p-500-claw-back-palantir-climbs/docview/3147062988/se-2?accountid=14762," 52321 Securities and Commodity Exchanges , 72251 Restaurants and Other Eating Places"," 52321 Securities and Commodity Exchanges , 72251 Restaurants and Other Eating Places",," 52321 Securities and Commodity Exchanges , 72251 Restaurants and Other Eating Places",," 52321 Securities and Commodity Exchanges , 72251 Restaurants and Other Eating Places"," Dow Jones averages , FINANCE , ECONOMICS , INDUSTRY , FINANCE , SUSTAINABILITY , SUSTAINABILITY , Telemedicine , SUSTAINABILITY , New York , United States--US",,https://ut.primo.exlibrisgroup.com/openurl/01UTAMPA_INST/01UTAMPA_INST:SpartanSearch?genre=article&amp;issn=&amp;title=Dow+Jones%2C+S%26amp%3BP+500+Claw+Back%3B+Palantir+Climbs+As+Telehealth+Name+Topples+%28Live+Coverage%29&amp;volume=&amp;issue=&amp;date=2024&amp;atitle=Dow+Jones%2C+S%26amp%3BP+500+Claw+Back%3B+Palantir+Climbs+As+Telehealth+Name+Topples+%28Live+Coverage%29&amp;spage=&amp;sid=ProQ%3Aabitrade&amp;author=Koenig,ABI/INFORM Collection
"Could the S&P 500 close at 7,000 by the end of next year? How investors should read rosy 2025 projections. Wall Street forecasts another year of gains after stellar back-to-back returns in 2024 and 2023",3146879236,Newspapers,"Wang, Isabel"," UBS AG , Deutsche Bank AG"," Copyright 2024 MarketWatch, Inc.  All Rights Reserved.", News," Dec 19, 2024",, English, English, South Brunswick,"Dec 19, 2024",MarketWatch,2024,https://esearch.ut.edu/login?url=https://www.proquest.com/newspapers/could-s-amp-p-500-close-at-7-000-end-next-year/docview/3146879236/se-2?accountid=14762," 52394 Portfolio Management and Investment Advice , 52321 Securities and Commodity Exchanges"," 52394 Portfolio Management and Investment Advice , 52321 Securities and Commodity Exchanges",," 52394 Portfolio Management and Investment Advice , 52321 Securities and Commodity Exchanges",," 52394 Portfolio Management and Investment Advice , 52321 Securities and Commodity Exchanges"," FINANCE , Investments , Estimates , FINANCE , FINANCE , SUSTAINABILITY , Dow Jones averages , ECONOMICS , FINANCE , Financial executives , Investors , FINANCE , BANKING , Trump, Donald J , United States--US",,https://ut.primo.exlibrisgroup.com/openurl/01UTAMPA_INST/01UTAMPA_INST:SpartanSearch?genre=article&amp;issn=&amp;title=Could+the+S%26amp%3BP+500+close+at+7%2C000+by+the+end+of+next+year%3F+How+investors+should+read+rosy+2025+projections.+Wall+Street+forecasts+another+year+of+gains+after+stellar+back-to-back+returns+in+2024+and+2023&amp;volume=&amp;issue=&amp;date=2024&amp;atitle=Could+the+S%26amp%3BP+500+close+at+7%2C000+by+the+end+of+next+year%3F+How+investors+should+read+rosy+2025+projections.+Wall+Street+forecasts+another+year+of+gains+after+stellar+back-to-back+returns+in+2024+and+2023&amp;spage=&amp;sid=ProQ%3Aabidateline&amp;author=Wang,ABI/INFORM Collection
"Lennox To Join S&P 500 Index, Replacing Catalent",3146584198,Newspapers,"Carson, Ed",," © 2024. Investor’s Business Daily, LLC All rights reserved", News," Dec 19, 2024",, English, English, Los Angeles,"Dec 19, 2024",Investor's Business Daily (Online),2024,https://esearch.ut.edu/login?url=https://www.proquest.com/newspapers/lennox-join-s-amp-p-500-index-replacing-catalent/docview/3146584198/se-2?accountid=14762,,,,,,," FINANCE , FINANCE , FINANCE",,https://ut.primo.exlibrisgroup.com/openurl/01UTAMPA_INST/01UTAMPA_INST:SpartanSearch?genre=article&amp;issn=&amp;title=Lennox+To+Join+S%26amp%3BP+500+Index%2C+Replacing+Catalent&amp;volume=&amp;issue=&amp;date=2024&amp;atitle=Lennox+To+Join+S%26amp%3BP+500+Index%2C+Replacing+Catalent&amp;spage=&amp;sid=ProQ%3Aabitrade&amp;author=Carson,ABI/INFORM Collection
"This industrials company is joining the S&P 500 soon; Lennox is in, Catalent is out as deal with Novo Nordisk closes",3146569817,Newspapers,"Assis, Claudia"," Lennox International Inc , Novo Nordisk AS"," Copyright 2024 MarketWatch, Inc.  All Rights Reserved.", News," Dec 18, 2024",, English, English, South Brunswick,"Dec 18, 2024",MarketWatch,2024,https://esearch.ut.edu/login?url=https://www.proquest.com/newspapers/this-industrials-company-is-joining-s-amp-p-500/docview/3146569817/se-2?accountid=14762,,,,,,, PSYCHOLOGY,,https://ut.primo.exlibrisgroup.com/openurl/01UTAMPA_INST/01UTAMPA_INST:SpartanSearch?genre=article&amp;issn=&amp;title=This+industrials+company+is+joining+the+S%26amp%3BP+500+soon%3B+Lennox+is+in%2C+Catalent+is+out+as+deal+with+Novo+Nordisk+closes&amp;volume=&amp;issue=&amp;date=2024&amp;atitle=This+industrials+company+is+joining+the+S%26amp%3BP+500+soon%3B+Lennox+is+in%2C+Catalent+is+out+as+deal+with+Novo+Nordisk+closes&amp;spage=&amp;sid=ProQ%3Aabidateline&amp;author=Assis,ABI/INFORM Collection
"Fed Signals More Rate Cuts In 2025, But S&P 500 Slides On This Worry",3146515327,Newspapers,"Graham, Jed", CME Group Inc," © 2024. Investor’s Business Daily, LLC All rights reserved", News," Dec 18, 2024",, English, English, Los Angeles,"Dec 18, 2024",Investor's Business Daily (Online),2024,https://esearch.ut.edu/login?url=https://www.proquest.com/newspapers/fed-signals-more-rate-cuts-2025-s-amp-p-500/docview/3146515327/se-2?accountid=14762," 92111 Executive Offices , 92113 Public Finance Activities , 52111 Monetary Authorities-Central Bank , 52321 Securities and Commodity Exchanges"," 92111 Executive Offices , 92113 Public Finance Activities , 52111 Monetary Authorities-Central Bank , 52321 Securities and Commodity Exchanges",," 92111 Executive Offices , 92113 Public Finance Activities , 52111 Monetary Authorities-Central Bank , 52321 Securities and Commodity Exchanges",," 92111 Executive Offices , 92113 Public Finance Activities , 52111 Monetary Authorities-Central Bank , 52321 Securities and Commodity Exchanges"," SUSTAINABILITY , ECONOMICS , ECONOMICS , ECONOMICS , ECONOMICS , ECONOMICS , ACCTAX , ECONOMICS , SUSTAINABILITY , ECONOMICS , FINANCE , ECONOMICS , FINANCE , ECONOMICS , Press conferences , ECONOMICS , ECONOMICS , ECONOMICS , Trump, Donald J , United States--US",,https://ut.primo.exlibrisgroup.com/openurl/01UTAMPA_INST/01UTAMPA_INST:SpartanSearch?genre=article&amp;issn=&amp;title=Fed+Signals+More+Rate+Cuts+In+2025%2C+But+S%26amp%3BP+500+Slides+On+This+Worry&amp;volume=&amp;issue=&amp;date=2024&amp;atitle=Fed+Signals+More+Rate+Cuts+In+2025%2C+But+S%26amp%3BP+500+Slides+On+This+Worry&amp;spage=&amp;sid=ProQ%3Aabitrade&amp;author=Graham,ABI/INFORM Collection
"Could the S&P 500 close at 7,000 by the end of next year? How investors should read rosy 2025 projections. Wall Street forecasts another year of gains after stellar back-to-back returns in 2024 and 2023",3146494363,Newspapers,"Wang, Isabel"," UBS AG , Deutsche Bank AG"," Copyright 2024 MarketWatch, Inc.  All Rights Reserved.", News," Dec 18, 2024",, English, English, South Brunswick,"Dec 18, 2024",MarketWatch,2024,https://esearch.ut.edu/login?url=https://www.proquest.com/newspapers/could-s-amp-p-500-close-at-7-000-end-next-year/docview/3146494363/se-2?accountid=14762," 52394 Portfolio Management and Investment Advice , 52321 Securities and Commodity Exchanges"," 52394 Portfolio Management and Investment Advice , 52321 Securities and Commodity Exchanges",," 52394 Portfolio Management and Investment Advice , 52321 Securities and Commodity Exchanges",," 52394 Portfolio Management and Investment Advice , 52321 Securities and Commodity Exchanges"," FINANCE , Investments , Estimates , FINANCE , FINANCE , SUSTAINABILITY , Dow Jones averages , ECONOMICS , FINANCE , Financial executives , Investors , FINANCE , BANKING , Trump, Donald J , United States--US",,https://ut.primo.exlibrisgroup.com/openurl/01UTAMPA_INST/01UTAMPA_INST:SpartanSearch?genre=article&amp;issn=&amp;title=Could+the+S%26amp%3BP+500+close+at+7%2C000+by+the+end+of+next+year%3F+How+investors+should+read+rosy+2025+projections.+Wall+Street+forecasts+another+year+of+gains+after+stellar+back-to-back+returns+in+2024+and+2023&amp;volume=&amp;issue=&amp;date=2024&amp;atitle=Could+the+S%26amp%3BP+500+close+at+7%2C000+by+the+end+of+next+year%3F+How+investors+should+read+rosy+2025+projections.+Wall+Street+forecasts+another+year+of+gains+after+stellar+back-to-back+returns+in+2024+and+2023&amp;spage=&amp;sid=ProQ%3Aabidateline&amp;author=Wang,ABI/INFORM Collection
Fed Meeting Preview: This Cut May Be The Last; Shades Of 1996 For The S&P 500?,3146458289,Newspapers,"Graham, Jed", Deutsche Bank AG," © 2024. Investor’s Business Daily, LLC All rights reserved", News," Dec 18, 2024",, English, English, Los Angeles,"Dec 18, 2024",Investor's Business Daily (Online),2024,https://esearch.ut.edu/login?url=https://www.proquest.com/newspapers/fed-meeting-preview-this-cut-may-be-last-shades/docview/3146458289/se-2?accountid=14762," 92113 Public Finance Activities , 52111 Monetary Authorities-Central Bank"," 92113 Public Finance Activities , 52111 Monetary Authorities-Central Bank",," 92113 Public Finance Activities , 52111 Monetary Authorities-Central Bank",," 92113 Public Finance Activities , 52111 Monetary Authorities-Central Bank"," FINANCE , ECONOMICS , ECONOMICS , SUSTAINABILITY , ECONOMICS , ACCTAX , FINANCE , United States--US",,https://ut.primo.exlibrisgroup.com/openurl/01UTAMPA_INST/01UTAMPA_INST:SpartanSearch?genre=article&amp;issn=&amp;title=Fed+Meeting+Preview%3A+This+Cut+May+Be+The+Last%3B+Shades+Of+1996+For+The+S%26amp%3BP+500%3F&amp;volume=&amp;issue=&amp;date=2024&amp;atitle=Fed+Meeting+Preview%3A+This+Cut+May+Be+The+Last%3B+Shades+Of+1996+For+The+S%26amp%3BP+500%3F&amp;spage=&amp;sid=ProQ%3Aabitrade&amp;author=Graham,ABI/INFORM Collection
Fed Meeting Preview: This Cut May Be The Last; Shades Of 1996 For The S&P 500?,3145750143,Newspapers,"Graham, Jed", Deutsche Bank AG," © 2024. Investor’s Business Daily, LLC All rights reserved", News," Dec 17, 2024",, English, English, Los Angeles,"Dec 17, 2024",Investor's Business Daily (Online),2024,https://esearch.ut.edu/login?url=https://www.proquest.com/newspapers/fed-meeting-preview-this-cut-may-be-last-shades/docview/3145750143/se-2?accountid=14762," 92113 Public Finance Activities , 52111 Monetary Authorities-Central Bank"," 92113 Public Finance Activities , 52111 Monetary Authorities-Central Bank",," 92113 Public Finance Activities , 52111 Monetary Authorities-Central Bank",," 92113 Public Finance Activities , 52111 Monetary Authorities-Central Bank"," FINANCE , ECONOMICS , ECONOMICS , SUSTAINABILITY , ECONOMICS , ACCTAX , FINANCE , United States--US",,https://ut.primo.exlibrisgroup.com/openurl/01UTAMPA_INST/01UTAMPA_INST:SpartanSearch?genre=article&amp;issn=&amp;title=Fed+Meeting+Preview%3A+This+Cut+May+Be+The+Last%3B+Shades+Of+1996+For+The+S%26amp%3BP+500%3F&amp;volume=&amp;issue=&amp;date=2024&amp;atitle=Fed+Meeting+Preview%3A+This+Cut+May+Be+The+Last%3B+Shades+Of+1996+For+The+S%26amp%3BP+500%3F&amp;spage=&amp;sid=ProQ%3Aabitrade&amp;author=Graham,ABI/INFORM Collection
"Palantir's high valuation paints a stark picture of the S&P 500's priciest picks; A close look at the most expensive stocks in the S&P 500 may surprise you, even building a value case for Nvidia",3145563890,Newspapers,Philip van Doorn," Blackstone Inc , MSCI Barra , Cadence Design Systems Inc , Visa Inc , Axon Enterprise Inc , Crowdstrike , Palantir Technologies , Tesla Inc , Fair Isaac Corp , Service-now.com Inc , Intuitive Surgical Inc , Kohlberg Kravis Roberts & Co LP , Eli Lilly & Co , CME Group Inc , Broadcom Inc , Arista Networks Inc , Verisk Analytics Inc , NVidia Corp , MasterCard Inc"," Copyright 2024 MarketWatch, Inc.  All Rights Reserved.", News," Dec 17, 2024",, English, English, South Brunswick,"Dec 17, 2024",MarketWatch,2024,https://esearch.ut.edu/login?url=https://www.proquest.com/newspapers/palantirs-high-valuation-paints-stark-picture-s/docview/3145563890/se-2?accountid=14762,,,,,,," FINANCE , FINANCE , FINANCE",,https://ut.primo.exlibrisgroup.com/openurl/01UTAMPA_INST/01UTAMPA_INST:SpartanSearch?genre=article&amp;issn=&amp;title=Palantir%27s+high+valuation+paints+a+stark+picture+of+the+S%26amp%3BP+500%27s+priciest+picks%3B+A+close+look+at+the+most+expensive+stocks+in+the+S%26amp%3BP+500+may+surprise+you%2C+even+building+a+value+case+for+Nvidia&amp;volume=&amp;issue=&amp;date=2024&amp;atitle=Palantir%27s+high+valuation+paints+a+stark+picture+of+the+S%26amp%3BP+500%27s+priciest+picks%3B+A+close+look+at+the+most+expensive+stocks+in+the+S%26amp%3BP+500+may+surprise+you%2C+even+building+a+value+case+for+Nvidia&amp;spage=&amp;sid=ProQ%3Aabidateline&amp;author=Philip+van+Doorn,ABI/INFORM Collection
Four hidden gems in the stock market from a five-star fund manager; Investors might be well served by expanding beyond the S&P 500,3145286385,Newspapers,Philip van Doorn," CarGurus Inc , Globus Medical Inc , Texas Roadhouse Inc"," Copyright 2024 MarketWatch, Inc.  All Rights Reserved.", News," Dec 17, 2024",, English, English, South Brunswick,"Dec 17, 2024",MarketWatch,2024,https://esearch.ut.edu/login?url=https://www.proquest.com/newspapers/four-hidden-gems-stock-market-five-star-fund/docview/3145286385/se-2?accountid=14762," 52591 Open-End Investment Funds , 52321 Securities and Commodity Exchanges , 72251 Restaurants and Other Eating Places"," 52591 Open-End Investment Funds , 52321 Securities and Commodity Exchanges , 72251 Restaurants and Other Eating Places",," 52591 Open-End Investment Funds , 52321 Securities and Commodity Exchanges , 72251 Restaurants and Other Eating Places",," 52591 Open-End Investment Funds , 52321 Securities and Commodity Exchanges , 72251 Restaurants and Other Eating Places"," FINANCE , FINANCE , ACCTAX , FINANCE , SUSTAINABILITY , ACCTAX , SUSTAINABILITY , FINANCE , SUSTAINABILITY , INDUSTRY , SUSTAINABILITY , Investors , SUSTAINABILITY , Texas , United States--US",,https://ut.primo.exlibrisgroup.com/openurl/01UTAMPA_INST/01UTAMPA_INST:SpartanSearch?genre=article&amp;issn=&amp;title=Four+hidden+gems+in+the+stock+market+from+a+five-star+fund+manager%3B+Investors+might+be+well+served+by+expanding+beyond+the+S%26amp%3BP+500&amp;volume=&amp;issue=&amp;date=2024&amp;atitle=Four+hidden+gems+in+the+stock+market+from+a+five-star+fund+manager%3B+Investors+might+be+well+served+by+expanding+beyond+the+S%26amp%3BP+500&amp;spage=&amp;sid=ProQ%3Aabidateline&amp;author=Philip+van+Doorn,ABI/INFORM Collection
Four hidden gems in the stock market from a five-star fund manager; Investors might be well served by expanding beyond the S&P 500,3145126003,Newspapers,Philip van Doorn," CarGurus Inc , Globus Medical Inc , Texas Roadhouse Inc"," Copyright 2024 MarketWatch, Inc.  All Rights Reserved.", News," Dec 16, 2024",, English, English, South Brunswick,"Dec 16, 2024",MarketWatch,2024,https://esearch.ut.edu/login?url=https://www.proquest.com/newspapers/four-hidden-gems-stock-market-five-star-fund/docview/3145126003/se-2?accountid=14762," 52591 Open-End Investment Funds , 52321 Securities and Commodity Exchanges , 72251 Restaurants and Other Eating Places"," 52591 Open-End Investment Funds , 52321 Securities and Commodity Exchanges , 72251 Restaurants and Other Eating Places",," 52591 Open-End Investment Funds , 52321 Securities and Commodity Exchanges , 72251 Restaurants and Other Eating Places",," 52591 Open-End Investment Funds , 52321 Securities and Commodity Exchanges , 72251 Restaurants and Other Eating Places"," FINANCE , FINANCE , ACCTAX , FINANCE , SUSTAINABILITY , ACCTAX , SUSTAINABILITY , FINANCE , SUSTAINABILITY , INDUSTRY , SUSTAINABILITY , Investors , SUSTAINABILITY , Texas , United States--US",,https://ut.primo.exlibrisgroup.com/openurl/01UTAMPA_INST/01UTAMPA_INST:SpartanSearch?genre=article&amp;issn=&amp;title=Four+hidden+gems+in+the+stock+market+from+a+five-star+fund+manager%3B+Investors+might+be+well+served+by+expanding+beyond+the+S%26amp%3BP+500&amp;volume=&amp;issue=&amp;date=2024&amp;atitle=Four+hidden+gems+in+the+stock+market+from+a+five-star+fund+manager%3B+Investors+might+be+well+served+by+expanding+beyond+the+S%26amp%3BP+500&amp;spage=&amp;sid=ProQ%3Aabidateline&amp;author=Philip+van+Doorn,ABI/INFORM Collection
"'The odds of winning are far better than a trip to Vegas': I'm 76, still working and playing the stock market. Am I gambling? 'I've been doing it for a couple years, and I have even beat the S&P 500'",3145107639,Newspapers,"Fottrell, Quentin", NVidia Corp," Copyright 2024 MarketWatch, Inc.  All Rights Reserved.", News," Dec 16, 2024",, English, English, South Brunswick,"Dec 16, 2024",MarketWatch,2024,https://esearch.ut.edu/login?url=https://www.proquest.com/newspapers/odds-winning-are-far-better-than-trip-vegas-im-76/docview/3145107639/se-2?accountid=14762," 71321 Casinos (except Casino Hotels) , 52321 Securities and Commodity Exchanges"," 71321 Casinos (except Casino Hotels) , 52321 Securities and Commodity Exchanges",," 71321 Casinos (except Casino Hotels) , 52321 Securities and Commodity Exchanges",," 71321 Casinos (except Casino Hotels) , 52321 Securities and Commodity Exchanges"," FINANCE , PSYCHOLOGY , INDUSTRY , Investments , SUSTAINABILITY , Games , Investors , FINANCE",,https://ut.primo.exlibrisgroup.com/openurl/01UTAMPA_INST/01UTAMPA_INST:SpartanSearch?genre=article&amp;issn=&amp;title=%27The+odds+of+winning+are+far+better+than+a+trip+to+Vegas%27%3A+I%27m+76%2C+still+working+and+playing+the+stock+market.+Am+I+gambling%3F+%27I%27ve+been+doing+it+for+a+couple+years%2C+and+I+have+even+beat+the+S%26amp%3BP+500%27&amp;volume=&amp;issue=&amp;date=2024&amp;atitle=%27The+odds+of+winning+are+far+better+than+a+trip+to+Vegas%27%3A+I%27m+76%2C+still+working+and+playing+the+stock+market.+Am+I+gambling%3F+%27I%27ve+been+doing+it+for+a+couple+years%2C+and+I+have+even+beat+the+S%26amp%3BP+500%27&amp;spage=&amp;sid=ProQ%3Aabidateline&amp;author=Fottrell,ABI/INFORM Collection
"The S&P 500 at 4,800? That's what some Wall Street experts predicted — for 2024. Your best stock-market advice for 2025? Pay no attention to stock-market predictions, which are frequently — and comically — wrong.",3144368314,Newspapers,"Hulbert, Mark", NVidia Corp," Copyright 2024 MarketWatch, Inc.  All Rights Reserved.", News," Dec 14, 2024",, English, English, South Brunswick,"Dec 14, 2024",MarketWatch,2024,https://esearch.ut.edu/login?url=https://www.proquest.com/newspapers/s-amp-p-500-at-4-800-thats-what-some-wall-street/docview/3144368314/se-2?accountid=14762, 52394 Portfolio Management and Investment Advice, 52394 Portfolio Management and Investment Advice,, 52394 Portfolio Management and Investment Advice,, 52394 Portfolio Management and Investment Advice," ECONOMICS , SUSTAINABILITY , FINANCE",,https://ut.primo.exlibrisgroup.com/openurl/01UTAMPA_INST/01UTAMPA_INST:SpartanSearch?genre=article&amp;issn=&amp;title=The+S%26amp%3BP+500+at+4%2C800%3F+That%27s+what+some+Wall+Street+experts+predicted+%E2%80%94+for+2024.+Your+best+stock-market+advice+for+2025%3F+Pay+no+attention+to+stock-market+predictions%2C+which+are+frequently+%E2%80%94+and+comically+%E2%80%94+wrong.&amp;volume=&amp;issue=&amp;date=2024&amp;atitle=The+S%26amp%3BP+500+at+4%2C800%3F+That%27s+what+some+Wall+Street+experts+predicted+%26mdash%3B+for+2024.+Your+best+stock-market+advice+for+2025%3F+Pay+no+attention+to+stock-market+predictions%2C+which+are+frequently+%26mdash%3B+and+comically+%26mdash%3B+wrong.&amp;spage=&amp;sid=ProQ%3Aabidateline&amp;author=Hulbert,ABI/INFORM Collection
This hasn't happened to U.S. stocks in more than 20 years — here's why investors should be concerned; The number of stocks in the S&P 500 that are falling has surpassed the number that are rising for 9 straight sessions,3144341231,Newspapers,"Adinolfi, Joseph",," Copyright 2024 MarketWatch, Inc.  All Rights Reserved.", News," Dec 14, 2024",, English, English, South Brunswick,"Dec 14, 2024",MarketWatch,2024,https://esearch.ut.edu/login?url=https://www.proquest.com/newspapers/this-hasnt-happened-u-s-stocks-more-than-20-years/docview/3144341231/se-2?accountid=14762, 52321 Securities and Commodity Exchanges, 52321 Securities and Commodity Exchanges,, 52321 Securities and Commodity Exchanges,, 52321 Securities and Commodity Exchanges," Dow Jones averages , FINANCE , Investments , Investors , United States--US",,https://ut.primo.exlibrisgroup.com/openurl/01UTAMPA_INST/01UTAMPA_INST:SpartanSearch?genre=article&amp;issn=&amp;title=This+hasn%27t+happened+to+U.S.+stocks+in+more+than+20+years+%E2%80%94+here%27s+why+investors+should+be+concerned%3B+The+number+of+stocks+in+the+S%26amp%3BP+500+that+are+falling+has+surpassed+the+number+that+are+rising+for+9+straight+sessions&amp;volume=&amp;issue=&amp;date=2024&amp;atitle=This+hasn%27t+happened+to+U.S.+stocks+in+more+than+20+years+%26mdash%3B+here%27s+why+investors+should+be+concerned%3B+The+number+of+stocks+in+the+S%26amp%3BP+500+that+are+falling+has+surpassed+the+number+that+are+rising+for+9+straight+sessions&amp;spage=&amp;sid=ProQ%3Aabidateline&amp;author=Adinolfi,ABI/INFORM Collection
S&P 500 Banking Giant Leads Five Stocks To Watch Amid Market Rally,3144332368,Newspapers,"Norton, Kit"," Goldman Sachs Group Inc , Broadcom Inc , TechnipFMC PLC , NVidia Corp"," © 2024. Investor’s Business Daily, LLC All rights reserved", News," Dec 14, 2024",, English, English, Los Angeles,"Dec 14, 2024",Investor's Business Daily (Online),2024,https://esearch.ut.edu/login?url=https://www.proquest.com/newspapers/s-amp-p-500-banking-giant-leads-five-stocks-watch/docview/3144332368/se-2?accountid=14762, 52321 Securities and Commodity Exchanges, 52321 Securities and Commodity Exchanges,, 52321 Securities and Commodity Exchanges,, 52321 Securities and Commodity Exchanges," FINANCE , Software , Wide area networks , Investments , SUSTAINABILITY , Semiconductors , SUSTAINABILITY , FINANCE , Dow Jones averages , FINANCE , Political campaigns , Investors , Trump, Donald J , United States--US , Taiwan",,https://ut.primo.exlibrisgroup.com/openurl/01UTAMPA_INST/01UTAMPA_INST:SpartanSearch?genre=article&amp;issn=&amp;title=S%26amp%3BP+500+Banking+Giant+Leads+Five+Stocks+To+Watch+Amid+Market+Rally&amp;volume=&amp;issue=&amp;date=2024&amp;atitle=S%26amp%3BP+500+Banking+Giant+Leads+Five+Stocks+To+Watch+Amid+Market+Rally&amp;spage=&amp;sid=ProQ%3Aabitrade&amp;author=Norton,ABI/INFORM Collection
"These 10 most-loved S&P 500 stocks could see as much as 50% upside in 2025; Some of the highest-rated stocks are plays on rapid sales growth, but there are also value-oriented names on the list",3144306284,Newspapers,Philip van Doorn," Delta Air Lines Inc , Microsoft Corp , Walmart Inc , Amazon.com Inc , Axon Enterprise Inc , Micron Technology Inc , GE Aerospace , NVidia Corp , Becton Dickinson & Co , SLB Ltd"," Copyright 2024 MarketWatch, Inc.  All Rights Reserved.", News," Dec 14, 2024",, English, English, South Brunswick,"Dec 14, 2024",MarketWatch,2024,https://esearch.ut.edu/login?url=https://www.proquest.com/newspapers/these-10-most-loved-s-amp-p-500-stocks-could-see/docview/3144306284/se-2?accountid=14762,,,,,,," SUSTAINABILITY , FINANCE , SUSTAINABILITY",,https://ut.primo.exlibrisgroup.com/openurl/01UTAMPA_INST/01UTAMPA_INST:SpartanSearch?genre=article&amp;issn=&amp;title=These+10+most-loved+S%26amp%3BP+500+stocks+could+see+as+much+as+50%25+upside+in+2025%3B+Some+of+the+highest-rated+stocks+are+plays+on+rapid+sales+growth%2C+but+there+are+also+value-oriented+names+on+the+list&amp;volume=&amp;issue=&amp;date=2024&amp;atitle=These+10+most-loved+S%26amp%3BP+500+stocks+could+see+as+much+as+50%25+upside+in+2025%3B+Some+of+the+highest-rated+stocks+are+plays+on+rapid+sales+growth%2C+but+there+are+also+value-oriented+names+on+the+list&amp;spage=&amp;sid=ProQ%3Aabidateline&amp;author=Philip+van+Doorn,ABI/INFORM Collection
Investing Action Plan: Notes On Underestimating The S&P 500,3144155767,Newspapers,"Elliott, Alan R"," Nike Inc , FedEx Corp"," © 2024. Investor’s Business Daily, LLC All rights reserved", News," Dec 13, 2024",, English, English, Los Angeles,"Dec 13, 2024",Investor's Business Daily (Online),2024,https://esearch.ut.edu/login?url=https://www.proquest.com/newspapers/investing-action-plan-notes-on-underestimating-s/docview/3144155767/se-2?accountid=14762, 52321 Securities and Commodity Exchanges, 52321 Securities and Commodity Exchanges,, 52321 Securities and Commodity Exchanges,, 52321 Securities and Commodity Exchanges," FINANCE , FINANCE , Investments , Semiconductors , FINANCE , SUSTAINABILITY , OPERATIONS , INSURANCE , FINANCE , Investors , Taiwan",,https://ut.primo.exlibrisgroup.com/openurl/01UTAMPA_INST/01UTAMPA_INST:SpartanSearch?genre=article&amp;issn=&amp;title=Investing+Action+Plan%3A+Notes+On+Underestimating+The+S%26amp%3BP+500&amp;volume=&amp;issue=&amp;date=2024&amp;atitle=Investing+Action+Plan%3A+Notes+On+Underestimating+The+S%26amp%3BP+500&amp;spage=&amp;sid=ProQ%3Aabitrade&amp;author=Elliott,ABI/INFORM Collection
"Fed Gets Green Light For Rate Cut From CPI, PPI, Jobless Claims; S&P 500 Pauses",3144140310,Newspapers,"Graham, Jed",," © 2024. Investor’s Business Daily, LLC All rights reserved", News," Dec 13, 2024",, English, English, Los Angeles,"Dec 13, 2024",Investor's Business Daily (Online),2024,https://esearch.ut.edu/login?url=https://www.proquest.com/newspapers/fed-gets-green-light-rate-cut-cpi-ppi-jobless/docview/3144140310/se-2?accountid=14762," 92113 Public Finance Activities , 52111 Monetary Authorities-Central Bank , 52321 Securities and Commodity Exchanges"," 92113 Public Finance Activities , 52111 Monetary Authorities-Central Bank , 52321 Securities and Commodity Exchanges",," 92113 Public Finance Activities , 52111 Monetary Authorities-Central Bank , 52321 Securities and Commodity Exchanges",," 92113 Public Finance Activities , 52111 Monetary Authorities-Central Bank , 52321 Securities and Commodity Exchanges"," FINANCE , ECONOMICS , FINANCE , HUMANRESOURCES , ECONOMICS , INDUSTRY , ECONOMICS , ECONOMICS , ECONOMICS , ECONOMICS , ECONOMICS , FINANCE , United States--US",,https://ut.primo.exlibrisgroup.com/openurl/01UTAMPA_INST/01UTAMPA_INST:SpartanSearch?genre=article&amp;issn=&amp;title=Fed+Gets+Green+Light+For+Rate+Cut+From+CPI%2C+PPI%2C+Jobless+Claims%3B+S%26amp%3BP+500+Pauses&amp;volume=&amp;issue=&amp;date=2024&amp;atitle=Fed+Gets+Green+Light+For+Rate+Cut+From+CPI%2C+PPI%2C+Jobless+Claims%3B+S%26amp%3BP+500+Pauses&amp;spage=&amp;sid=ProQ%3Aabitrade&amp;author=Graham,ABI/INFORM Collection
"Three Signs This Growth Stock Is Set To Extend 115% Run After Trouncing Apple, S&P 500",3144140298,Newspapers,"Ramakrishnan, Vidya",," © 2024. Investor’s Business Daily, LLC All rights reserved", News," Dec 13, 2024",, English, English, Los Angeles,"Dec 13, 2024",Investor's Business Daily (Online),2024,https://esearch.ut.edu/login?url=https://www.proquest.com/newspapers/three-signs-this-growth-stock-is-set-extend-115/docview/3144140298/se-2?accountid=14762,,,,,,," FINANCE , Growth funds , SUSTAINABILITY , SUSTAINABILITY , FINANCE",,https://ut.primo.exlibrisgroup.com/openurl/01UTAMPA_INST/01UTAMPA_INST:SpartanSearch?genre=article&amp;issn=&amp;title=Three+Signs+This+Growth+Stock+Is+Set+To+Extend+115%25+Run+After+Trouncing+Apple%2C+S%26amp%3BP+500&amp;volume=&amp;issue=&amp;date=2024&amp;atitle=Three+Signs+This+Growth+Stock+Is+Set+To+Extend+115%25+Run+After+Trouncing+Apple%2C+S%26amp%3BP+500&amp;spage=&amp;sid=ProQ%3Aabitrade&amp;author=Ramakrishnan,ABI/INFORM Collection
S&P 500 Nuclear Leader Constellation Energy Tops Indexes After Upgrade,3144140249,Newspapers,"Norton, Kit", Constellation Energy Group Inc," © 2024. Investor’s Business Daily, LLC All rights reserved", News," Dec 13, 2024",, English, English, Los Angeles,"Dec 13, 2024",Investor's Business Daily (Online),2024,https://esearch.ut.edu/login?url=https://www.proquest.com/newspapers/s-amp-p-500-nuclear-leader-constellation-energy/docview/3144140249/se-2?accountid=14762,,,,,,," FINANCE , OPERATIONS , SUSTAINABILITY , FINANCE , SUSTAINABILITY , FINANCE , SUSTAINABILITY , United States--US",,https://ut.primo.exlibrisgroup.com/openurl/01UTAMPA_INST/01UTAMPA_INST:SpartanSearch?genre=article&amp;issn=&amp;title=S%26amp%3BP+500+Nuclear+Leader+Constellation+Energy+Tops+Indexes+After+Upgrade&amp;volume=&amp;issue=&amp;date=2024&amp;atitle=S%26amp%3BP+500+Nuclear+Leader+Constellation+Energy+Tops+Indexes+After+Upgrade&amp;spage=&amp;sid=ProQ%3Aabitrade&amp;author=Norton,ABI/INFORM Collection
Apple and Alphabet Led the S&P 500 in Stock Buybacks,3144075924,Newspapers,"Bary, Andrew",," Copyright 2024 Dow Jones & Company, Inc. All Rights Reserved.", News," Dec 13, 2024",, English, English, New York,"Dec 13, 2024",Barron's (Online),2024,https://esearch.ut.edu/login?url=https://www.proquest.com/newspapers/apple-alphabet-led-s-amp-p-500-stock-buybacks/docview/3144075924/se-2?accountid=14762,,,,,,," FINANCE , FINANCE",,https://ut.primo.exlibrisgroup.com/openurl/01UTAMPA_INST/01UTAMPA_INST:SpartanSearch?genre=article&amp;issn=&amp;title=Apple+and+Alphabet+Led+the+S%26amp%3BP+500+in+Stock+Buybacks&amp;volume=&amp;issue=&amp;date=2024&amp;atitle=Apple+and+Alphabet+Led+the+S%26amp%3BP+500+in+Stock+Buybacks&amp;spage=&amp;sid=ProQ%3Aabiglobal&amp;author=Bary,"ABI/INFORM Collection, Research Library"
The S&P 500 Isn't as Strong as It Looks. Why Markets May Face a Santa Slump.,3143705568,Newspapers,," Comcast Corp , Warner Bros Entertainment Inc , Securities & Exchange Commission , Warner Bros Discovery , Broadcom Inc"," Copyright 2024 Dow Jones & Company, Inc. All Rights Reserved.", News," Dec 13, 2024",, English, English, New York,"Dec 13, 2024",Barron's (Online),2024,https://esearch.ut.edu/login?url=https://www.proquest.com/newspapers/s-amp-p-500-isnt-as-strong-looks-why-markets-may/docview/3143705568/se-2?accountid=14762," 51621 Media Streaming Distribution Services, Social Networks, and Other Media Networks and Content Providers , 51711 Wired and Wireless Telecommunications Carriers (except Satellite) , 52321 Securities and Commodity Exchanges"," 51621 Media Streaming Distribution Services, Social Networks, and Other Media Networks and Content Providers , 51711 Wired and Wireless Telecommunications Carriers (except Satellite) , 52321 Securities and Commodity Exchanges",," 51621 Media Streaming Distribution Services, Social Networks, and Other Media Networks and Content Providers , 51711 Wired and Wireless Telecommunications Carriers (except Satellite) , 52321 Securities and Commodity Exchanges",," 51621 Media Streaming Distribution Services, Social Networks, and Other Media Networks and Content Providers , 51711 Wired and Wireless Telecommunications Carriers (except Satellite) , 52321 Securities and Commodity Exchanges"," Software , Investments , Real estate sales , Semiconductors , Homeowners , Prices , FINANCE , ECONOMICS , Investors , BUSINESSLAW , FINANCE , SUSTAINABILITY , INDUSTRY , ECONOMICS , FINANCE , INDUSTRY , MARKETING , OPERATIONS , Grand Rapids Michigan , United States--US",,https://ut.primo.exlibrisgroup.com/openurl/01UTAMPA_INST/01UTAMPA_INST:SpartanSearch?genre=article&amp;issn=&amp;title=The+S%26amp%3BP+500+Isn%27t+as+Strong+as+It+Looks.+Why+Markets+May+Face+a+Santa+Slump.&amp;volume=&amp;issue=&amp;date=2024&amp;atitle=The+S%26amp%3BP+500+Isn%27t+as+Strong+as+It+Looks.+Why+Markets+May+Face+a+Santa+Slump.&amp;spage=&amp;sid=ProQ%3Aabiglobal&amp;author=,"ABI/INFORM Collection, Research Library"
"'The odds of winning are far better than a trip to Vegas': I'm 76, still working and playing the stock market. Am I gambling? 'I've been doing it for a couple years, and I have even beat the S&P 500'",3143698294,Newspapers,"Fottrell, Quentin", NVidia Corp," Copyright 2024 MarketWatch, Inc.  All Rights Reserved.", News," Dec 13, 2024",, English, English, South Brunswick,"Dec 13, 2024",MarketWatch,2024,https://esearch.ut.edu/login?url=https://www.proquest.com/newspapers/odds-winning-are-far-better-than-trip-vegas-im-76/docview/3143698294/se-2?accountid=14762," 71321 Casinos (except Casino Hotels) , 52321 Securities and Commodity Exchanges"," 71321 Casinos (except Casino Hotels) , 52321 Securities and Commodity Exchanges",," 71321 Casinos (except Casino Hotels) , 52321 Securities and Commodity Exchanges",," 71321 Casinos (except Casino Hotels) , 52321 Securities and Commodity Exchanges"," FINANCE , PSYCHOLOGY , INDUSTRY , Investments , SUSTAINABILITY , Investors , Games , FINANCE",,https://ut.primo.exlibrisgroup.com/openurl/01UTAMPA_INST/01UTAMPA_INST:SpartanSearch?genre=article&amp;issn=&amp;title=%27The+odds+of+winning+are+far+better+than+a+trip+to+Vegas%27%3A+I%27m+76%2C+still+working+and+playing+the+stock+market.+Am+I+gambling%3F+%27I%27ve+been+doing+it+for+a+couple+years%2C+and+I+have+even+beat+the+S%26amp%3BP+500%27&amp;volume=&amp;issue=&amp;date=2024&amp;atitle=%27The+odds+of+winning+are+far+better+than+a+trip+to+Vegas%27%3A+I%27m+76%2C+still+working+and+playing+the+stock+market.+Am+I+gambling%3F+%27I%27ve+been+doing+it+for+a+couple+years%2C+and+I+have+even+beat+the+S%26amp%3BP+500%27&amp;spage=&amp;sid=ProQ%3Aabidateline&amp;author=Fottrell,ABI/INFORM Collection
This hasn't happened to U.S. stocks in more than 20 years — here's why investors should be concerned; The number of stocks in the S&P 500 that are falling has surpassed the number that are rising for 9 straight sessions,3143623442,Newspapers,"Adinolfi, Joseph",," Copyright 2024 MarketWatch, Inc.  All Rights Reserved.", News," Dec 13, 2024",, English, English, South Brunswick,"Dec 13, 2024",MarketWatch,2024,https://esearch.ut.edu/login?url=https://www.proquest.com/newspapers/this-hasnt-happened-u-s-stocks-more-than-20-years/docview/3143623442/se-2?accountid=14762, 52321 Securities and Commodity Exchanges, 52321 Securities and Commodity Exchanges,, 52321 Securities and Commodity Exchanges,, 52321 Securities and Commodity Exchanges," Dow Jones averages , FINANCE , Investments , Investors , United States--US",,https://ut.primo.exlibrisgroup.com/openurl/01UTAMPA_INST/01UTAMPA_INST:SpartanSearch?genre=article&amp;issn=&amp;title=This+hasn%27t+happened+to+U.S.+stocks+in+more+than+20+years+%E2%80%94+here%27s+why+investors+should+be+concerned%3B+The+number+of+stocks+in+the+S%26amp%3BP+500+that+are+falling+has+surpassed+the+number+that+are+rising+for+9+straight+sessions&amp;volume=&amp;issue=&amp;date=2024&amp;atitle=This+hasn%27t+happened+to+U.S.+stocks+in+more+than+20+years+%26mdash%3B+here%27s+why+investors+should+be+concerned%3B+The+number+of+stocks+in+the+S%26amp%3BP+500+that+are+falling+has+surpassed+the+number+that+are+rising+for+9+straight+sessions&amp;spage=&amp;sid=ProQ%3Aabidateline&amp;author=Adinolfi,ABI/INFORM Collection
"US stocks rally is likely to slow as 'euphoria' fades, say big banks: Equities. Tech caution Wall Street strategists forecast S&amp;P 500 will rise 8% by end of next year after huge 2024 gain",3153956654,Newspapers,"Novik, Mari;Uddin, Rafe"," Goldman Sachs Group Inc , Morgan Stanley , NVidia Corp , Deutsche Bank AG"," Copyright The Financial Times Limited Dec 12, 2024", News," Dec 12, 2024",0307-1766, English, English, London (UK),"Dec 12, 2024",Financial Times,2024,https://esearch.ut.edu/login?url=https://www.proquest.com/newspapers/us-stocks-rally-is-likely-slow-as-euphoria-fades/docview/3153956654/se-2?accountid=14762,,,,, 15,," FINANCE , Investments , Investors , ECONOMICS , United States--US",,https://ut.primo.exlibrisgroup.com/openurl/01UTAMPA_INST/01UTAMPA_INST:SpartanSearch?genre=article&amp;issn=03071766&amp;title=US+stocks+rally+is+likely+to+slow+as+%27euphoria%27+fades%2C+say+big+banks&amp;volume=&amp;issue=&amp;date=2024&amp;atitle=US+stocks+rally+is+likely+to+slow+as+%27euphoria%27+fades%2C+say+big+banks%3A+Equities.+Tech+caution+Wall+Street+strategists+forecast+S%26amp%3BP+500+will+rise+8%25+by+end+of+next+year+after+huge+2024+gain&amp;spage=15&amp;sid=ProQ%3Aabiglobal&amp;author=Novik,ABI/INFORM Collection
This hasn't happened to U.S. stocks in more than 20 years — here's why investors should be concerned; The number of stocks in the S&P 500 that are falling has surpassed the number that are rising for 9 straight sessions,3143408135,Newspapers,"Adinolfi, Joseph",," Copyright 2024 MarketWatch, Inc.  All Rights Reserved.", News," Dec 12, 2024",, English, English, South Brunswick,"Dec 12, 2024",MarketWatch,2024,https://esearch.ut.edu/login?url=https://www.proquest.com/newspapers/this-hasnt-happened-u-s-stocks-more-than-20-years/docview/3143408135/se-2?accountid=14762, 52321 Securities and Commodity Exchanges, 52321 Securities and Commodity Exchanges,, 52321 Securities and Commodity Exchanges,, 52321 Securities and Commodity Exchanges," Dow Jones averages , FINANCE , Investments , Investors , United States--US",,https://ut.primo.exlibrisgroup.com/openurl/01UTAMPA_INST/01UTAMPA_INST:SpartanSearch?genre=article&amp;issn=&amp;title=This+hasn%27t+happened+to+U.S.+stocks+in+more+than+20+years+%E2%80%94+here%27s+why+investors+should+be+concerned%3B+The+number+of+stocks+in+the+S%26amp%3BP+500+that+are+falling+has+surpassed+the+number+that+are+rising+for+9+straight+sessions&amp;volume=&amp;issue=&amp;date=2024&amp;atitle=This+hasn%27t+happened+to+U.S.+stocks+in+more+than+20+years+%26mdash%3B+here%27s+why+investors+should+be+concerned%3B+The+number+of+stocks+in+the+S%26amp%3BP+500+that+are+falling+has+surpassed+the+number+that+are+rising+for+9+straight+sessions&amp;spage=&amp;sid=ProQ%3Aabidateline&amp;author=Adinolfi,ABI/INFORM Collection
"Wall Street today: S&P 500, Nasdaq slid at US market open as investors eye economic data ahead of Fed meeting",3143377090,Newspapers,,," Copyright HT Digital Streams Limited Dec 12, 2024", News," Dec 12, 2024",, English, English, New Delhi,"Dec 12, 2024",Mint,2024,https://esearch.ut.edu/login?url=https://www.proquest.com/newspapers/wall-street-today-s-amp-p-500-nasdaq-slid-at-us/docview/3143377090/se-2?accountid=14762," 92113 Public Finance Activities , 52111 Monetary Authorities-Central Bank"," 92113 Public Finance Activities , 52111 Monetary Authorities-Central Bank",," 92113 Public Finance Activities , 52111 Monetary Authorities-Central Bank",," 92113 Public Finance Activities , 52111 Monetary Authorities-Central Bank"," ECONOMICS , United States--US",,https://ut.primo.exlibrisgroup.com/openurl/01UTAMPA_INST/01UTAMPA_INST:SpartanSearch?genre=article&amp;issn=&amp;title=Wall+Street+today%3A+S%26amp%3BP+500%2C+Nasdaq+slid+at+US+market+open+as+investors+eye+economic+data+ahead+of+Fed+meeting&amp;volume=&amp;issue=&amp;date=2024&amp;atitle=Wall+Street+today%3A+S%26amp%3BP+500%2C+Nasdaq+slid+at+US+market+open+as+investors+eye+economic+data+ahead+of+Fed+meeting&amp;spage=&amp;sid=ProQ%3Aabiglobal&amp;author=,ABI/INFORM Collection
"These 10 most-loved S&P 500 stocks could see as much as 50% upside in 2025; Some of the highest-rated stocks are plays on rapid sales growth, but there are also value-oriented names on the list",3143206309,Newspapers,Philip van Doorn," Delta Air Lines Inc , Microsoft Corp , Walmart Inc , Amazon.com Inc , Axon Enterprise Inc , Micron Technology Inc , GE Aerospace , NVidia Corp , Becton Dickinson & Co , SLB Ltd"," Copyright 2024 MarketWatch, Inc.  All Rights Reserved.", News," Dec 12, 2024",, English, English, South Brunswick,"Dec 12, 2024",MarketWatch,2024,https://esearch.ut.edu/login?url=https://www.proquest.com/newspapers/these-10-most-loved-s-amp-p-500-stocks-could-see/docview/3143206309/se-2?accountid=14762,,,,,,," SUSTAINABILITY , FINANCE , SUSTAINABILITY",,https://ut.primo.exlibrisgroup.com/openurl/01UTAMPA_INST/01UTAMPA_INST:SpartanSearch?genre=article&amp;issn=&amp;title=These+10+most-loved+S%26amp%3BP+500+stocks+could+see+as+much+as+50%25+upside+in+2025%3B+Some+of+the+highest-rated+stocks+are+plays+on+rapid+sales+growth%2C+but+there+are+also+value-oriented+names+on+the+list&amp;volume=&amp;issue=&amp;date=2024&amp;atitle=These+10+most-loved+S%26amp%3BP+500+stocks+could+see+as+much+as+50%25+upside+in+2025%3B+Some+of+the+highest-rated+stocks+are+plays+on+rapid+sales+growth%2C+but+there+are+also+value-oriented+names+on+the+list&amp;spage=&amp;sid=ProQ%3Aabidateline&amp;author=Philip+van+Doorn,ABI/INFORM Collection
"'The odds of winning are far better than a trip to Vegas': I'm 76, still working and playing the stock market. Am I gambling? 'I've been doing it for a couple years, and I have even beat the S&P 500'",3143193287,Newspapers,"Fottrell, Quentin", NVidia Corp," Copyright 2024 MarketWatch, Inc.  All Rights Reserved.", News," Dec 12, 2024",, English, English, South Brunswick,"Dec 12, 2024",MarketWatch,2024,https://esearch.ut.edu/login?url=https://www.proquest.com/newspapers/odds-winning-are-far-better-than-trip-vegas-im-76/docview/3143193287/se-2?accountid=14762," 71321 Casinos (except Casino Hotels) , 52321 Securities and Commodity Exchanges"," 71321 Casinos (except Casino Hotels) , 52321 Securities and Commodity Exchanges",," 71321 Casinos (except Casino Hotels) , 52321 Securities and Commodity Exchanges",," 71321 Casinos (except Casino Hotels) , 52321 Securities and Commodity Exchanges"," FINANCE , PSYCHOLOGY , INDUSTRY , Investments , SUSTAINABILITY , Investors , Games , FINANCE",,https://ut.primo.exlibrisgroup.com/openurl/01UTAMPA_INST/01UTAMPA_INST:SpartanSearch?genre=article&amp;issn=&amp;title=%27The+odds+of+winning+are+far+better+than+a+trip+to+Vegas%27%3A+I%27m+76%2C+still+working+and+playing+the+stock+market.+Am+I+gambling%3F+%27I%27ve+been+doing+it+for+a+couple+years%2C+and+I+have+even+beat+the+S%26amp%3BP+500%27&amp;volume=&amp;issue=&amp;date=2024&amp;atitle=%27The+odds+of+winning+are+far+better+than+a+trip+to+Vegas%27%3A+I%27m+76%2C+still+working+and+playing+the+stock+market.+Am+I+gambling%3F+%27I%27ve+been+doing+it+for+a+couple+years%2C+and+I+have+even+beat+the+S%26amp%3BP+500%27&amp;spage=&amp;sid=ProQ%3Aabidateline&amp;author=Fottrell,ABI/INFORM Collection
Trump to ring NYSE opening bell Thursday. Here's how stocks performed in his first term. S&P 500's gain during Trump's first term in office narrowly tops the index's advance under Biden but falls short of its rise during Obama's first term,3143063987,Newspapers,"Reklaitis, Victor"," Time Inc , New York Stock Exchange--NYSE"," Copyright 2024 MarketWatch, Inc.  All Rights Reserved.", News," Dec 12, 2024",, English, English, South Brunswick,"Dec 12, 2024",MarketWatch,2024,https://esearch.ut.edu/login?url=https://www.proquest.com/newspapers/trump-ring-nyse-opening-bell-thursday-heres-how/docview/3143063987/se-2?accountid=14762, 92111 Executive Offices, 92111 Executive Offices,, 92111 Executive Offices,, 92111 Executive Offices," Presidential inaugurations , Presidential elections , Magazines , United States--US , Biden, Joseph R Jr , Obama, Barack",,https://ut.primo.exlibrisgroup.com/openurl/01UTAMPA_INST/01UTAMPA_INST:SpartanSearch?genre=article&amp;issn=&amp;title=Trump+to+ring+NYSE+opening+bell+Thursday.+Here%27s+how+stocks+performed+in+his+first+term.+S%26amp%3BP+500%27s+gain+during+Trump%27s+first+term+in+office+narrowly+tops+the+index%27s+advance+under+Biden+but+falls+short+of+its+rise+during+Obama%27s+first+term&amp;volume=&amp;issue=&amp;date=2024&amp;atitle=Trump+to+ring+NYSE+opening+bell+Thursday.+Here%27s+how+stocks+performed+in+his+first+term.+S%26amp%3BP+500%27s+gain+during+Trump%27s+first+term+in+office+narrowly+tops+the+index%27s+advance+under+Biden+but+falls+short+of+its+rise+during+Obama%27s+first+term&amp;spage=&amp;sid=ProQ%3Aabidateline&amp;author=Reklaitis,ABI/INFORM Collection
Oppenheimer sets Wall Street's highest S&P 500 price target as it eyes 17% upside for stocks in 2025,3142968915,Newspapers,"Cloonan, Kelly",," Copyright Insider, Inc. 2024", News," Dec 11, 2024",, English, English, New York,"Dec 11, 2024",Business Insider,2024,https://esearch.ut.edu/login?url=https://www.proquest.com/newspapers/oppenheimer-sets-wall-streets-highest-s-amp-p-500/docview/3142968915/se-2?accountid=14762,,," mi-exclusive , oppenheimer , sp-500 , s-p-500-target , stock-market-outlook , stock-market , stock-market-outlook-2025 , us-stocks",,,," FINANCE , SUSTAINABILITY"," mi-exclusive , oppenheimer , sp-500 , s-p-500-target , stock-market-outlook , stock-market , stock-market-outlook-2025 , us-stocks",https://ut.primo.exlibrisgroup.com/openurl/01UTAMPA_INST/01UTAMPA_INST:SpartanSearch?genre=article&amp;issn=&amp;title=Oppenheimer+sets+Wall+Street%27s+highest+S%26amp%3BP+500+price+target+as+it+eyes+17%25+upside+for+stocks+in+2025&amp;volume=&amp;issue=&amp;date=2024&amp;atitle=Oppenheimer+sets+Wall+Street%27s+highest+S%26amp%3BP+500+price+target+as+it+eyes+17%25+upside+for+stocks+in+2025&amp;spage=&amp;sid=ProQ%3Aabidateline&amp;author=Cloonan,ABI/INFORM Collection
One of Wall Street's biggest bulls sees the S&P 500 soaring 16% early next year before a sharp sell-off in the 2nd half,3142968683,Newspapers,"Fox, Matthew",," Copyright Insider, Inc. 2024", News," Dec 11, 2024",, English, English, New York,"Dec 11, 2024",Business Insider,2024,https://esearch.ut.edu/login?url=https://www.proquest.com/newspapers/one-wall-streets-biggest-bulls-sees-s-amp-p-500/docview/3142968683/se-2?accountid=14762," 92113 Public Finance Activities , 52111 Monetary Authorities-Central Bank"," 92113 Public Finance Activities , 52111 Monetary Authorities-Central Bank"," mi-exclusive , stock-market-outlook , stock-market-2025-outlook , stock-market-analysis , stock-market , analyst-note , sp-500 , fundstrat"," 92113 Public Finance Activities , 52111 Monetary Authorities-Central Bank",," 92113 Public Finance Activities , 52111 Monetary Authorities-Central Bank"," FINANCE , ECONOMICS , SUSTAINABILITY , FINANCE , ECONOMICS"," mi-exclusive , stock-market-outlook , stock-market-2025-outlook , stock-market-analysis , stock-market , analyst-note , sp-500 , fundstrat",https://ut.primo.exlibrisgroup.com/openurl/01UTAMPA_INST/01UTAMPA_INST:SpartanSearch?genre=article&amp;issn=&amp;title=One+of+Wall+Street%27s+biggest+bulls+sees+the+S%26amp%3BP+500+soaring+16%25+early+next+year+before+a+sharp+sell-off+in+the+2nd+half&amp;volume=&amp;issue=&amp;date=2024&amp;atitle=One+of+Wall+Street%27s+biggest+bulls+sees+the+S%26amp%3BP+500+soaring+16%25+early+next+year+before+a+sharp+sell-off+in+the+2nd+half&amp;spage=&amp;sid=ProQ%3Aabidateline&amp;author=Fox,ABI/INFORM Collection
Trump to ring NYSE opening bell Thursday. Here's how stocks performed in his first term. S&P 500's gain during Trump's first term in office tops the index's advance under Biden but falls short of its rise during Obama's first term,3142966648,Newspapers,"Reklaitis, Victor", New York Stock Exchange--NYSE," Copyright 2024 MarketWatch, Inc.  All Rights Reserved.", News," Dec 11, 2024",, English, English, South Brunswick,"Dec 11, 2024",MarketWatch,2024,https://esearch.ut.edu/login?url=https://www.proquest.com/newspapers/trump-ring-nyse-opening-bell-thursday-heres-how/docview/3142966648/se-2?accountid=14762,,,,,,," Presidential inaugurations , United States--US",,https://ut.primo.exlibrisgroup.com/openurl/01UTAMPA_INST/01UTAMPA_INST:SpartanSearch?genre=article&amp;issn=&amp;title=Trump+to+ring+NYSE+opening+bell+Thursday.+Here%27s+how+stocks+performed+in+his+first+term.+S%26amp%3BP+500%27s+gain+during+Trump%27s+first+term+in+office+tops+the+index%27s+advance+under+Biden+but+falls+short+of+its+rise+during+Obama%27s+first+term&amp;volume=&amp;issue=&amp;date=2024&amp;atitle=Trump+to+ring+NYSE+opening+bell+Thursday.+Here%27s+how+stocks+performed+in+his+first+term.+S%26amp%3BP+500%27s+gain+during+Trump%27s+first+term+in+office+tops+the+index%27s+advance+under+Biden+but+falls+short+of+its+rise+during+Obama%27s+first+term&amp;spage=&amp;sid=ProQ%3Aabidateline&amp;author=Reklaitis,ABI/INFORM Collection
"These 10 most-loved S&P 500 stocks could see as much as 50% upside in 2025; Some of the highest-rated stocks are plays on rapid sales growth, but there are also value-oriented names on the list",3142925996,Newspapers,Philip van Doorn," Delta Air Lines Inc , Microsoft Corp , Walmart Inc , Amazon.com Inc , Axon Enterprise Inc , Micron Technology Inc , GE Aerospace , NVidia Corp , Becton Dickinson & Co , SLB Ltd"," Copyright 2024 MarketWatch, Inc.  All Rights Reserved.", News," Dec 11, 2024",, English, English, South Brunswick,"Dec 11, 2024",MarketWatch,2024,https://esearch.ut.edu/login?url=https://www.proquest.com/newspapers/these-10-most-loved-s-amp-p-500-stocks-could-see/docview/3142925996/se-2?accountid=14762,,,,,,," SUSTAINABILITY , FINANCE , SUSTAINABILITY",,https://ut.primo.exlibrisgroup.com/openurl/01UTAMPA_INST/01UTAMPA_INST:SpartanSearch?genre=article&amp;issn=&amp;title=These+10+most-loved+S%26amp%3BP+500+stocks+could+see+as+much+as+50%25+upside+in+2025%3B+Some+of+the+highest-rated+stocks+are+plays+on+rapid+sales+growth%2C+but+there+are+also+value-oriented+names+on+the+list&amp;volume=&amp;issue=&amp;date=2024&amp;atitle=These+10+most-loved+S%26amp%3BP+500+stocks+could+see+as+much+as+50%25+upside+in+2025%3B+Some+of+the+highest-rated+stocks+are+plays+on+rapid+sales+growth%2C+but+there+are+also+value-oriented+names+on+the+list&amp;spage=&amp;sid=ProQ%3Aabidateline&amp;author=Philip+van+Doorn,ABI/INFORM Collection
"The top 39 stocks expected to beat the S&P 500 by almost 4 times in 2025, according to Goldman Sachs",3142621725,Newspapers,"Maidan, Laila", Goldman Sachs Group Inc," Copyright Insider, Inc. 2024", News," Dec 10, 2024",, English, English, New York,"Dec 10, 2024",Business Insider,2024,https://esearch.ut.edu/login?url=https://www.proquest.com/newspapers/top-39-stocks-expected-beat-s-amp-p-500-almost-4/docview/3142621725/se-2?accountid=14762, 52321 Securities and Commodity Exchanges, 52321 Securities and Commodity Exchanges," limited-synd , markets , investing , stocks-to-buy , goldman-sachs , top-stocks , stock-market , stock-picking , stock-trading", 52321 Securities and Commodity Exchanges,, 52321 Securities and Commodity Exchanges," FINANCE , FINANCE , SUSTAINABILITY"," limited-synd , markets , investing , stocks-to-buy , goldman-sachs , top-stocks , stock-market , stock-picking , stock-trading",https://ut.primo.exlibrisgroup.com/openurl/01UTAMPA_INST/01UTAMPA_INST:SpartanSearch?genre=article&amp;issn=&amp;title=The+top+39+stocks+expected+to+beat+the+S%26amp%3BP+500+by+almost+4+times+in+2025%2C+according+to+Goldman+Sachs&amp;volume=&amp;issue=&amp;date=2024&amp;atitle=The+top+39+stocks+expected+to+beat+the+S%26amp%3BP+500+by+almost+4+times+in+2025%2C+according+to+Goldman+Sachs&amp;spage=&amp;sid=ProQ%3Aabidateline&amp;author=Maidan,ABI/INFORM Collection
Cruise Stocks Are Trouncing the S&P 500 This Year. Why That Is.,3142571716,Newspapers,"Dattilo, Emily",," Copyright 2024 Dow Jones & Company, Inc. All Rights Reserved.", News," Dec 10, 2024",, English, English, New York,"Dec 10, 2024",Barron's (Online),2024,https://esearch.ut.edu/login?url=https://www.proquest.com/newspapers/cruise-stocks-are-trouncing-s-amp-p-500-this-year/docview/3142571716/se-2?accountid=14762,,,,,,, FINANCE,,https://ut.primo.exlibrisgroup.com/openurl/01UTAMPA_INST/01UTAMPA_INST:SpartanSearch?genre=article&amp;issn=&amp;title=Cruise+Stocks+Are+Trouncing+the+S%26amp%3BP+500+This+Year.+Why+That+Is.&amp;volume=&amp;issue=&amp;date=2024&amp;atitle=Cruise+Stocks+Are+Trouncing+the+S%26amp%3BP+500+This+Year.+Why+That+Is.&amp;spage=&amp;sid=ProQ%3Aabiglobal&amp;author=Dattilo,"ABI/INFORM Collection, Research Library"
AppLovin's S&P 500 snub makes for the stock's worst day in 2 years; AppLovin's $135 billion market cap and 900% year-to-date surge through Friday's close weren't enough to earn it entry into the benchmark large-cap index,3142273070,Newspapers,"Bary, Emily", Coinbase Inc," Copyright 2024 MarketWatch, Inc.  All Rights Reserved.", News," Dec 9, 2024",, English, English, South Brunswick,"Dec 9, 2024",MarketWatch,2024,https://esearch.ut.edu/login?url=https://www.proquest.com/newspapers/applovins-s-amp-p-500-snub-makes-stocks-worst-day/docview/3142273070/se-2?accountid=14762,,,,,,, Committees,,https://ut.primo.exlibrisgroup.com/openurl/01UTAMPA_INST/01UTAMPA_INST:SpartanSearch?genre=article&amp;issn=&amp;title=AppLovin%27s+S%26amp%3BP+500+snub+makes+for+the+stock%27s+worst+day+in+2+years%3B+AppLovin%27s+%24135+billion+market+cap+and+900%25+year-to-date+surge+through+Friday%27s+close+weren%27t+enough+to+earn+it+entry+into+the+benchmark+large-cap+index&amp;volume=&amp;issue=&amp;date=2024&amp;atitle=AppLovin%27s+S%26amp%3BP+500+snub+makes+for+the+stock%27s+worst+day+in+2+years%3B+AppLovin%27s+%24135+billion+market+cap+and+900%25+year-to-date+surge+through+Friday%27s+close+weren%27t+enough+to+earn+it+entry+into+the+benchmark+large-cap+index&amp;spage=&amp;sid=ProQ%3Aabidateline&amp;author=Bary,ABI/INFORM Collection
"Wall Street has a new high bar for the S&P 500 in 2025. Here's what's driving that. Oppenheimer sets top target at 7,100 for the index",3142250262,Newspapers,"Kollmeyer, Barbara",," Copyright 2024 MarketWatch, Inc.  All Rights Reserved.", News," Dec 9, 2024",, English, English, South Brunswick,"Dec 9, 2024",MarketWatch,2024,https://esearch.ut.edu/login?url=https://www.proquest.com/newspapers/wall-street-has-new-high-bar-s-amp-p-500-2025/docview/3142250262/se-2?accountid=14762,,,,,,, FINANCE,,https://ut.primo.exlibrisgroup.com/openurl/01UTAMPA_INST/01UTAMPA_INST:SpartanSearch?genre=article&amp;issn=&amp;title=Wall+Street+has+a+new+high+bar+for+the+S%26amp%3BP+500+in+2025.+Here%27s+what%27s+driving+that.+Oppenheimer+sets+top+target+at+7%2C100+for+the+index&amp;volume=&amp;issue=&amp;date=2024&amp;atitle=Wall+Street+has+a+new+high+bar+for+the+S%26amp%3BP+500+in+2025.+Here%27s+what%27s+driving+that.+Oppenheimer+sets+top+target+at+7%2C100+for+the+index&amp;spage=&amp;sid=ProQ%3Aabidateline&amp;author=Kollmeyer,ABI/INFORM Collection
"The S&P 500 at 4,800? That's what some Wall Street experts predicted — for 2024. Your best stock-market advice for 2025? Pay no attention to stock-market predictions, which are frequently — and comically — wrong.",3142250261,Newspapers,"Hulbert, Mark", NVidia Corp," Copyright 2024 MarketWatch, Inc.  All Rights Reserved.", News," Dec 9, 2024",, English, English, South Brunswick,"Dec 9, 2024",MarketWatch,2024,https://esearch.ut.edu/login?url=https://www.proquest.com/newspapers/s-amp-p-500-at-4-800-thats-what-some-wall-street/docview/3142250261/se-2?accountid=14762, 52394 Portfolio Management and Investment Advice, 52394 Portfolio Management and Investment Advice,, 52394 Portfolio Management and Investment Advice,, 52394 Portfolio Management and Investment Advice," ECONOMICS , SUSTAINABILITY , FINANCE",,https://ut.primo.exlibrisgroup.com/openurl/01UTAMPA_INST/01UTAMPA_INST:SpartanSearch?genre=article&amp;issn=&amp;title=The+S%26amp%3BP+500+at+4%2C800%3F+That%27s+what+some+Wall+Street+experts+predicted+%E2%80%94+for+2024.+Your+best+stock-market+advice+for+2025%3F+Pay+no+attention+to+stock-market+predictions%2C+which+are+frequently+%E2%80%94+and+comically+%E2%80%94+wrong.&amp;volume=&amp;issue=&amp;date=2024&amp;atitle=The+S%26amp%3BP+500+at+4%2C800%3F+That%27s+what+some+Wall+Street+experts+predicted+%26mdash%3B+for+2024.+Your+best+stock-market+advice+for+2025%3F+Pay+no+attention+to+stock-market+predictions%2C+which+are+frequently+%26mdash%3B+and+comically+%26mdash%3B+wrong.&amp;spage=&amp;sid=ProQ%3Aabidateline&amp;author=Hulbert,ABI/INFORM Collection
"The last major Wall Street S&P 500 forecast has arrived. Here's what Citi expects. Valuations a worry — 'history says to be wary of this starting point,' says Wall Street bank",3142230432,Newspapers,"Kollmeyer, Barbara",," Copyright 2024 MarketWatch, Inc.  All Rights Reserved.", News," Dec 9, 2024",, English, English, South Brunswick,"Dec 9, 2024",MarketWatch,2024,https://esearch.ut.edu/login?url=https://www.proquest.com/newspapers/last-major-wall-street-s-amp-p-500-forecast-has/docview/3142230432/se-2?accountid=14762,,,,,,," FINANCE , SUSTAINABILITY , FINANCE , United States--US",,https://ut.primo.exlibrisgroup.com/openurl/01UTAMPA_INST/01UTAMPA_INST:SpartanSearch?genre=article&amp;issn=&amp;title=The+last+major+Wall+Street+S%26amp%3BP+500+forecast+has+arrived.+Here%27s+what+Citi+expects.+Valuations+a+worry+%E2%80%94+%27history+says+to+be+wary+of+this+starting+point%2C%27+says+Wall+Street+bank&amp;volume=&amp;issue=&amp;date=2024&amp;atitle=The+last+major+Wall+Street+S%26amp%3BP+500+forecast+has+arrived.+Here%27s+what+Citi+expects.+Valuations+a+worry+%26mdash%3B+%27history+says+to+be+wary+of+this+starting+point%2C%27+says+Wall+Street+bank&amp;spage=&amp;sid=ProQ%3Aabidateline&amp;author=Kollmeyer,ABI/INFORM Collection
S&P 500's Strong 2024 Sparks Debate on How Far It Can Rise,3142133809,Newspapers,"Hur, Krystal"," Bank of America Corp , NVidia Corp"," Copyright 2024 Dow Jones & Company, Inc. All Rights Reserved.", News," Dec 9, 2024",0099-9660, English, English," New York, N.Y.","Dec 9, 2024",Wall Street Journal,2024,https://esearch.ut.edu/login?url=https://www.proquest.com/newspapers/s-amp-p-500s-strong-2024-sparks-debate-on-how-far/docview/3142133809/se-2?accountid=14762," 92113 Public Finance Activities , 52111 Monetary Authorities-Central Bank , 52321 Securities and Commodity Exchanges"," 92113 Public Finance Activities , 52111 Monetary Authorities-Central Bank , 52321 Securities and Commodity Exchanges",," 92113 Public Finance Activities , 52111 Monetary Authorities-Central Bank , 52321 Securities and Commodity Exchanges", A.1," 92113 Public Finance Activities , 52111 Monetary Authorities-Central Bank , 52321 Securities and Commodity Exchanges"," FINANCE , Investments , ECONOMICS , FINANCE , ECONOMICS , ECONOMICS , ECONOMICS , FINANCE , Investors , United States--US",,https://ut.primo.exlibrisgroup.com/openurl/01UTAMPA_INST/01UTAMPA_INST:SpartanSearch?genre=article&amp;issn=00999660&amp;title=S%26amp%3BP+500%27s+Strong+2024+Sparks+Debate+on+How+Far+It+Can+Rise&amp;volume=&amp;issue=&amp;date=2024&amp;atitle=S%26amp%3BP+500%27s+Strong+2024+Sparks+Debate+on+How+Far+It+Can+Rise&amp;spage=A.1&amp;sid=ProQ%3Aabiglobal&amp;author=Hur,ABI/INFORM Collection
"Workday, Apollo Global To Join S&P 500 Index, But AppLovin Snubbed",3142091446,Newspapers,"Carson, Ed"," Qorvo Inc , Carpenter Technology Corp"," © 2024. Investor’s Business Daily, LLC All rights reserved", News," Dec 9, 2024",, English, English, Los Angeles,"Dec 9, 2024",Investor's Business Daily (Online),2024,https://esearch.ut.edu/login?url=https://www.proquest.com/newspapers/workday-apollo-global-join-s-amp-p-500-index/docview/3142091446/se-2?accountid=14762, 52321 Securities and Commodity Exchanges, 52321 Securities and Commodity Exchanges,, 52321 Securities and Commodity Exchanges,, 52321 Securities and Commodity Exchanges," FINANCE , FINANCE , FINANCE , FINANCE , FINANCE",,https://ut.primo.exlibrisgroup.com/openurl/01UTAMPA_INST/01UTAMPA_INST:SpartanSearch?genre=article&amp;issn=&amp;title=Workday%2C+Apollo+Global+To+Join+S%26amp%3BP+500+Index%2C+But+AppLovin+Snubbed&amp;volume=&amp;issue=&amp;date=2024&amp;atitle=Workday%2C+Apollo+Global+To+Join+S%26amp%3BP+500+Index%2C+But+AppLovin+Snubbed&amp;spage=&amp;sid=ProQ%3Aabitrade&amp;author=Carson,ABI/INFORM Collection
"Workday, Apollo Global To Join S&P 500 Index, But Not This White-Hot Stock",3142067625,Newspapers,"Carson, Ed"," Qorvo Inc , Carpenter Technology Corp"," © 2024. Investor’s Business Daily, LLC All rights reserved", News," Dec 8, 2024",, English, English, Los Angeles,"Dec 8, 2024",Investor's Business Daily (Online),2024,https://esearch.ut.edu/login?url=https://www.proquest.com/newspapers/workday-apollo-global-join-s-amp-p-500-index-not/docview/3142067625/se-2?accountid=14762,,,,,,," FINANCE , FINANCE , FINANCE",,https://ut.primo.exlibrisgroup.com/openurl/01UTAMPA_INST/01UTAMPA_INST:SpartanSearch?genre=article&amp;issn=&amp;title=Workday%2C+Apollo+Global+To+Join+S%26amp%3BP+500+Index%2C+But+Not+This+White-Hot+Stock&amp;volume=&amp;issue=&amp;date=2024&amp;atitle=Workday%2C+Apollo+Global+To+Join+S%26amp%3BP+500+Index%2C+But+Not+This+White-Hot+Stock&amp;spage=&amp;sid=ProQ%3Aabitrade&amp;author=Carson,ABI/INFORM Collection
"'All the pieces are in place for this bull market to end': A technical strategist who called the S&P 500's surge to 6,000 warns that stocks are a negative catalyst away from a 20% drop",3141790322,Newspapers,"Edwards, William",," Copyright Insider, Inc. 2024", News," Dec 7, 2024",, English, English, New York,"Dec 7, 2024",Business Insider,2024,https://esearch.ut.edu/login?url=https://www.proquest.com/newspapers/all-pieces-are-place-this-bull-market-end/docview/3141790322/se-2?accountid=14762, 52321 Securities and Commodity Exchanges, 52321 Securities and Commodity Exchanges," limited-synd , investing , stock-market-crash , sevens-report-research , stock-valuations , stock-market-bubble , technical-analysis , s-p-500-outlook , david-rosenberg", 52321 Securities and Commodity Exchanges,, 52321 Securities and Commodity Exchanges," FINANCE , FINANCE , Investments , FINANCE , FINANCE , ECONOMICS , ECONOMICS , PSYCHOLOGY"," limited-synd , investing , stock-market-crash , sevens-report-research , stock-valuations , stock-market-bubble , technical-analysis , s-p-500-outlook , david-rosenberg",https://ut.primo.exlibrisgroup.com/openurl/01UTAMPA_INST/01UTAMPA_INST:SpartanSearch?genre=article&amp;issn=&amp;title=%27All+the+pieces+are+in+place+for+this+bull+market+to+end%27%3A+A+technical+strategist+who+called+the+S%26amp%3BP+500%27s+surge+to+6%2C000+warns+that+stocks+are+a+negative+catalyst+away+from+a+20%25+drop&amp;volume=&amp;issue=&amp;date=2024&amp;atitle=%27All+the+pieces+are+in+place+for+this+bull+market+to+end%27%3A+A+technical+strategist+who+called+the+S%26amp%3BP+500%27s+surge+to+6%2C000+warns+that+stocks+are+a+negative+catalyst+away+from+a+20%25+drop&amp;spage=&amp;sid=ProQ%3Aabidateline&amp;author=Edwards,ABI/INFORM Collection
"These stocks aren't likely to beat the S&P 500 next year — for this one reason; Difficult-to-short stocks often trade at artificially inflated, unsustainable prices",3141769163,Newspapers,"Hulbert, Mark",," Copyright 2024 MarketWatch, Inc.  All Rights Reserved.", News," Dec 7, 2024",, English, English, South Brunswick,"Dec 7, 2024",MarketWatch,2024,https://esearch.ut.edu/login?url=https://www.proquest.com/newspapers/these-stocks-arent-likely-beat-s-amp-p-500-next/docview/3141769163/se-2?accountid=14762,,,,,,," FINANCE , Researchers , SUSTAINABILITY",,https://ut.primo.exlibrisgroup.com/openurl/01UTAMPA_INST/01UTAMPA_INST:SpartanSearch?genre=article&amp;issn=&amp;title=These+stocks+aren%27t+likely+to+beat+the+S%26amp%3BP+500+next+year+%E2%80%94+for+this+one+reason%3B+Difficult-to-short+stocks+often+trade+at+artificially+inflated%2C+unsustainable+prices&amp;volume=&amp;issue=&amp;date=2024&amp;atitle=These+stocks+aren%27t+likely+to+beat+the+S%26amp%3BP+500+next+year+%26mdash%3B+for+this+one+reason%3B+Difficult-to-short+stocks+often+trade+at+artificially+inflated%2C+unsustainable+prices&amp;spage=&amp;sid=ProQ%3Aabidateline&amp;author=Hulbert,ABI/INFORM Collection
"The next S&P 500 shake-up could usher in Coinbase, Block, or these other stocks; The S&P 500 index committee makes quarterly changes, with Robinhood and Vertiv among companies that meet the criteria. But choosing new entrants is 'more art than science.'",3141742328,Newspapers,"Bary, Emily;Philip van Doorn"," Workday Inc , Coinbase Inc , Carvana"," Copyright 2024 MarketWatch, Inc.  All Rights Reserved.", News," Dec 7, 2024",, English, English, South Brunswick,"Dec 7, 2024",MarketWatch,2024,https://esearch.ut.edu/login?url=https://www.proquest.com/newspapers/next-s-amp-p-500-shake-up-could-usher-coinbase/docview/3141742328/se-2?accountid=14762," 52591 Open-End Investment Funds , 52321 Securities and Commodity Exchanges"," 52591 Open-End Investment Funds , 52321 Securities and Commodity Exchanges",," 52591 Open-End Investment Funds , 52321 Securities and Commodity Exchanges",," 52591 Open-End Investment Funds , 52321 Securities and Commodity Exchanges"," FINANCE , PSYCHOLOGY , FINANCE , SUSTAINABILITY , Committees , Candidates , Tuba music , United States--US",,https://ut.primo.exlibrisgroup.com/openurl/01UTAMPA_INST/01UTAMPA_INST:SpartanSearch?genre=article&amp;issn=&amp;title=The+next+S%26amp%3BP+500+shake-up+could+usher+in+Coinbase%2C+Block%2C+or+these+other+stocks%3B+The+S%26amp%3BP+500+index+committee+makes+quarterly+changes%2C+with+Robinhood+and+Vertiv+among+companies+that+meet+the+criteria.+But+choosing+new+entrants+is+%27more+art+than+science.%27&amp;volume=&amp;issue=&amp;date=2024&amp;atitle=The+next+S%26amp%3BP+500+shake-up+could+usher+in+Coinbase%2C+Block%2C+or+these+other+stocks%3B+The+S%26amp%3BP+500+index+committee+makes+quarterly+changes%2C+with+Robinhood+and+Vertiv+among+companies+that+meet+the+criteria.+But+choosing+new+entrants+is+%27more+art+than+science.%27&amp;spage=&amp;sid=ProQ%3Aabidateline&amp;author=Bary,ABI/INFORM Collection
"EXCHANGE --- Markets & Finance -- Friday's Markets: Nasdaq Composite, S&P 500 Set Records --- Monthly jobs report solidified views for a quarter-point Fed rate cut this month",3141640287,Newspapers,"Pitcher, Jack;Barnato, Katy",," Copyright 2024 Dow Jones & Company, Inc. All Rights Reserved.", News," Dec 7, 2024",0099-9660, English, English," New York, N.Y.","Dec 7, 2024",Wall Street Journal,2024,https://esearch.ut.edu/login?url=https://www.proquest.com/newspapers/exchange-markets-amp-finance-fridays-nasdaq/docview/3141640287/se-2?accountid=14762,,,,, B.10,, Dow Jones averages,,https://ut.primo.exlibrisgroup.com/openurl/01UTAMPA_INST/01UTAMPA_INST:SpartanSearch?genre=article&amp;issn=00999660&amp;title=EXCHANGE+---+Markets+%26amp%3B+Finance+--+Friday%27s+Markets%3A+Nasdaq+Composite%2C+S%26amp%3BP+500+Set+Records+---+Monthly+jobs+report+solidified+views+for+a+quarter-point+Fed+rate+cut+this+month&amp;volume=&amp;issue=&amp;date=2024&amp;atitle=EXCHANGE+---+Markets+%26amp%3B+Finance+--+Friday%27s+Markets%3A+Nasdaq+Composite%2C+S%26amp%3BP+500+Set+Records+---+Monthly+jobs+report+solidified+views+for+a+quarter-point+Fed+rate+cut+this+month&amp;spage=B.10&amp;sid=ProQ%3Aabiglobal&amp;author=Pitcher,ABI/INFORM Collection
"Workday, Apollo Global To Join S&P 500 Index, But Not This White-Hot Stock",3141577718,Newspapers,"Carson, Ed"," Qorvo Inc , Carpenter Technology Corp"," © 2024. Investor’s Business Daily, LLC All rights reserved", News," Dec 7, 2024",, English, English, Los Angeles,"Dec 7, 2024",Investor's Business Daily (Online),2024,https://esearch.ut.edu/login?url=https://www.proquest.com/newspapers/workday-apollo-global-join-s-amp-p-500-index-not/docview/3141577718/se-2?accountid=14762,,,,,,," FINANCE , FINANCE , FINANCE",,https://ut.primo.exlibrisgroup.com/openurl/01UTAMPA_INST/01UTAMPA_INST:SpartanSearch?genre=article&amp;issn=&amp;title=Workday%2C+Apollo+Global+To+Join+S%26amp%3BP+500+Index%2C+But+Not+This+White-Hot+Stock&amp;volume=&amp;issue=&amp;date=2024&amp;atitle=Workday%2C+Apollo+Global+To+Join+S%26amp%3BP+500+Index%2C+But+Not+This+White-Hot+Stock&amp;spage=&amp;sid=ProQ%3Aabitrade&amp;author=Carson,ABI/INFORM Collection
"Apollo, Workday shares rally on news they'll join S&P 500. Their fortunes have differed this year. S&P Dow Jones Indices said the moves 'are more representative of the large-cap market space'",3141567554,Newspapers,"Peters, Bill", Qorvo Inc," Copyright 2024 MarketWatch, Inc.  All Rights Reserved.", News," Dec 7, 2024",, English, English, South Brunswick,"Dec 7, 2024",MarketWatch,2024,https://esearch.ut.edu/login?url=https://www.proquest.com/newspapers/apollo-workday-shares-rally-on-news-theyll-join-s/docview/3141567554/se-2?accountid=14762,,,,,,, Investments,,https://ut.primo.exlibrisgroup.com/openurl/01UTAMPA_INST/01UTAMPA_INST:SpartanSearch?genre=article&amp;issn=&amp;title=Apollo%2C+Workday+shares+rally+on+news+they%27ll+join+S%26amp%3BP+500.+Their+fortunes+have+differed+this+year.+S%26amp%3BP+Dow+Jones+Indices+said+the+moves+%27are+more+representative+of+the+large-cap+market+space%27&amp;volume=&amp;issue=&amp;date=2024&amp;atitle=Apollo%2C+Workday+shares+rally+on+news+they%27ll+join+S%26amp%3BP+500.+Their+fortunes+have+differed+this+year.+S%26amp%3BP+Dow+Jones+Indices+said+the+moves+%27are+more+representative+of+the+large-cap+market+space%27&amp;spage=&amp;sid=ProQ%3Aabidateline&amp;author=Peters,ABI/INFORM Collection
Stock market today: S&P 500 ends at record high as November jobs data fuels investor optimism,3141575224,Newspapers,"Sor, Jennifer",," Copyright Insider, Inc. 2024", News," Dec 6, 2024",, English, English, New York,"Dec 6, 2024",Business Insider,2024,https://esearch.ut.edu/login?url=https://www.proquest.com/newspapers/stock-market-today-s-amp-p-500-ends-at-record/docview/3141575224/se-2?accountid=14762,,," mi-exclusive , stock-market-today , stock-market-news-today , daily-market-wrap , job-market , jobs-report , fed-rate-cuts , fed-rate-cuts-outlook , interest-rates , fed-policy",,,," FINANCE , ECONOMICS , ECONOMICS , PSYCHOLOGY , ECONOMICS , United States--US"," mi-exclusive , stock-market-today , stock-market-news-today , daily-market-wrap , job-market , jobs-report , fed-rate-cuts , fed-rate-cuts-outlook , interest-rates , fed-policy",https://ut.primo.exlibrisgroup.com/openurl/01UTAMPA_INST/01UTAMPA_INST:SpartanSearch?genre=article&amp;issn=&amp;title=Stock+market+today%3A+S%26amp%3BP+500+ends+at+record+high+as+November+jobs+data+fuels+investor+optimism&amp;volume=&amp;issue=&amp;date=2024&amp;atitle=Stock+market+today%3A+S%26amp%3BP+500+ends+at+record+high+as+November+jobs+data+fuels+investor+optimism&amp;spage=&amp;sid=ProQ%3Aabidateline&amp;author=Sor,ABI/INFORM Collection
"Workday, Apollo Global To Join S&P 500 Index In Quarterly Balance",3141558359,Newspapers,"Carson, Ed"," Qorvo Inc , Carpenter Technology Corp"," © 2024. Investor’s Business Daily, LLC All rights reserved", News," Dec 6, 2024",, English, English, Los Angeles,"Dec 6, 2024",Investor's Business Daily (Online),2024,https://esearch.ut.edu/login?url=https://www.proquest.com/newspapers/workday-apollo-global-join-s-amp-p-500-index/docview/3141558359/se-2?accountid=14762,,,,,,," FINANCE , FINANCE , FINANCE",,https://ut.primo.exlibrisgroup.com/openurl/01UTAMPA_INST/01UTAMPA_INST:SpartanSearch?genre=article&amp;issn=&amp;title=Workday%2C+Apollo+Global+To+Join+S%26amp%3BP+500+Index+In+Quarterly+Balance&amp;volume=&amp;issue=&amp;date=2024&amp;atitle=Workday%2C+Apollo+Global+To+Join+S%26amp%3BP+500+Index+In+Quarterly+Balance&amp;spage=&amp;sid=ProQ%3Aabitrade&amp;author=Carson,ABI/INFORM Collection
Apollo and Workday are joining the S&P 500. Their shares are rallying. S&P Dow Jones Indices said the moves 'are more representative of the large-cap market space',3141558355,Newspapers,"Peters, Bill",," Copyright 2024 MarketWatch, Inc.  All Rights Reserved.", News," Dec 6, 2024",, English, English, South Brunswick,"Dec 6, 2024",MarketWatch,2024,https://esearch.ut.edu/login?url=https://www.proquest.com/newspapers/apollo-workday-are-joining-s-amp-p-500-their/docview/3141558355/se-2?accountid=14762,,,,,,,,,https://ut.primo.exlibrisgroup.com/openurl/01UTAMPA_INST/01UTAMPA_INST:SpartanSearch?genre=article&amp;issn=&amp;title=Apollo+and+Workday+are+joining+the+S%26amp%3BP+500.+Their+shares+are+rallying.+S%26amp%3BP+Dow+Jones+Indices+said+the+moves+%27are+more+representative+of+the+large-cap+market+space%27&amp;volume=&amp;issue=&amp;date=2024&amp;atitle=Apollo+and+Workday+are+joining+the+S%26amp%3BP+500.+Their+shares+are+rallying.+S%26amp%3BP+Dow+Jones+Indices+said+the+moves+%27are+more+representative+of+the+large-cap+market+space%27&amp;spage=&amp;sid=ProQ%3Aabidateline&amp;author=Peters,ABI/INFORM Collection
"'All the pieces are in place for this bull market to end': A technical strategist who called the S&P 500's surge to 6,000 warns that stocks are a negative catalyst away from a 20% drop",3141556664,Newspapers,"Edwards, William",," Copyright Insider, Inc. 2024", News," Dec 6, 2024",, English, English, New York,"Dec 6, 2024",Business Insider,2024,https://esearch.ut.edu/login?url=https://www.proquest.com/newspapers/all-pieces-are-place-this-bull-market-end/docview/3141556664/se-2?accountid=14762, 52321 Securities and Commodity Exchanges, 52321 Securities and Commodity Exchanges," limited-synd , investing , stock-market-crash , sevens-report-research , stock-valuations , stock-market-bubble , technical-analysis , s-p-500-outlook , david-rosenberg", 52321 Securities and Commodity Exchanges,, 52321 Securities and Commodity Exchanges," FINANCE , FINANCE , Investments , ECONOMICS , FINANCE , FINANCE , ECONOMICS , PSYCHOLOGY"," limited-synd , investing , stock-market-crash , sevens-report-research , stock-valuations , stock-market-bubble , technical-analysis , s-p-500-outlook , david-rosenberg",https://ut.primo.exlibrisgroup.com/openurl/01UTAMPA_INST/01UTAMPA_INST:SpartanSearch?genre=article&amp;issn=&amp;title=%27All+the+pieces+are+in+place+for+this+bull+market+to+end%27%3A+A+technical+strategist+who+called+the+S%26amp%3BP+500%27s+surge+to+6%2C000+warns+that+stocks+are+a+negative+catalyst+away+from+a+20%25+drop&amp;volume=&amp;issue=&amp;date=2024&amp;atitle=%27All+the+pieces+are+in+place+for+this+bull+market+to+end%27%3A+A+technical+strategist+who+called+the+S%26amp%3BP+500%27s+surge+to+6%2C000+warns+that+stocks+are+a+negative+catalyst+away+from+a+20%25+drop&amp;spage=&amp;sid=ProQ%3Aabidateline&amp;author=Edwards,ABI/INFORM Collection
"Apollo Global, Workday to Join S&P 500. Here's Who Didn't Make It.",3141553139,Newspapers,"Bary, Andrew"," Coinbase Inc , Qorvo Inc"," Copyright 2024 Dow Jones & Company, Inc. All Rights Reserved.", News," Dec 6, 2024",, English, English, New York,"Dec 6, 2024",Barron's (Online),2024,https://esearch.ut.edu/login?url=https://www.proquest.com/newspapers/apollo-global-workday-join-s-amp-p-500-heres-who/docview/3141553139/se-2?accountid=14762,,,,,,,,,https://ut.primo.exlibrisgroup.com/openurl/01UTAMPA_INST/01UTAMPA_INST:SpartanSearch?genre=article&amp;issn=&amp;title=Apollo+Global%2C+Workday+to+Join+S%26amp%3BP+500.+Here%27s+Who+Didn%27t+Make+It.&amp;volume=&amp;issue=&amp;date=2024&amp;atitle=Apollo+Global%2C+Workday+to+Join+S%26amp%3BP+500.+Here%27s+Who+Didn%27t+Make+It.&amp;spage=&amp;sid=ProQ%3Aabiglobal&amp;author=Bary,"ABI/INFORM Collection, Research Library"
"Apollo Global, Coinbase, AppLovin Could Be Picked for S&P 500 Today",3141538290,Newspapers,"Bary, Andrew", Coinbase Inc," Copyright 2024 Dow Jones & Company, Inc. All Rights Reserved.", News," Dec 6, 2024",, English, English, New York,"Dec 6, 2024",Barron's (Online),2024,https://esearch.ut.edu/login?url=https://www.proquest.com/newspapers/apollo-global-coinbase-applovin-could-be-picked-s/docview/3141538290/se-2?accountid=14762,,,,,,,,,https://ut.primo.exlibrisgroup.com/openurl/01UTAMPA_INST/01UTAMPA_INST:SpartanSearch?genre=article&amp;issn=&amp;title=Apollo+Global%2C+Coinbase%2C+AppLovin+Could+Be+Picked+for+S%26amp%3BP+500+Today&amp;volume=&amp;issue=&amp;date=2024&amp;atitle=Apollo+Global%2C+Coinbase%2C+AppLovin+Could+Be+Picked+for+S%26amp%3BP+500+Today&amp;spage=&amp;sid=ProQ%3Aabiglobal&amp;author=Bary,"ABI/INFORM Collection, Research Library"
"Jobs Report: Unemployment Rises, Clearing Way For Fed Rate Cut; S&P 500 Gains",3141356337,Newspapers,"Graham, Jed",," © 2024. Investor’s Business Daily, LLC All rights reserved", News," Dec 6, 2024",, English, English, Los Angeles,"Dec 6, 2024",Investor's Business Daily (Online),2024,https://esearch.ut.edu/login?url=https://www.proquest.com/newspapers/jobs-report-unemployment-rises-clearing-way-fed/docview/3141356337/se-2?accountid=14762," 92113 Public Finance Activities , 52111 Monetary Authorities-Central Bank , 52321 Securities and Commodity Exchanges"," 92113 Public Finance Activities , 52111 Monetary Authorities-Central Bank , 52321 Securities and Commodity Exchanges",," 92113 Public Finance Activities , 52111 Monetary Authorities-Central Bank , 52321 Securities and Commodity Exchanges",," 92113 Public Finance Activities , 52111 Monetary Authorities-Central Bank , 52321 Securities and Commodity Exchanges"," FINANCE , HUMANRESOURCES , Trends , HUMANRESOURCES , FINANCE , ECONOMICS , HUMANRESOURCES , ECONOMICS , ECONOMICS , ECONOMICS , ECONOMICS",,https://ut.primo.exlibrisgroup.com/openurl/01UTAMPA_INST/01UTAMPA_INST:SpartanSearch?genre=article&amp;issn=&amp;title=Jobs+Report%3A+Unemployment+Rises%2C+Clearing+Way+For+Fed+Rate+Cut%3B+S%26amp%3BP+500+Gains&amp;volume=&amp;issue=&amp;date=2024&amp;atitle=Jobs+Report%3A+Unemployment+Rises%2C+Clearing+Way+For+Fed+Rate+Cut%3B+S%26amp%3BP+500+Gains&amp;spage=&amp;sid=ProQ%3Aabitrade&amp;author=Graham,ABI/INFORM Collection
"Lululemon, Ulta Beauty Stock Lead S&P 500 On Earnings, Target Hikes",3141356330,Newspapers,"Miller, Harrison"," Ulta Beauty Inc , Lululemon Athletica"," © 2024. Investor’s Business Daily, LLC All rights reserved", News," Dec 6, 2024",, English, English, Los Angeles,"Dec 6, 2024",Investor's Business Daily (Online),2024,https://esearch.ut.edu/login?url=https://www.proquest.com/newspapers/lululemon-ulta-beauty-stock-lead-s-amp-p-500-on/docview/3141356330/se-2?accountid=14762,,,,,,," FINANCE , FINANCE , FINANCE , SUSTAINABILITY",,https://ut.primo.exlibrisgroup.com/openurl/01UTAMPA_INST/01UTAMPA_INST:SpartanSearch?genre=article&amp;issn=&amp;title=Lululemon%2C+Ulta+Beauty+Stock+Lead+S%26amp%3BP+500+On+Earnings%2C+Target+Hikes&amp;volume=&amp;issue=&amp;date=2024&amp;atitle=Lululemon%2C+Ulta+Beauty+Stock+Lead+S%26amp%3BP+500+On+Earnings%2C+Target+Hikes&amp;spage=&amp;sid=ProQ%3Aabitrade&amp;author=Miller,ABI/INFORM Collection
"The next S&P 500 shake-up could usher in Coinbase, Block, or these other stocks; The S&P 500 index committee makes quarterly changes, with Robinhood and Vertiv among companies that meet the criteria. But choosing new entrants is 'more art than science.'",3141331365,Newspapers,"Bary, Emily;Philip van Doorn"," Workday Inc , Coinbase Inc , Carvana"," Copyright 2024 MarketWatch, Inc.  All Rights Reserved.", News," Dec 6, 2024",, English, English, South Brunswick,"Dec 6, 2024",MarketWatch,2024,https://esearch.ut.edu/login?url=https://www.proquest.com/newspapers/next-s-amp-p-500-shake-up-could-usher-coinbase/docview/3141331365/se-2?accountid=14762," 52591 Open-End Investment Funds , 52321 Securities and Commodity Exchanges"," 52591 Open-End Investment Funds , 52321 Securities and Commodity Exchanges",," 52591 Open-End Investment Funds , 52321 Securities and Commodity Exchanges",," 52591 Open-End Investment Funds , 52321 Securities and Commodity Exchanges"," FINANCE , PSYCHOLOGY , FINANCE , SUSTAINABILITY , Committees , Candidates , Tuba music , United States--US",,https://ut.primo.exlibrisgroup.com/openurl/01UTAMPA_INST/01UTAMPA_INST:SpartanSearch?genre=article&amp;issn=&amp;title=The+next+S%26amp%3BP+500+shake-up+could+usher+in+Coinbase%2C+Block%2C+or+these+other+stocks%3B+The+S%26amp%3BP+500+index+committee+makes+quarterly+changes%2C+with+Robinhood+and+Vertiv+among+companies+that+meet+the+criteria.+But+choosing+new+entrants+is+%27more+art+than+science.%27&amp;volume=&amp;issue=&amp;date=2024&amp;atitle=The+next+S%26amp%3BP+500+shake-up+could+usher+in+Coinbase%2C+Block%2C+or+these+other+stocks%3B+The+S%26amp%3BP+500+index+committee+makes+quarterly+changes%2C+with+Robinhood+and+Vertiv+among+companies+that+meet+the+criteria.+But+choosing+new+entrants+is+%27more+art+than+science.%27&amp;spage=&amp;sid=ProQ%3Aabidateline&amp;author=Bary,ABI/INFORM Collection
This market maven raised his S&P 500 target three times this year. Now he says there's too many bulls; Contrarian indicators are making Ed Yardeni wary of a short-term pullback for stocks,3141304998,Newspapers,"Chisholm, Jamie", AMC Entertainment Holdings Inc," Copyright 2024 MarketWatch, Inc.  All Rights Reserved.", News," Dec 6, 2024",, English, English, South Brunswick,"Dec 6, 2024",MarketWatch,2024,https://esearch.ut.edu/login?url=https://www.proquest.com/newspapers/this-market-maven-raised-his-s-amp-p-500-target/docview/3141304998/se-2?accountid=14762, 52321 Securities and Commodity Exchanges, 52321 Securities and Commodity Exchanges,, 52321 Securities and Commodity Exchanges,, 52321 Securities and Commodity Exchanges," FINANCE , SUSTAINABILITY , Investments , Investors , ECONOMICS , FINANCE , ECONOMICS , United States--US",,https://ut.primo.exlibrisgroup.com/openurl/01UTAMPA_INST/01UTAMPA_INST:SpartanSearch?genre=article&amp;issn=&amp;title=This+market+maven+raised+his+S%26amp%3BP+500+target+three+times+this+year.+Now+he+says+there%27s+too+many+bulls%3B+Contrarian+indicators+are+making+Ed+Yardeni+wary+of+a+short-term+pullback+for+stocks&amp;volume=&amp;issue=&amp;date=2024&amp;atitle=This+market+maven+raised+his+S%26amp%3BP+500+target+three+times+this+year.+Now+he+says+there%27s+too+many+bulls%3B+Contrarian+indicators+are+making+Ed+Yardeni+wary+of+a+short-term+pullback+for+stocks&amp;spage=&amp;sid=ProQ%3Aabidateline&amp;author=Chisholm,ABI/INFORM Collection
Jack Daniels Maker Is Leading the S&P 500. Here's Why.,3140888825,Newspapers,"Dattilo, Emily",," Copyright 2024 Dow Jones & Company, Inc. All Rights Reserved.", News," Dec 5, 2024",, English, English, New York,"Dec 5, 2024",Barron's (Online),2024,https://esearch.ut.edu/login?url=https://www.proquest.com/newspapers/jack-daniels-maker-is-leading-s-amp-p-500-heres/docview/3140888825/se-2?accountid=14762,,,,,,,,,https://ut.primo.exlibrisgroup.com/openurl/01UTAMPA_INST/01UTAMPA_INST:SpartanSearch?genre=article&amp;issn=&amp;title=Jack+Daniels+Maker+Is+Leading+the+S%26amp%3BP+500.+Here%27s+Why.&amp;volume=&amp;issue=&amp;date=2024&amp;atitle=Jack+Daniels+Maker+Is+Leading+the+S%26amp%3BP+500.+Here%27s+Why.&amp;spage=&amp;sid=ProQ%3Aabiglobal&amp;author=Dattilo,"ABI/INFORM Collection, Research Library"
Friday's Jobs Report: Here's What Might Give The Fed Pause As S&P 500 Cruises,3140876860,Newspapers,"Graham, Jed",," © 2024. Investor’s Business Daily, LLC All rights reserved", News," Dec 5, 2024",, English, English, Los Angeles,"Dec 5, 2024",Investor's Business Daily (Online),2024,https://esearch.ut.edu/login?url=https://www.proquest.com/newspapers/fridays-jobs-report-heres-what-might-give-fed/docview/3140876860/se-2?accountid=14762," 92113 Public Finance Activities , 52111 Monetary Authorities-Central Bank , 52321 Securities and Commodity Exchanges"," 92113 Public Finance Activities , 52111 Monetary Authorities-Central Bank , 52321 Securities and Commodity Exchanges",," 92113 Public Finance Activities , 52111 Monetary Authorities-Central Bank , 52321 Securities and Commodity Exchanges",," 92113 Public Finance Activities , 52111 Monetary Authorities-Central Bank , 52321 Securities and Commodity Exchanges"," FINANCE , Trends , HUMANRESOURCES , ECONOMICS , FINANCE , HUMANRESOURCES , ECONOMICS , HUMANRESOURCES , ECONOMICS , ECONOMICS , ECONOMICS",,https://ut.primo.exlibrisgroup.com/openurl/01UTAMPA_INST/01UTAMPA_INST:SpartanSearch?genre=article&amp;issn=&amp;title=Friday%27s+Jobs+Report%3A+Here%27s+What+Might+Give+The+Fed+Pause+As+S%26amp%3BP+500+Cruises&amp;volume=&amp;issue=&amp;date=2024&amp;atitle=Friday%27s+Jobs+Report%3A+Here%27s+What+Might+Give+The+Fed+Pause+As+S%26amp%3BP+500+Cruises&amp;spage=&amp;sid=ProQ%3Aabitrade&amp;author=Graham,ABI/INFORM Collection
"These stocks aren't likely to beat the S&P 500 next year — for this one reason; Difficult-to-short stocks often trade at artificially inflated, unsustainable prices",3140722757,Newspapers,"Hulbert, Mark",," Copyright 2024 MarketWatch, Inc.  All Rights Reserved.", News," Dec 5, 2024",, English, English, South Brunswick,"Dec 5, 2024",MarketWatch,2024,https://esearch.ut.edu/login?url=https://www.proquest.com/newspapers/these-stocks-arent-likely-beat-s-amp-p-500-next/docview/3140722757/se-2?accountid=14762,,,,,,," FINANCE , Researchers , SUSTAINABILITY",,https://ut.primo.exlibrisgroup.com/openurl/01UTAMPA_INST/01UTAMPA_INST:SpartanSearch?genre=article&amp;issn=&amp;title=These+stocks+aren%27t+likely+to+beat+the+S%26amp%3BP+500+next+year+%E2%80%94+for+this+one+reason%3B+Difficult-to-short+stocks+often+trade+at+artificially+inflated%2C+unsustainable+prices&amp;volume=&amp;issue=&amp;date=2024&amp;atitle=These+stocks+aren%27t+likely+to+beat+the+S%26amp%3BP+500+next+year+%26mdash%3B+for+this+one+reason%3B+Difficult-to-short+stocks+often+trade+at+artificially+inflated%2C+unsustainable+prices&amp;spage=&amp;sid=ProQ%3Aabidateline&amp;author=Hulbert,ABI/INFORM Collection
Bank of America says it's time to skip the S&P 500 and opt for these stock sectors instead,3140477648,Newspapers,"Maidan, Laila", Bank of America Corp," Copyright Insider, Inc. 2024", News," Dec 4, 2024",, English, English, New York,"Dec 4, 2024",Business Insider,2024,https://esearch.ut.edu/login?url=https://www.proquest.com/newspapers/bank-america-says-time-skip-s-amp-p-500-opt-these/docview/3140477648/se-2?accountid=14762,,," limited-synd , investing , markets , stock-market , stocks-to-buy , value-stocks , bank-of-america",,,," FINANCE , ECONOMICS"," limited-synd , investing , markets , stock-market , stocks-to-buy , value-stocks , bank-of-america",https://ut.primo.exlibrisgroup.com/openurl/01UTAMPA_INST/01UTAMPA_INST:SpartanSearch?genre=article&amp;issn=&amp;title=Bank+of+America+says+it%27s+time+to+skip+the+S%26amp%3BP+500+and+opt+for+these+stock+sectors+instead&amp;volume=&amp;issue=&amp;date=2024&amp;atitle=Bank+of+America+says+it%27s+time+to+skip+the+S%26amp%3BP+500+and+opt+for+these+stock+sectors+instead&amp;spage=&amp;sid=ProQ%3Aabidateline&amp;author=Maidan,ABI/INFORM Collection
"Wall Street today: US stocks rise as dollar gains steady ground; S&P 500, Nasdaq hit record highs",3140477230,Newspapers,,," Copyright HT Digital Streams Limited Dec 4, 2024", News," Dec 4, 2024",, English, English, New Delhi,"Dec 4, 2024",Mint,2024,https://esearch.ut.edu/login?url=https://www.proquest.com/newspapers/wall-street-today-us-stocks-rise-as-dollar-gains/docview/3140477230/se-2?accountid=14762," 92113 Public Finance Activities , 52111 Monetary Authorities-Central Bank"," 92113 Public Finance Activities , 52111 Monetary Authorities-Central Bank",," 92113 Public Finance Activities , 52111 Monetary Authorities-Central Bank",," 92113 Public Finance Activities , 52111 Monetary Authorities-Central Bank"," Dow Jones averages , ECONOMICS , Martial law , ECONOMICS , ECONOMICS , No confidence motions & votes , United States--US , France , South Korea",,https://ut.primo.exlibrisgroup.com/openurl/01UTAMPA_INST/01UTAMPA_INST:SpartanSearch?genre=article&amp;issn=&amp;title=Wall+Street+today%3A+US+stocks+rise+as+dollar+gains+steady+ground%3B+S%26amp%3BP+500%2C+Nasdaq+hit+record+highs&amp;volume=&amp;issue=&amp;date=2024&amp;atitle=Wall+Street+today%3A+US+stocks+rise+as+dollar+gains+steady+ground%3B+S%26amp%3BP+500%2C+Nasdaq+hit+record+highs&amp;spage=&amp;sid=ProQ%3Aabiglobal&amp;author=,ABI/INFORM Collection
Texas Pacific Stock Is Worst S&P 500 Performer Wednesday,3140459273,Newspapers,"Dattilo, Emily",," Copyright 2024 Dow Jones & Company, Inc. All Rights Reserved.", News," Dec 4, 2024",, English, English, New York,"Dec 4, 2024",Barron's (Online),2024,https://esearch.ut.edu/login?url=https://www.proquest.com/newspapers/texas-pacific-stock-is-worst-s-amp-p-500/docview/3140459273/se-2?accountid=14762,,,,,,,,,https://ut.primo.exlibrisgroup.com/openurl/01UTAMPA_INST/01UTAMPA_INST:SpartanSearch?genre=article&amp;issn=&amp;title=Texas+Pacific+Stock+Is+Worst+S%26amp%3BP+500+Performer+Wednesday&amp;volume=&amp;issue=&amp;date=2024&amp;atitle=Texas+Pacific+Stock+Is+Worst+S%26amp%3BP+500+Performer+Wednesday&amp;spage=&amp;sid=ProQ%3Aabiglobal&amp;author=Dattilo,"ABI/INFORM Collection, Research Library"
"Dow Jones Tops 45,000 As S&P 500, Nasdaq Look For Record Closes; Magnificent Seven Name Hits New Heights (Live Coverage)",3139421961,Newspapers,"Koenig, Kimberley", Roku Inc," © 2024. Investor’s Business Daily, LLC All rights reserved", News," Dec 4, 2024",, English, English, Los Angeles,"Dec 4, 2024",Investor's Business Daily (Online),2024,https://esearch.ut.edu/login?url=https://www.proquest.com/newspapers/dow-jones-tops-45-000-as-s-amp-p-500-nasdaq-look/docview/3139421961/se-2?accountid=14762, 52321 Securities and Commodity Exchanges, 52321 Securities and Commodity Exchanges,, 52321 Securities and Commodity Exchanges,, 52321 Securities and Commodity Exchanges," Dow Jones averages , FINANCE , ECONOMICS , MARKETING , SUSTAINABILITY , FINANCE , Investments , SUSTAINABILITY , Investors , New York , United States--US , Powell, Jerome",,https://ut.primo.exlibrisgroup.com/openurl/01UTAMPA_INST/01UTAMPA_INST:SpartanSearch?genre=article&amp;issn=&amp;title=Dow+Jones+Tops+45%2C000+As+S%26amp%3BP+500%2C+Nasdaq+Look+For+Record+Closes%3B+Magnificent+Seven+Name+Hits+New+Heights+%28Live+Coverage%29&amp;volume=&amp;issue=&amp;date=2024&amp;atitle=Dow+Jones+Tops+45%2C000+As+S%26amp%3BP+500%2C+Nasdaq+Look+For+Record+Closes%3B+Magnificent+Seven+Name+Hits+New+Heights+%28Live+Coverage%29&amp;spage=&amp;sid=ProQ%3Aabitrade&amp;author=Koenig,ABI/INFORM Collection
Friday's Jobs Report: Here's What Might Give The Fed Pause As S&P 500 Cruises,3139194165,Newspapers,"Graham, Jed", Institute for Supply Management," © 2024. Investor’s Business Daily, LLC All rights reserved", News," Dec 4, 2024",, English, English, Los Angeles,"Dec 4, 2024",Investor's Business Daily (Online),2024,https://esearch.ut.edu/login?url=https://www.proquest.com/newspapers/fridays-jobs-report-heres-what-might-give-fed/docview/3139194165/se-2?accountid=14762," 92113 Public Finance Activities , 52111 Monetary Authorities-Central Bank , 52321 Securities and Commodity Exchanges"," 92113 Public Finance Activities , 52111 Monetary Authorities-Central Bank , 52321 Securities and Commodity Exchanges",," 92113 Public Finance Activities , 52111 Monetary Authorities-Central Bank , 52321 Securities and Commodity Exchanges",," 92113 Public Finance Activities , 52111 Monetary Authorities-Central Bank , 52321 Securities and Commodity Exchanges"," FINANCE , ECONOMICS , ECONOMICS , HUMANRESOURCES , ECONOMICS , Trends , ECONOMICS , HUMANRESOURCES , ECONOMICS , FINANCE , FINANCE , United States--US",,https://ut.primo.exlibrisgroup.com/openurl/01UTAMPA_INST/01UTAMPA_INST:SpartanSearch?genre=article&amp;issn=&amp;title=Friday%27s+Jobs+Report%3A+Here%27s+What+Might+Give+The+Fed+Pause+As+S%26amp%3BP+500+Cruises&amp;volume=&amp;issue=&amp;date=2024&amp;atitle=Friday%27s+Jobs+Report%3A+Here%27s+What+Might+Give+The+Fed+Pause+As+S%26amp%3BP+500+Cruises&amp;spage=&amp;sid=ProQ%3Aabitrade&amp;author=Graham,ABI/INFORM Collection
"These stocks aren't likely to beat the S&P 500 next year — for this one reason; Difficult-to-short stocks often trade at artificially inflated, unsustainable prices",3139080304,Newspapers,"Hulbert, Mark",," Copyright 2024 MarketWatch, Inc.  All Rights Reserved.", News," Dec 4, 2024",, English, English, South Brunswick,"Dec 4, 2024",MarketWatch,2024,https://esearch.ut.edu/login?url=https://www.proquest.com/newspapers/these-stocks-arent-likely-beat-s-amp-p-500-next/docview/3139080304/se-2?accountid=14762,,,,,,," FINANCE , Researchers , SUSTAINABILITY",,https://ut.primo.exlibrisgroup.com/openurl/01UTAMPA_INST/01UTAMPA_INST:SpartanSearch?genre=article&amp;issn=&amp;title=These+stocks+aren%27t+likely+to+beat+the+S%26amp%3BP+500+next+year+%E2%80%94+for+this+one+reason%3B+Difficult-to-short+stocks+often+trade+at+artificially+inflated%2C+unsustainable+prices&amp;volume=&amp;issue=&amp;date=2024&amp;atitle=These+stocks+aren%27t+likely+to+beat+the+S%26amp%3BP+500+next+year+%26mdash%3B+for+this+one+reason%3B+Difficult-to-short+stocks+often+trade+at+artificially+inflated%2C+unsustainable+prices&amp;spage=&amp;sid=ProQ%3Aabidateline&amp;author=Hulbert,ABI/INFORM Collection
S&P 500 points to strong underpinnings for US stocks and economy,3138380624,Newspapers,,, © 2024 Singapore Press Holdings, News," Dec 4, 2024",, English, English, Singapore,"Dec 4, 2024",The Business Times,2024,https://esearch.ut.edu/login?url=https://www.proquest.com/newspapers/s-amp-p-500-points-strong-underpinnings-us-stocks/docview/3138380624/se-2?accountid=14762,,,,,,," ECONOMICS , ECONOMICS , ECONOMICS , United States--US",,https://ut.primo.exlibrisgroup.com/openurl/01UTAMPA_INST/01UTAMPA_INST:SpartanSearch?genre=article&amp;issn=&amp;title=S%26amp%3BP+500+points+to+strong+underpinnings+for+US+stocks+and+economy&amp;volume=&amp;issue=&amp;date=2024&amp;atitle=S%26amp%3BP+500+points+to+strong+underpinnings+for+US+stocks+and+economy&amp;spage=&amp;sid=ProQ%3Aabitrade&amp;author=,ABI/INFORM Collection
"S&P 500 positioning is 'completely one-sided' as bears give up and bullish sentiment soars, Citi says",3138837402,Newspapers,"Cloonan, Kelly",," Copyright Insider, Inc. 2024", News," Dec 3, 2024",, English, English, New York,"Dec 3, 2024",Business Insider,2024,https://esearch.ut.edu/login?url=https://www.proquest.com/newspapers/s-amp-p-500-positioning-is-completely-one-sided/docview/3138837402/se-2?accountid=14762,,," mi-exclusive , sp-500 , investor-sentiment , us-stocks , european-stocks , euro-stoxx-50 , bullish , bullish-sentiment , citi",,,," FINANCE , Investments , MARKETING , Investors , United States--US"," mi-exclusive , sp-500 , investor-sentiment , us-stocks , european-stocks , euro-stoxx-50 , bullish , bullish-sentiment , citi",https://ut.primo.exlibrisgroup.com/openurl/01UTAMPA_INST/01UTAMPA_INST:SpartanSearch?genre=article&amp;issn=&amp;title=S%26amp%3BP+500+positioning+is+%27completely+one-sided%27+as+bears+give+up+and+bullish+sentiment+soars%2C+Citi+says&amp;volume=&amp;issue=&amp;date=2024&amp;atitle=S%26amp%3BP+500+positioning+is+%27completely+one-sided%27+as+bears+give+up+and+bullish+sentiment+soars%2C+Citi+says&amp;spage=&amp;sid=ProQ%3Aabidateline&amp;author=Cloonan,ABI/INFORM Collection
Palantir Stock Is Top Performer in S&P 500 Today. This Could Be Why.,3136346339,Newspapers,Mackenzie Tatananni,," Copyright 2024 Dow Jones & Company, Inc. All Rights Reserved.", News," Dec 3, 2024",, English, English, New York,"Dec 3, 2024",Barron's (Online),2024,https://esearch.ut.edu/login?url=https://www.proquest.com/newspapers/palantir-stock-is-top-performer-s-amp-p-500-today/docview/3136346339/se-2?accountid=14762,,,,,,, HUMANRESOURCES,,https://ut.primo.exlibrisgroup.com/openurl/01UTAMPA_INST/01UTAMPA_INST:SpartanSearch?genre=article&amp;issn=&amp;title=Palantir+Stock+Is+Top+Performer+in+S%26amp%3BP+500+Today.+This+Could+Be+Why.&amp;volume=&amp;issue=&amp;date=2024&amp;atitle=Palantir+Stock+Is+Top+Performer+in+S%26amp%3BP+500+Today.+This+Could+Be+Why.&amp;spage=&amp;sid=ProQ%3Aabiglobal&amp;author=Mackenzie+Tatananni,"ABI/INFORM Collection, Research Library"
"While Nvidia Drifts, This Trio's Swift Gains Beat S&P 500",3135193658,Newspapers,"Ramakrishnan, Vidya", NVidia Corp," © 2024. Investor’s Business Daily, LLC All rights reserved", News," Dec 3, 2024",, English, English, Los Angeles,"Dec 3, 2024",Investor's Business Daily (Online),2024,https://esearch.ut.edu/login?url=https://www.proquest.com/newspapers/while-nvidia-drifts-this-trios-swift-gains-beat-s/docview/3135193658/se-2?accountid=14762,,,,,,," FINANCE , SUSTAINABILITY , FINANCE , SUSTAINABILITY",,https://ut.primo.exlibrisgroup.com/openurl/01UTAMPA_INST/01UTAMPA_INST:SpartanSearch?genre=article&amp;issn=&amp;title=While+Nvidia+Drifts%2C+This+Trio%27s+Swift+Gains+Beat+S%26amp%3BP+500&amp;volume=&amp;issue=&amp;date=2024&amp;atitle=While+Nvidia+Drifts%2C+This+Trio%27s+Swift+Gains+Beat+S%26amp%3BP+500&amp;spage=&amp;sid=ProQ%3Aabitrade&amp;author=Ramakrishnan,ABI/INFORM Collection
Markets -- Monday's Markets: Nasdaq and S&P 500 Hit Records To Start December; Dollar Gains,3135084958,Newspapers,"Vicky Ge Huang;Berwick, Angus",," Copyright 2024 Dow Jones & Company, Inc. All Rights Reserved.", News," Dec 3, 2024",0099-9660, English, English," New York, N.Y.","Dec 3, 2024",Wall Street Journal,2024,https://esearch.ut.edu/login?url=https://www.proquest.com/newspapers/markets-mondays-nasdaq-s-amp-p-500-hit-records/docview/3135084958/se-2?accountid=14762, 52321 Securities and Commodity Exchanges, 52321 Securities and Commodity Exchanges,, 52321 Securities and Commodity Exchanges, B.11, 52321 Securities and Commodity Exchanges," FINANCE , ECONOMICS , Dow Jones averages , United States--US",,https://ut.primo.exlibrisgroup.com/openurl/01UTAMPA_INST/01UTAMPA_INST:SpartanSearch?genre=article&amp;issn=00999660&amp;title=Markets+--+Monday%27s+Markets%3A+Nasdaq+and+S%26amp%3BP+500+Hit+Records+To+Start+December%3B+Dollar+Gains&amp;volume=&amp;issue=&amp;date=2024&amp;atitle=Markets+--+Monday%27s+Markets%3A+Nasdaq+and+S%26amp%3BP+500+Hit+Records+To+Start+December%3B+Dollar+Gains&amp;spage=B.11&amp;sid=ProQ%3Aabiglobal&amp;author=Vicky+Ge+Huang,ABI/INFORM Collection
"Dow Jones Futures: S&P 500, Nasdaq Hit New Highs; AI Stock Credo Soars 34% On Earnings",3135074845,Newspapers,"Lehtonen, Scott"," Sherwin-Williams Co , Zscaler Inc , NVidia Corp"," © 2024. Investor’s Business Daily, LLC All rights reserved", News," Dec 3, 2024",, English, English, Los Angeles,"Dec 3, 2024",Investor's Business Daily (Online),2024,https://esearch.ut.edu/login?url=https://www.proquest.com/newspapers/dow-jones-futures-s-amp-p-500-nasdaq-hit-new/docview/3135074845/se-2?accountid=14762, 52321 Securities and Commodity Exchanges, 52321 Securities and Commodity Exchanges,, 52321 Securities and Commodity Exchanges,, 52321 Securities and Commodity Exchanges," Dow Jones averages , FINANCE , FINANCE , Futures , FINANCE , SUSTAINABILITY , SUSTAINABILITY",,https://ut.primo.exlibrisgroup.com/openurl/01UTAMPA_INST/01UTAMPA_INST:SpartanSearch?genre=article&amp;issn=&amp;title=Dow+Jones+Futures%3A+S%26amp%3BP+500%2C+Nasdaq+Hit+New+Highs%3B+AI+Stock+Credo+Soars+34%25+On+Earnings&amp;volume=&amp;issue=&amp;date=2024&amp;atitle=Dow+Jones+Futures%3A+S%26amp%3BP+500%2C+Nasdaq+Hit+New+Highs%3B+AI+Stock+Credo+Soars+34%25+On+Earnings&amp;spage=&amp;sid=ProQ%3Aabitrade&amp;author=Lehtonen,ABI/INFORM Collection
"Dow Jones Futures: S&P 500, Nasdaq Hit New Highs; Apple, Meta, Nvidia In Or Near Buy Zones",3135059556,Newspapers,"Lehtonen, Scott"," Sherwin-Williams Co , Zscaler Inc , NVidia Corp"," © 2024. Investor’s Business Daily, LLC All rights reserved", News," Dec 2, 2024",, English, English, Los Angeles,"Dec 2, 2024",Investor's Business Daily (Online),2024,https://esearch.ut.edu/login?url=https://www.proquest.com/newspapers/dow-jones-futures-s-amp-p-500-nasdaq-hit-new/docview/3135059556/se-2?accountid=14762, 52321 Securities and Commodity Exchanges, 52321 Securities and Commodity Exchanges,, 52321 Securities and Commodity Exchanges,, 52321 Securities and Commodity Exchanges," Dow Jones averages , FINANCE , FINANCE , Futures , FINANCE , SUSTAINABILITY",,https://ut.primo.exlibrisgroup.com/openurl/01UTAMPA_INST/01UTAMPA_INST:SpartanSearch?genre=article&amp;issn=&amp;title=Dow+Jones+Futures%3A+S%26amp%3BP+500%2C+Nasdaq+Hit+New+Highs%3B+Apple%2C+Meta%2C+Nvidia+In+Or+Near+Buy+Zones&amp;volume=&amp;issue=&amp;date=2024&amp;atitle=Dow+Jones+Futures%3A+S%26amp%3BP+500%2C+Nasdaq+Hit+New+Highs%3B+Apple%2C+Meta%2C+Nvidia+In+Or+Near+Buy+Zones&amp;spage=&amp;sid=ProQ%3Aabitrade&amp;author=Lehtonen,ABI/INFORM Collection
This move by the stock market's 'fear gauge' is historically bullish for the S&P 500; Stocks 'have scored excellent returns and consistency over the medium- and long-term horizons': SentimenTrader,3135055822,Newspapers,"Watts, William",," Copyright 2024 MarketWatch, Inc.  All Rights Reserved.", News," Dec 2, 2024",, English, English, South Brunswick,"Dec 2, 2024",MarketWatch,2024,https://esearch.ut.edu/login?url=https://www.proquest.com/newspapers/this-move-stock-markets-fear-gauge-is/docview/3135055822/se-2?accountid=14762, 52321 Securities and Commodity Exchanges, 52321 Securities and Commodity Exchanges,, 52321 Securities and Commodity Exchanges,, 52321 Securities and Commodity Exchanges," FINANCE , Christians , FINANCE , SUSTAINABILITY",,https://ut.primo.exlibrisgroup.com/openurl/01UTAMPA_INST/01UTAMPA_INST:SpartanSearch?genre=article&amp;issn=&amp;title=This+move+by+the+stock+market%27s+%27fear+gauge%27+is+historically+bullish+for+the+S%26amp%3BP+500%3B+Stocks+%27have+scored+excellent+returns+and+consistency+over+the+medium-+and+long-term+horizons%27%3A+SentimenTrader&amp;volume=&amp;issue=&amp;date=2024&amp;atitle=This+move+by+the+stock+market%27s+%27fear+gauge%27+is+historically+bullish+for+the+S%26amp%3BP+500%3B+Stocks+%27have+scored+excellent+returns+and+consistency+over+the+medium-+and+long-term+horizons%27%3A+SentimenTrader&amp;spage=&amp;sid=ProQ%3Aabidateline&amp;author=Watts,ABI/INFORM Collection
The S&P 500 Is Set for Back-to-Back 20% Gains. What History Says Happens Next.,3134819765,Newspapers,"Salisbury, Ian", Bank of America Corp," Copyright 2024 Dow Jones & Company, Inc. All Rights Reserved.", News," Dec 2, 2024",, English, English, New York,"Dec 2, 2024",Barron's (Online),2024,https://esearch.ut.edu/login?url=https://www.proquest.com/newspapers/s-amp-p-500-is-set-back-20-gains-what-history/docview/3134819765/se-2?accountid=14762, 52321 Securities and Commodity Exchanges, 52321 Securities and Commodity Exchanges,, 52321 Securities and Commodity Exchanges,, 52321 Securities and Commodity Exchanges," FINANCE , Great Depression , ECONOMICS , FINANCE",,https://ut.primo.exlibrisgroup.com/openurl/01UTAMPA_INST/01UTAMPA_INST:SpartanSearch?genre=article&amp;issn=&amp;title=The+S%26amp%3BP+500+Is+Set+for+Back-to-Back+20%25+Gains.+What+History+Says+Happens+Next.&amp;volume=&amp;issue=&amp;date=2024&amp;atitle=The+S%26amp%3BP+500+Is+Set+for+Back-to-Back+20%25+Gains.+What+History+Says+Happens+Next.&amp;spage=&amp;sid=ProQ%3Aabiglobal&amp;author=Salisbury,"ABI/INFORM Collection, Research Library"
"Traders are loading up on protection against extreme moves as stocks zoom higher; One gauge of demand for tail-risk hedges has been climbing, even with the S&P 500 at record highs",3134325450,Newspapers,"Adinolfi, Joseph",," Copyright 2024 MarketWatch, Inc.  All Rights Reserved.", News," Nov 30, 2024",, English, English, South Brunswick,"Nov 30, 2024",MarketWatch,2024,https://esearch.ut.edu/login?url=https://www.proquest.com/newspapers/traders-are-loading-up-on-protection-against/docview/3134325450/se-2?accountid=14762, 52321 Securities and Commodity Exchanges, 52321 Securities and Commodity Exchanges,, 52321 Securities and Commodity Exchanges,, 52321 Securities and Commodity Exchanges," Dow Jones averages , FINANCE , Investments , SUSTAINABILITY , Investors , Mexico , United States--US , Canada",,https://ut.primo.exlibrisgroup.com/openurl/01UTAMPA_INST/01UTAMPA_INST:SpartanSearch?genre=article&amp;issn=&amp;title=Traders+are+loading+up+on+protection+against+extreme+moves+as+stocks+zoom+higher%3B+One+gauge+of+demand+for+tail-risk+hedges+has+been+climbing%2C+even+with+the+S%26amp%3BP+500+at+record+highs&amp;volume=&amp;issue=&amp;date=2024&amp;atitle=Traders+are+loading+up+on+protection+against+extreme+moves+as+stocks+zoom+higher%3B+One+gauge+of+demand+for+tail-risk+hedges+has+been+climbing%2C+even+with+the+S%26amp%3BP+500+at+record+highs&amp;spage=&amp;sid=ProQ%3Aabidateline&amp;author=Adinolfi,ABI/INFORM Collection
Super Micro leads S&P 500 losers to cap turbulent month for AI stocks; Super Micro's stock has gained or fallen more than 10% in a single day 10 times this month,3134303467,Newspapers,"Linnane, Ciara",," Copyright 2024 MarketWatch, Inc.  All Rights Reserved.", News," Nov 30, 2024",, English, English, South Brunswick,"Nov 30, 2024",MarketWatch,2024,https://esearch.ut.edu/login?url=https://www.proquest.com/newspapers/super-micro-leads-s-amp-p-500-losers-cap/docview/3134303467/se-2?accountid=14762,,,,,,," FINANCE , SUSTAINABILITY",,https://ut.primo.exlibrisgroup.com/openurl/01UTAMPA_INST/01UTAMPA_INST:SpartanSearch?genre=article&amp;issn=&amp;title=Super+Micro+leads+S%26amp%3BP+500+losers+to+cap+turbulent+month+for+AI+stocks%3B+Super+Micro%27s+stock+has+gained+or+fallen+more+than+10%25+in+a+single+day+10+times+this+month&amp;volume=&amp;issue=&amp;date=2024&amp;atitle=Super+Micro+leads+S%26amp%3BP+500+losers+to+cap+turbulent+month+for+AI+stocks%3B+Super+Micro%27s+stock+has+gained+or+fallen+more+than+10%25+in+a+single+day+10+times+this+month&amp;spage=&amp;sid=ProQ%3Aabidateline&amp;author=Linnane,ABI/INFORM Collection
The simple 4-part filter that a legacy fund has used to beat the S&P 500 for over 2 decades,3134284537,Newspapers,"Maidan, Laila", Hennessy Funds," Copyright Insider, Inc. 2024", News," Nov 30, 2024",, English, English, New York,"Nov 30, 2024",Business Insider,2024,https://esearch.ut.edu/login?url=https://www.proquest.com/newspapers/simple-4-part-filter-that-legacy-fund-has-used/docview/3134284537/se-2?accountid=14762,,," limited-synd , investing , markets , stock-market-advice , value-investing , quant-trading , stock-picks , top-stocks-to-buy",,,," FINANCE , FINANCE"," limited-synd , investing , markets , stock-market-advice , value-investing , quant-trading , stock-picks , top-stocks-to-buy",https://ut.primo.exlibrisgroup.com/openurl/01UTAMPA_INST/01UTAMPA_INST:SpartanSearch?genre=article&amp;issn=&amp;title=The+simple+4-part+filter+that+a+legacy+fund+has+used+to+beat+the+S%26amp%3BP+500+for+over+2+decades&amp;volume=&amp;issue=&amp;date=2024&amp;atitle=The+simple+4-part+filter+that+a+legacy+fund+has+used+to+beat+the+S%26amp%3BP+500+for+over+2+decades&amp;spage=&amp;sid=ProQ%3Aabidateline&amp;author=Maidan,ABI/INFORM Collection
The S&P 500 Is Set for Back-to-Back 20% Gains. What History Says Happens Next.,3134256357,Newspapers,"Salisbury, Ian", Bank of America Corp," Copyright 2024 Dow Jones & Company, Inc. All Rights Reserved.", News," Nov 30, 2024",, English, English, New York,"Nov 30, 2024",Barron's (Online),2024,https://esearch.ut.edu/login?url=https://www.proquest.com/newspapers/s-amp-p-500-is-set-back-20-gains-what-history/docview/3134256357/se-2?accountid=14762, 52321 Securities and Commodity Exchanges, 52321 Securities and Commodity Exchanges,, 52321 Securities and Commodity Exchanges,, 52321 Securities and Commodity Exchanges," FINANCE , Great Depression , ECONOMICS , FINANCE",,https://ut.primo.exlibrisgroup.com/openurl/01UTAMPA_INST/01UTAMPA_INST:SpartanSearch?genre=article&amp;issn=&amp;title=The+S%26amp%3BP+500+Is+Set+for+Back-to-Back+20%25+Gains.+What+History+Says+Happens+Next.&amp;volume=&amp;issue=&amp;date=2024&amp;atitle=The+S%26amp%3BP+500+Is+Set+for+Back-to-Back+20%25+Gains.+What+History+Says+Happens+Next.&amp;spage=&amp;sid=ProQ%3Aabiglobal&amp;author=Salisbury,"ABI/INFORM Collection, Research Library"
"Indexes Gain, Cap Best Month Of 2024 --- Chip stocks drive Dow and S&P 500 to fresh records in short holiday trading",3134229797,Newspapers,"Dulaney, Chelsey;Pitcher, Jack",," Copyright 2024 Dow Jones & Company, Inc. All Rights Reserved.", News," Nov 30, 2024",0099-9660, English, English," New York, N.Y.","Nov 30, 2024",Wall Street Journal,2024,https://esearch.ut.edu/login?url=https://www.proquest.com/newspapers/indexes-gain-cap-best-month-2024-chip-stocks/docview/3134229797/se-2?accountid=14762," 92113 Public Finance Activities , 52111 Monetary Authorities-Central Bank , 52321 Securities and Commodity Exchanges"," 92113 Public Finance Activities , 52111 Monetary Authorities-Central Bank , 52321 Securities and Commodity Exchanges",," 92113 Public Finance Activities , 52111 Monetary Authorities-Central Bank , 52321 Securities and Commodity Exchanges", A.1," 92113 Public Finance Activities , 52111 Monetary Authorities-Central Bank , 52321 Securities and Commodity Exchanges"," FINANCE , Semiconductors , ECONOMICS , ECONOMICS , Dow Jones averages , ECONOMICS , ECONOMICS , ECONOMICS , ECONOMICS , Investors , United States--US , Europe",,https://ut.primo.exlibrisgroup.com/openurl/01UTAMPA_INST/01UTAMPA_INST:SpartanSearch?genre=article&amp;issn=00999660&amp;title=Indexes+Gain%2C+Cap+Best+Month+Of+2024+---+Chip+stocks+drive+Dow+and+S%26amp%3BP+500+to+fresh+records+in+short+holiday+trading&amp;volume=&amp;issue=&amp;date=2024&amp;atitle=Indexes+Gain%2C+Cap+Best+Month+Of+2024+---+Chip+stocks+drive+Dow+and+S%26amp%3BP+500+to+fresh+records+in+short+holiday+trading&amp;spage=A.1&amp;sid=ProQ%3Aabiglobal&amp;author=Dulaney,ABI/INFORM Collection
A veteran strategist sees an 'extraordinary' S&P 500 surge ahead — and shares 3 top ways to invest your money,3134087857,Newspapers,"Faris, James",," Copyright Insider, Inc. 2024", News," Nov 29, 2024",, English, English, New York,"Nov 29, 2024",Business Insider,2024,https://esearch.ut.edu/login?url=https://www.proquest.com/newspapers/veteran-strategist-sees-extraordinary-s-amp-p-500/docview/3134087857/se-2?accountid=14762,,," limited-synd , stocks , stocks-2025 , stock-market , stock-market-2025 , stock-market-outlook , stock-market-outlook-2025 , investing , investing-strategy , investing-strategy-2025 , sp-500 , s-p-500-price-target",,,," FINANCE , Investments , Investors , FINANCE , SUSTAINABILITY , United States--US"," limited-synd , stocks , stocks-2025 , stock-market , stock-market-2025 , stock-market-outlook , stock-market-outlook-2025 , investing , investing-strategy , investing-strategy-2025 , sp-500 , s-p-500-price-target",https://ut.primo.exlibrisgroup.com/openurl/01UTAMPA_INST/01UTAMPA_INST:SpartanSearch?genre=article&amp;issn=&amp;title=A+veteran+strategist+sees+an+%27extraordinary%27+S%26amp%3BP+500+surge+ahead+%E2%80%94+and+shares+3+top+ways+to+invest+your+money&amp;volume=&amp;issue=&amp;date=2024&amp;atitle=A+veteran+strategist+sees+an+%27extraordinary%27+S%26amp%3BP+500+surge+ahead+%26mdash%3B+and+shares+3+top+ways+to+invest+your+money&amp;spage=&amp;sid=ProQ%3Aabidateline&amp;author=Faris,ABI/INFORM Collection
"Wall Street holiday: Nasdaq, NYSE to close early on account of Black Friday; S&P 500 up 25% YTD",3134070775,Newspapers,, New York Stock Exchange--NYSE," Copyright HT Digital Streams Limited Nov 29, 2024", News," Nov 29, 2024",, English, English, New Delhi,"Nov 29, 2024",Mint,2024,https://esearch.ut.edu/login?url=https://www.proquest.com/newspapers/wall-street-holiday-nasdaq-nyse-close-early-on/docview/3134070775/se-2?accountid=14762," 92113 Public Finance Activities , 52111 Monetary Authorities-Central Bank , 52321 Securities and Commodity Exchanges"," 92113 Public Finance Activities , 52111 Monetary Authorities-Central Bank , 52321 Securities and Commodity Exchanges",," 92113 Public Finance Activities , 52111 Monetary Authorities-Central Bank , 52321 Securities and Commodity Exchanges",," 92113 Public Finance Activities , 52111 Monetary Authorities-Central Bank , 52321 Securities and Commodity Exchanges"," Thanksgiving , Dow Jones averages , FINANCE , ECONOMICS , ECONOMICS , FINANCE , FINANCE , United States--US",,https://ut.primo.exlibrisgroup.com/openurl/01UTAMPA_INST/01UTAMPA_INST:SpartanSearch?genre=article&amp;issn=&amp;title=Wall+Street+holiday%3A+Nasdaq%2C+NYSE+to+close+early+on+account+of+Black+Friday%3B+S%26amp%3BP+500+up+25%25+YTD&amp;volume=&amp;issue=&amp;date=2024&amp;atitle=Wall+Street+holiday%3A+Nasdaq%2C+NYSE+to+close+early+on+account+of+Black+Friday%3B+S%26amp%3BP+500+up+25%25+YTD&amp;spage=&amp;sid=ProQ%3Aabiglobal&amp;author=,ABI/INFORM Collection
Super Micro leads S&P 500 losers to cap turbulent month for AI stocks; Super Micro's stock has gained or fallen more than 10% in a single day 10 times this month,3134044148,Newspapers,"Linnane, Ciara",," Copyright 2024 MarketWatch, Inc.  All Rights Reserved.", News," Nov 29, 2024",, English, English, South Brunswick,"Nov 29, 2024",MarketWatch,2024,https://esearch.ut.edu/login?url=https://www.proquest.com/newspapers/super-micro-leads-s-amp-p-500-losers-cap/docview/3134044148/se-2?accountid=14762,,,,,,," FINANCE , SUSTAINABILITY",,https://ut.primo.exlibrisgroup.com/openurl/01UTAMPA_INST/01UTAMPA_INST:SpartanSearch?genre=article&amp;issn=&amp;title=Super+Micro+leads+S%26amp%3BP+500+losers+to+cap+turbulent+month+for+AI+stocks%3B+Super+Micro%27s+stock+has+gained+or+fallen+more+than+10%25+in+a+single+day+10+times+this+month&amp;volume=&amp;issue=&amp;date=2024&amp;atitle=Super+Micro+leads+S%26amp%3BP+500+losers+to+cap+turbulent+month+for+AI+stocks%3B+Super+Micro%27s+stock+has+gained+or+fallen+more+than+10%25+in+a+single+day+10+times+this+month&amp;spage=&amp;sid=ProQ%3Aabidateline&amp;author=Linnane,ABI/INFORM Collection
"Traders are loading up on protection against extreme moves as stocks zoom higher; One gauge of demand for tail-risk hedges has been climbing, even with the S&P 500 at record highs",3133667629,Newspapers,"Adinolfi, Joseph",," Copyright 2024 MarketWatch, Inc.  All Rights Reserved.", News," Nov 28, 2024",, English, English, South Brunswick,"Nov 28, 2024",MarketWatch,2024,https://esearch.ut.edu/login?url=https://www.proquest.com/newspapers/traders-are-loading-up-on-protection-against/docview/3133667629/se-2?accountid=14762, 52321 Securities and Commodity Exchanges, 52321 Securities and Commodity Exchanges,, 52321 Securities and Commodity Exchanges,, 52321 Securities and Commodity Exchanges," Dow Jones averages , FINANCE , Investments , SUSTAINABILITY , Investors , Mexico , United States--US , Canada",,https://ut.primo.exlibrisgroup.com/openurl/01UTAMPA_INST/01UTAMPA_INST:SpartanSearch?genre=article&amp;issn=&amp;title=Traders+are+loading+up+on+protection+against+extreme+moves+as+stocks+zoom+higher%3B+One+gauge+of+demand+for+tail-risk+hedges+has+been+climbing%2C+even+with+the+S%26amp%3BP+500+at+record+highs&amp;volume=&amp;issue=&amp;date=2024&amp;atitle=Traders+are+loading+up+on+protection+against+extreme+moves+as+stocks+zoom+higher%3B+One+gauge+of+demand+for+tail-risk+hedges+has+been+climbing%2C+even+with+the+S%26amp%3BP+500+at+record+highs&amp;spage=&amp;sid=ProQ%3Aabidateline&amp;author=Adinolfi,ABI/INFORM Collection
"The S&P 500 will climb 10% to 6,600 next year as earnings and the economy stay strong, Barclays says",3133653227,Newspapers,"Cloonan, Kelly",," Copyright Insider, Inc. 2024", News," Nov 28, 2024",, English, English, New York,"Nov 28, 2024",Business Insider,2024,https://esearch.ut.edu/login?url=https://www.proquest.com/newspapers/s-amp-p-500-will-climb-10-6-600-next-year-as/docview/3133653227/se-2?accountid=14762, 52321 Securities and Commodity Exchanges, 52321 Securities and Commodity Exchanges," mi-exclusive , stock-market-outlook , barclays , sp-500 , s-p-500-index , s-p-500-outlook , us-economic-forecast , us-economic-outlook", 52321 Securities and Commodity Exchanges,, 52321 Securities and Commodity Exchanges," FINANCE , FINANCE , United States--US"," mi-exclusive , stock-market-outlook , barclays , sp-500 , s-p-500-index , s-p-500-outlook , us-economic-forecast , us-economic-outlook",https://ut.primo.exlibrisgroup.com/openurl/01UTAMPA_INST/01UTAMPA_INST:SpartanSearch?genre=article&amp;issn=&amp;title=The+S%26amp%3BP+500+will+climb+10%25+to+6%2C600+next+year+as+earnings+and+the+economy+stay+strong%2C+Barclays+says&amp;volume=&amp;issue=&amp;date=2024&amp;atitle=The+S%26amp%3BP+500+will+climb+10%25+to+6%2C600+next+year+as+earnings+and+the+economy+stay+strong%2C+Barclays+says&amp;spage=&amp;sid=ProQ%3Aabidateline&amp;author=Cloonan,ABI/INFORM Collection
"JPMorgan turns bullish and sees the S&P 500 rising 8% next year to 6,500",3133450272,Newspapers,"Fox, Matthew",," Copyright Insider, Inc. 2024", News," Nov 27, 2024",, English, English, New York,"Nov 27, 2024",Business Insider,2024,https://esearch.ut.edu/login?url=https://www.proquest.com/newspapers/jpmorgan-turns-bullish-sees-s-amp-p-500-rising-8/docview/3133450272/se-2?accountid=14762," 92113 Public Finance Activities , 52111 Monetary Authorities-Central Bank"," 92113 Public Finance Activities , 52111 Monetary Authorities-Central Bank"," mi-exclusive , stock-market-outlook , stock-market , stock-market-analysis , stock-market-2025-outlook , analyst-note , markets"," 92113 Public Finance Activities , 52111 Monetary Authorities-Central Bank",," 92113 Public Finance Activities , 52111 Monetary Authorities-Central Bank"," ECONOMICS , ECONOMICS , Exceptionalism , FINANCE , SUSTAINABILITY , United States--US"," mi-exclusive , stock-market-outlook , stock-market , stock-market-analysis , stock-market-2025-outlook , analyst-note , markets",https://ut.primo.exlibrisgroup.com/openurl/01UTAMPA_INST/01UTAMPA_INST:SpartanSearch?genre=article&amp;issn=&amp;title=JPMorgan+turns+bullish+and+sees+the+S%26amp%3BP+500+rising+8%25+next+year+to+6%2C500&amp;volume=&amp;issue=&amp;date=2024&amp;atitle=JPMorgan+turns+bullish+and+sees+the+S%26amp%3BP+500+rising+8%25+next+year+to+6%2C500&amp;spage=&amp;sid=ProQ%3Aabidateline&amp;author=Fox,ABI/INFORM Collection
"Traders are loading up on protection against extreme moves as stocks zoom higher; One gauge of demand for tail-risk hedges has been climbing, even with the S&P 500 at record highs",3133424184,Newspapers,"Adinolfi, Joseph",," Copyright 2024 MarketWatch, Inc.  All Rights Reserved.", News," Nov 27, 2024",, English, English, South Brunswick,"Nov 27, 2024",MarketWatch,2024,https://esearch.ut.edu/login?url=https://www.proquest.com/newspapers/traders-are-loading-up-on-protection-against/docview/3133424184/se-2?accountid=14762, 52321 Securities and Commodity Exchanges, 52321 Securities and Commodity Exchanges,, 52321 Securities and Commodity Exchanges,, 52321 Securities and Commodity Exchanges," Dow Jones averages , FINANCE , Investments , SUSTAINABILITY , Investors , Mexico , United States--US , Canada",,https://ut.primo.exlibrisgroup.com/openurl/01UTAMPA_INST/01UTAMPA_INST:SpartanSearch?genre=article&amp;issn=&amp;title=Traders+are+loading+up+on+protection+against+extreme+moves+as+stocks+zoom+higher%3B+One+gauge+of+demand+for+tail-risk+hedges+has+been+climbing%2C+even+with+the+S%26amp%3BP+500+at+record+highs&amp;volume=&amp;issue=&amp;date=2024&amp;atitle=Traders+are+loading+up+on+protection+against+extreme+moves+as+stocks+zoom+higher%3B+One+gauge+of+demand+for+tail-risk+hedges+has+been+climbing%2C+even+with+the+S%26amp%3BP+500+at+record+highs&amp;spage=&amp;sid=ProQ%3Aabidateline&amp;author=Adinolfi,ABI/INFORM Collection
"PCE Inflation Rate Ticks Higher, Keeping Fed On The Fence; S&P 500 Slips",3133386159,Newspapers,"Graham, Jed",," © 2024. Investor’s Business Daily, LLC All rights reserved", News," Nov 27, 2024",, English, English, Los Angeles,"Nov 27, 2024",Investor's Business Daily (Online),2024,https://esearch.ut.edu/login?url=https://www.proquest.com/newspapers/pce-inflation-rate-ticks-higher-keeping-fed-on/docview/3133386159/se-2?accountid=14762, 52321 Securities and Commodity Exchanges, 52321 Securities and Commodity Exchanges,, 52321 Securities and Commodity Exchanges,, 52321 Securities and Commodity Exchanges," FINANCE , ECONOMICS , ECONOMICS , ACCTAX , Expenditures , FINANCE",,https://ut.primo.exlibrisgroup.com/openurl/01UTAMPA_INST/01UTAMPA_INST:SpartanSearch?genre=article&amp;issn=&amp;title=PCE+Inflation+Rate+Ticks+Higher%2C+Keeping+Fed+On+The+Fence%3B+S%26amp%3BP+500+Slips&amp;volume=&amp;issue=&amp;date=2024&amp;atitle=PCE+Inflation+Rate+Ticks+Higher%2C+Keeping+Fed+On+The+Fence%3B+S%26amp%3BP+500+Slips&amp;spage=&amp;sid=ProQ%3Aabitrade&amp;author=Graham,ABI/INFORM Collection
"Here's why Wall Street's previously most bearish bank now sees the S&P 500 hitting 6,500 in 2025; Rate-cutting central banks and more AI-related spending are among the factors that should support U.S. stocks",3133313793,Newspapers,"Chisholm, Jamie",," Copyright 2024 MarketWatch, Inc.  All Rights Reserved.", News," Nov 27, 2024",, English, English, South Brunswick,"Nov 27, 2024",MarketWatch,2024,https://esearch.ut.edu/login?url=https://www.proquest.com/newspapers/heres-why-wall-streets-previously-most-bearish/docview/3133313793/se-2?accountid=14762," 92113 Public Finance Activities , 52111 Monetary Authorities-Central Bank , 52321 Securities and Commodity Exchanges"," 92113 Public Finance Activities , 52111 Monetary Authorities-Central Bank , 52321 Securities and Commodity Exchanges",," 92113 Public Finance Activities , 52111 Monetary Authorities-Central Bank , 52321 Securities and Commodity Exchanges",," 92113 Public Finance Activities , 52111 Monetary Authorities-Central Bank , 52321 Securities and Commodity Exchanges"," FINANCE , FINANCE , SUSTAINABILITY , ECONOMICS , ECONOMICS , FINANCE , ECONOMICS , ECONOMICS , ECONOMICS , Investors , FINANCE , SUSTAINABILITY , ECONOMICS , United States--US",,https://ut.primo.exlibrisgroup.com/openurl/01UTAMPA_INST/01UTAMPA_INST:SpartanSearch?genre=article&amp;issn=&amp;title=Here%27s+why+Wall+Street%27s+previously+most+bearish+bank+now+sees+the+S%26amp%3BP+500+hitting+6%2C500+in+2025%3B+Rate-cutting+central+banks+and+more+AI-related+spending+are+among+the+factors+that+should+support+U.S.+stocks&amp;volume=&amp;issue=&amp;date=2024&amp;atitle=Here%27s+why+Wall+Street%27s+previously+most+bearish+bank+now+sees+the+S%26amp%3BP+500+hitting+6%2C500+in+2025%3B+Rate-cutting+central+banks+and+more+AI-related+spending+are+among+the+factors+that+should+support+U.S.+stocks&amp;spage=&amp;sid=ProQ%3Aabidateline&amp;author=Chisholm,ABI/INFORM Collection
"How S&P 500 tends to perform during Thanksgiving week and into New Year's Eve; 'Seasonality suggests that Thanksgiving week can be a strong week,' particularly after presidential elections, according to BofA",3133292052,Newspapers,"Idzelis, Christine",," Copyright 2024 MarketWatch, Inc.  All Rights Reserved.", News," Nov 27, 2024",, English, English, South Brunswick,"Nov 27, 2024",MarketWatch,2024,https://esearch.ut.edu/login?url=https://www.proquest.com/newspapers/how-s-amp-p-500-tends-perform-during-thanksgiving/docview/3133292052/se-2?accountid=14762," 92111 Executive Offices , 52321 Securities and Commodity Exchanges"," 92111 Executive Offices , 52321 Securities and Commodity Exchanges",," 92111 Executive Offices , 52321 Securities and Commodity Exchanges",," 92111 Executive Offices , 52321 Securities and Commodity Exchanges"," Thanksgiving , Dow Jones averages , FINANCE , New year , Presidential elections , FINANCE , United States--US",,https://ut.primo.exlibrisgroup.com/openurl/01UTAMPA_INST/01UTAMPA_INST:SpartanSearch?genre=article&amp;issn=&amp;title=How+S%26amp%3BP+500+tends+to+perform+during+Thanksgiving+week+and+into+New+Year%27s+Eve%3B+%27Seasonality+suggests+that+Thanksgiving+week+can+be+a+strong+week%2C%27+particularly+after+presidential+elections%2C+according+to+BofA&amp;volume=&amp;issue=&amp;date=2024&amp;atitle=How+S%26amp%3BP+500+tends+to+perform+during+Thanksgiving+week+and+into+New+Year%27s+Eve%3B+%27Seasonality+suggests+that+Thanksgiving+week+can+be+a+strong+week%2C%27+particularly+after+presidential+elections%2C+according+to+BofA&amp;spage=&amp;sid=ProQ%3Aabidateline&amp;author=Idzelis,ABI/INFORM Collection
Dow Jones Futures: S&P 500 Hits Highs As Bitcoin Skids; CrowdStrike Leads Movers Late,3132948753,Newspapers,"Carson, Ed"," Constellation Energy Group Inc , Autodesk Inc , HP Inc , Amazon.com Inc , NVidia Corp"," © 2024. Investor’s Business Daily, LLC All rights reserved", News," Nov 26, 2024",, English, English, Los Angeles,"Nov 26, 2024",Investor's Business Daily (Online),2024,https://esearch.ut.edu/login?url=https://www.proquest.com/newspapers/dow-jones-futures-s-amp-p-500-hits-highs-as/docview/3132948753/se-2?accountid=14762, 52321 Securities and Commodity Exchanges, 52321 Securities and Commodity Exchanges,, 52321 Securities and Commodity Exchanges,, 52321 Securities and Commodity Exchanges," FINANCE , Futures , Investments , FINANCE , ECONOMICS , Dow Jones averages , FINANCE , ECONOMICS , ECONOMICS , Investors",,https://ut.primo.exlibrisgroup.com/openurl/01UTAMPA_INST/01UTAMPA_INST:SpartanSearch?genre=article&amp;issn=&amp;title=Dow+Jones+Futures%3A+S%26amp%3BP+500+Hits+Highs+As+Bitcoin+Skids%3B+CrowdStrike+Leads+Movers+Late&amp;volume=&amp;issue=&amp;date=2024&amp;atitle=Dow+Jones+Futures%3A+S%26amp%3BP+500+Hits+Highs+As+Bitcoin+Skids%3B+CrowdStrike+Leads+Movers+Late&amp;spage=&amp;sid=ProQ%3Aabitrade&amp;author=Carson,ABI/INFORM Collection
This ETF Has Returned 40% in 2024. Why It Can Beat the S&P 500 Again Next Year.,3132948751,Newspapers,"Salisbury, Ian",," Copyright 2024 Dow Jones & Company, Inc. All Rights Reserved.", News," Nov 26, 2024",, English, English, New York,"Nov 26, 2024",Barron's (Online),2024,https://esearch.ut.edu/login?url=https://www.proquest.com/newspapers/this-etf-has-returned-40-2024-why-can-beat-s-amp/docview/3132948751/se-2?accountid=14762, 52591 Open-End Investment Funds, 52591 Open-End Investment Funds,, 52591 Open-End Investment Funds,, 52591 Open-End Investment Funds," FINANCE , Investments , ECONOMICS , Investors , Chatbots , FINANCE , United States--US",,https://ut.primo.exlibrisgroup.com/openurl/01UTAMPA_INST/01UTAMPA_INST:SpartanSearch?genre=article&amp;issn=&amp;title=This+ETF+Has+Returned+40%25+in+2024.+Why+It+Can+Beat+the+S%26amp%3BP+500+Again+Next+Year.&amp;volume=&amp;issue=&amp;date=2024&amp;atitle=This+ETF+Has+Returned+40%25+in+2024.+Why+It+Can+Beat+the+S%26amp%3BP+500+Again+Next+Year.&amp;spage=&amp;sid=ProQ%3Aabiglobal&amp;author=Salisbury,"ABI/INFORM Collection, Research Library"
"Stock market today: S&P 500, Dow end at record as investors shake off tariff fears, digest Fed minutes",3132885869,Newspapers,"De Mott, Filip",," Copyright Insider, Inc. 2024", News," Nov 26, 2024",, English, English, New York,"Nov 26, 2024",Business Insider,2024,https://esearch.ut.edu/login?url=https://www.proquest.com/newspapers/stock-market-today-s-amp-p-500-dow-end-at-record/docview/3132885869/se-2?accountid=14762," 92113 Public Finance Activities , 52111 Monetary Authorities-Central Bank , 52321 Securities and Commodity Exchanges"," 92113 Public Finance Activities , 52111 Monetary Authorities-Central Bank , 52321 Securities and Commodity Exchanges"," mi-exclusive , daily-market-wrap , stock-market , trump-tariffs , trump-trade , fed-minutes , fed-rate-cuts"," 92113 Public Finance Activities , 52111 Monetary Authorities-Central Bank , 52321 Securities and Commodity Exchanges",," 92113 Public Finance Activities , 52111 Monetary Authorities-Central Bank , 52321 Securities and Commodity Exchanges"," FINANCE , Investments , FINANCE , ECONOMICS , Dow Jones averages , ECONOMICS , Investors , Canada-US relations , ECONOMICS , Trump, Donald J , Mexico , United States--US , Canada , Israel , China"," mi-exclusive , daily-market-wrap , stock-market , trump-tariffs , trump-trade , fed-minutes , fed-rate-cuts",https://ut.primo.exlibrisgroup.com/openurl/01UTAMPA_INST/01UTAMPA_INST:SpartanSearch?genre=article&amp;issn=&amp;title=Stock+market+today%3A+S%26amp%3BP+500%2C+Dow+end+at+record+as+investors+shake+off+tariff+fears%2C+digest+Fed+minutes&amp;volume=&amp;issue=&amp;date=2024&amp;atitle=Stock+market+today%3A+S%26amp%3BP+500%2C+Dow+end+at+record+as+investors+shake+off+tariff+fears%2C+digest+Fed+minutes&amp;spage=&amp;sid=ProQ%3Aabidateline&amp;author=De+Mott,ABI/INFORM Collection
The Dollar Is Up. The S&P 500 Shouldn't Be Worried.,3132861732,Newspapers,"Sonenshine, Jacob",," Copyright 2024 Dow Jones & Company, Inc. All Rights Reserved.", News," Nov 26, 2024",, English, English, New York,"Nov 26, 2024",Barron's (Online),2024,https://esearch.ut.edu/login?url=https://www.proquest.com/newspapers/dollar-is-up-s-amp-p-500-shouldnt-be-worried/docview/3132861732/se-2?accountid=14762,,,,,,," FINANCE , ACCTAX , ECONOMICS , ECONOMICS , SUSTAINABILITY , United States--US",,https://ut.primo.exlibrisgroup.com/openurl/01UTAMPA_INST/01UTAMPA_INST:SpartanSearch?genre=article&amp;issn=&amp;title=The+Dollar+Is+Up.+The+S%26amp%3BP+500+Shouldn%27t+Be+Worried.&amp;volume=&amp;issue=&amp;date=2024&amp;atitle=The+Dollar+Is+Up.+The+S%26amp%3BP+500+Shouldn%27t+Be+Worried.&amp;spage=&amp;sid=ProQ%3Aabiglobal&amp;author=Sonenshine,"ABI/INFORM Collection, Research Library"
Wall Street is bullish on sports investing as major leagues' values outpace the S&P 500 by up to 5 times. Here's the strategy and sectors top firms are betting on.,3132846041,Newspapers,"Maidan, Laila", Yieldstreet," Copyright Insider, Inc. 2024", News," Nov 26, 2024",, English, English, New York,"Nov 26, 2024",Business Insider,2024,https://esearch.ut.edu/login?url=https://www.proquest.com/newspapers/wall-street-is-bullish-on-sports-investing-as/docview/3132846041/se-2?accountid=14762, 71121 Spectator Sports, 71121 Spectator Sports," markets , investing , sports-investing , private-equtiy , sports-betting , nfl , mls , nba", 71121 Spectator Sports,, 71121 Spectator Sports," Media rights , FINANCE , Professional soccer , INDUSTRY , Investors , FINANCE"," markets , investing , sports-investing , private-equtiy , sports-betting , nfl , mls , nba",https://ut.primo.exlibrisgroup.com/openurl/01UTAMPA_INST/01UTAMPA_INST:SpartanSearch?genre=article&amp;issn=&amp;title=Wall+Street+is+bullish+on+sports+investing+as+major+leagues%27+values+outpace+the+S%26amp%3BP+500+by+up+to+5+times.+Here%27s+the+strategy+and+sectors+top+firms+are+betting+on.&amp;volume=&amp;issue=&amp;date=2024&amp;atitle=Wall+Street+is+bullish+on+sports+investing+as+major+leagues%27+values+outpace+the+S%26amp%3BP+500+by+up+to+5+times.+Here%27s+the+strategy+and+sectors+top+firms+are+betting+on.&amp;spage=&amp;sid=ProQ%3Aabidateline&amp;author=Maidan,ABI/INFORM Collection
"The S&P 500 will rocket 17% higher in 2025 as risk appetite surges, Deutsche Bank says",3132846034,Newspapers,"De Mott, Filip", Deutsche Bank AG," Copyright Insider, Inc. 2024", News," Nov 26, 2024",, English, English, New York,"Nov 26, 2024",Business Insider,2024,https://esearch.ut.edu/login?url=https://www.proquest.com/newspapers/s-amp-p-500-will-rocket-17-higher-2025-as-risk/docview/3132846034/se-2?accountid=14762,,," mi-exclusive , stock-market , stock-market-outlook , deutsche-bank , spx , sp500 , bull-run",,,, SUSTAINABILITY," mi-exclusive , stock-market , stock-market-outlook , deutsche-bank , spx , sp500 , bull-run",https://ut.primo.exlibrisgroup.com/openurl/01UTAMPA_INST/01UTAMPA_INST:SpartanSearch?genre=article&amp;issn=&amp;title=The+S%26amp%3BP+500+will+rocket+17%25+higher+in+2025+as+risk+appetite+surges%2C+Deutsche+Bank+says&amp;volume=&amp;issue=&amp;date=2024&amp;atitle=The+S%26amp%3BP+500+will+rocket+17%25+higher+in+2025+as+risk+appetite+surges%2C+Deutsche+Bank+says&amp;spage=&amp;sid=ProQ%3Aabidateline&amp;author=De+Mott,ABI/INFORM Collection
NRG Energy Is S&P 500's Top Stock Today. Why It Gained a Bull.,3132829200,Newspapers,"Dattilo, Emily", NRG Energy Inc," Copyright 2024 Dow Jones & Company, Inc. All Rights Reserved.", News," Nov 26, 2024",, English, English, New York,"Nov 26, 2024",Barron's (Online),2024,https://esearch.ut.edu/login?url=https://www.proquest.com/newspapers/nrg-energy-is-s-amp-p-500s-top-stock-today-why/docview/3132829200/se-2?accountid=14762,,,,,,, OPERATIONS,,https://ut.primo.exlibrisgroup.com/openurl/01UTAMPA_INST/01UTAMPA_INST:SpartanSearch?genre=article&amp;issn=&amp;title=NRG+Energy+Is+S%26amp%3BP+500%27s+Top+Stock+Today.+Why+It+Gained+a+Bull.&amp;volume=&amp;issue=&amp;date=2024&amp;atitle=NRG+Energy+Is+S%26amp%3BP+500%27s+Top+Stock+Today.+Why+It+Gained+a+Bull.&amp;spage=&amp;sid=ProQ%3Aabiglobal&amp;author=Dattilo,"ABI/INFORM Collection, Research Library"
"Dow Jones, S&P 500 At New High After Fed Minutes; Dell, Workday, CrowdStrike Report (Live Coverage)",3132814688,Newspapers,"Ramakrishnan, Vidya"," Amgen Inc , NVidia Corp"," © 2024. Investor’s Business Daily, LLC All rights reserved", News," Nov 26, 2024",, English, English, Los Angeles,"Nov 26, 2024",Investor's Business Daily (Online),2024,https://esearch.ut.edu/login?url=https://www.proquest.com/newspapers/dow-jones-s-amp-p-500-at-new-high-after-fed/docview/3132814688/se-2?accountid=14762," 52321 Securities and Commodity Exchanges , 92113 Public Finance Activities , 52111 Monetary Authorities-Central Bank"," 52321 Securities and Commodity Exchanges , 92113 Public Finance Activities , 52111 Monetary Authorities-Central Bank",," 52321 Securities and Commodity Exchanges , 92113 Public Finance Activities , 52111 Monetary Authorities-Central Bank",," 52321 Securities and Commodity Exchanges , 92113 Public Finance Activities , 52111 Monetary Authorities-Central Bank"," FINANCE , Investments , FINANCE , SUSTAINABILITY , ECONOMICS , Dow Jones averages , FINANCE , SUSTAINABILITY , Investors , Estimates , PSYCHOLOGY , ECONOMICS , ECONOMICS , Mexico , Canada , China",,https://ut.primo.exlibrisgroup.com/openurl/01UTAMPA_INST/01UTAMPA_INST:SpartanSearch?genre=article&amp;issn=&amp;title=Dow+Jones%2C+S%26amp%3BP+500+At+New+High+After+Fed+Minutes%3B+Dell%2C+Workday%2C+CrowdStrike+Report+%28Live+Coverage%29&amp;volume=&amp;issue=&amp;date=2024&amp;atitle=Dow+Jones%2C+S%26amp%3BP+500+At+New+High+After+Fed+Minutes%3B+Dell%2C+Workday%2C+CrowdStrike+Report+%28Live+Coverage%29&amp;spage=&amp;sid=ProQ%3Aabitrade&amp;author=Ramakrishnan,ABI/INFORM Collection
"The S&P 500 Will Rise 17% by the End of 2025, Strategist Says. Here's Why.",3132803113,Newspapers,"Glover, George", Deutsche Bank AG," Copyright 2024 Dow Jones & Company, Inc. All Rights Reserved.", News," Nov 26, 2024",, English, English, New York,"Nov 26, 2024",Barron's (Online),2024,https://esearch.ut.edu/login?url=https://www.proquest.com/newspapers/s-amp-p-500-will-rise-17-end-2025-strategist-says/docview/3132803113/se-2?accountid=14762,,,,,,," ECONOMICS , SUSTAINABILITY , United States--US",,https://ut.primo.exlibrisgroup.com/openurl/01UTAMPA_INST/01UTAMPA_INST:SpartanSearch?genre=article&amp;issn=&amp;title=The+S%26amp%3BP+500+Will+Rise+17%25+by+the+End+of+2025%2C+Strategist+Says.+Here%27s+Why.&amp;volume=&amp;issue=&amp;date=2024&amp;atitle=The+S%26amp%3BP+500+Will+Rise+17%25+by+the+End+of+2025%2C+Strategist+Says.+Here%27s+Why.&amp;spage=&amp;sid=ProQ%3Aabiglobal&amp;author=Glover,"ABI/INFORM Collection, Research Library"
"How S&P 500 tends to perform during Thanksgiving week and into New Year's Eve; 'Seasonality suggests that Thanksgiving week can be a strong week,' particularly after presidential elections, according to BofA",3132765447,Newspapers,"Idzelis, Christine",," Copyright 2024 MarketWatch, Inc.  All Rights Reserved.", News," Nov 26, 2024",, English, English, South Brunswick,"Nov 26, 2024",MarketWatch,2024,https://esearch.ut.edu/login?url=https://www.proquest.com/newspapers/how-s-amp-p-500-tends-perform-during-thanksgiving/docview/3132765447/se-2?accountid=14762," 92111 Executive Offices , 52321 Securities and Commodity Exchanges"," 92111 Executive Offices , 52321 Securities and Commodity Exchanges",," 92111 Executive Offices , 52321 Securities and Commodity Exchanges",," 92111 Executive Offices , 52321 Securities and Commodity Exchanges"," Thanksgiving , Dow Jones averages , FINANCE , New year , Presidential elections , FINANCE , United States--US",,https://ut.primo.exlibrisgroup.com/openurl/01UTAMPA_INST/01UTAMPA_INST:SpartanSearch?genre=article&amp;issn=&amp;title=How+S%26amp%3BP+500+tends+to+perform+during+Thanksgiving+week+and+into+New+Year%27s+Eve%3B+%27Seasonality+suggests+that+Thanksgiving+week+can+be+a+strong+week%2C%27+particularly+after+presidential+elections%2C+according+to+BofA&amp;volume=&amp;issue=&amp;date=2024&amp;atitle=How+S%26amp%3BP+500+tends+to+perform+during+Thanksgiving+week+and+into+New+Year%27s+Eve%3B+%27Seasonality+suggests+that+Thanksgiving+week+can+be+a+strong+week%2C%27+particularly+after+presidential+elections%2C+according+to+BofA&amp;spage=&amp;sid=ProQ%3Aabidateline&amp;author=Idzelis,ABI/INFORM Collection
"How S&P 500 tends to perform during Thanksgiving week and into New Year's Eve; 'Seasonality suggests that Thanksgiving week can be a strong week,' particularly after presidential elections, according to BofA",3132617171,Newspapers,"Idzelis, Christine",," Copyright 2024 MarketWatch, Inc.  All Rights Reserved.", News," Nov 25, 2024",, English, English, South Brunswick,"Nov 25, 2024",MarketWatch,2024,https://esearch.ut.edu/login?url=https://www.proquest.com/newspapers/how-s-amp-p-500-tends-perform-during-thanksgiving/docview/3132617171/se-2?accountid=14762," 92111 Executive Offices , 52321 Securities and Commodity Exchanges"," 92111 Executive Offices , 52321 Securities and Commodity Exchanges",," 92111 Executive Offices , 52321 Securities and Commodity Exchanges",," 92111 Executive Offices , 52321 Securities and Commodity Exchanges"," Thanksgiving , Dow Jones averages , FINANCE , New year , Presidential elections , FINANCE , United States--US",,https://ut.primo.exlibrisgroup.com/openurl/01UTAMPA_INST/01UTAMPA_INST:SpartanSearch?genre=article&amp;issn=&amp;title=How+S%26amp%3BP+500+tends+to+perform+during+Thanksgiving+week+and+into+New+Year%27s+Eve%3B+%27Seasonality+suggests+that+Thanksgiving+week+can+be+a+strong+week%2C%27+particularly+after+presidential+elections%2C+according+to+BofA&amp;volume=&amp;issue=&amp;date=2024&amp;atitle=How+S%26amp%3BP+500+tends+to+perform+during+Thanksgiving+week+and+into+New+Year%27s+Eve%3B+%27Seasonality+suggests+that+Thanksgiving+week+can+be+a+strong+week%2C%27+particularly+after+presidential+elections%2C+according+to+BofA&amp;spage=&amp;sid=ProQ%3Aabidateline&amp;author=Idzelis,ABI/INFORM Collection
"A 'golden age of investing' could deliver a 118% rally for the S&P 500 through the rest of this decade, veteran strategist says",3132613006,Newspapers,"Fox, Matthew",," Copyright Insider, Inc. 2024", News," Nov 25, 2024",, English, English, New York,"Nov 25, 2024",Business Insider,2024,https://esearch.ut.edu/login?url=https://www.proquest.com/newspapers/golden-age-investing-could-deliver-118-rally-s/docview/3132613006/se-2?accountid=14762, 52321 Securities and Commodity Exchanges, 52321 Securities and Commodity Exchanges," mi-exclusive , stock-market-outlook , stock-market-analysis , stock-market , markets , analyst-note , sp-500", 52321 Securities and Commodity Exchanges,, 52321 Securities and Commodity Exchanges," FINANCE , Investments , ECONOMICS , Investors , FINANCE"," mi-exclusive , stock-market-outlook , stock-market-analysis , stock-market , markets , analyst-note , sp-500",https://ut.primo.exlibrisgroup.com/openurl/01UTAMPA_INST/01UTAMPA_INST:SpartanSearch?genre=article&amp;issn=&amp;title=A+%27golden+age+of+investing%27+could+deliver+a+118%25+rally+for+the+S%26amp%3BP+500+through+the+rest+of+this+decade%2C+veteran+strategist+says&amp;volume=&amp;issue=&amp;date=2024&amp;atitle=A+%27golden+age+of+investing%27+could+deliver+a+118%25+rally+for+the+S%26amp%3BP+500+through+the+rest+of+this+decade%2C+veteran+strategist+says&amp;spage=&amp;sid=ProQ%3Aabidateline&amp;author=Fox,ABI/INFORM Collection
Wall Street targets for S&P 500 next year huddled in narrow range as Barclays hikes view; Firm expects half of Trump's proposed tariff levels to be enacted,3132555801,Newspapers,"Goldstein, Steve",," Copyright 2024 MarketWatch, Inc.  All Rights Reserved.", News," Nov 25, 2024",, English, English, South Brunswick,"Nov 25, 2024",MarketWatch,2024,https://esearch.ut.edu/login?url=https://www.proquest.com/newspapers/wall-street-targets-s-amp-p-500-next-year-huddled/docview/3132555801/se-2?accountid=14762,,,,,,," SUSTAINABILITY , ECONOMICS , SUSTAINABILITY , United States--US",,https://ut.primo.exlibrisgroup.com/openurl/01UTAMPA_INST/01UTAMPA_INST:SpartanSearch?genre=article&amp;issn=&amp;title=Wall+Street+targets+for+S%26amp%3BP+500+next+year+huddled+in+narrow+range+as+Barclays+hikes+view%3B+Firm+expects+half+of+Trump%27s+proposed+tariff+levels+to+be+enacted&amp;volume=&amp;issue=&amp;date=2024&amp;atitle=Wall+Street+targets+for+S%26amp%3BP+500+next+year+huddled+in+narrow+range+as+Barclays+hikes+view%3B+Firm+expects+half+of+Trump%27s+proposed+tariff+levels+to+be+enacted&amp;spage=&amp;sid=ProQ%3Aabidateline&amp;author=Goldstein,ABI/INFORM Collection
How High Can the S&P 500 Go? The Math Behind Wall Street's Sky-High Price Targets.,3132480597,Newspapers,"Vanjani, Karishma"," Goldman Sachs Group Inc , Morgan Stanley"," Copyright 2024 Dow Jones & Company, Inc. All Rights Reserved.", News," Nov 25, 2024",, English, English, New York,"Nov 25, 2024",Barron's (Online),2024,https://esearch.ut.edu/login?url=https://www.proquest.com/newspapers/how-high-can-s-amp-p-500-go-math-behind-wall/docview/3132480597/se-2?accountid=14762,,,,,,," ECONOMICS , Investments , ECONOMICS , ECONOMICS , United States--US",,https://ut.primo.exlibrisgroup.com/openurl/01UTAMPA_INST/01UTAMPA_INST:SpartanSearch?genre=article&amp;issn=&amp;title=How+High+Can+the+S%26amp%3BP+500+Go%3F+The+Math+Behind+Wall+Street%27s+Sky-High+Price+Targets.&amp;volume=&amp;issue=&amp;date=2024&amp;atitle=How+High+Can+the+S%26amp%3BP+500+Go%3F+The+Math+Behind+Wall+Street%27s+Sky-High+Price+Targets.&amp;spage=&amp;sid=ProQ%3Aabiglobal&amp;author=Vanjani,"ABI/INFORM Collection, Research Library"
The S&P 500 is inflated by 25% because investors don't care about fundamentals; A bull market rooted in earnings is far more solid than one riding on emotions,3132116752,Newspapers,"Hulbert, Mark",," Copyright 2024 MarketWatch, Inc.  All Rights Reserved.", News," Nov 23, 2024",, English, English, South Brunswick,"Nov 23, 2024",MarketWatch,2024,https://esearch.ut.edu/login?url=https://www.proquest.com/newspapers/s-amp-p-500-is-inflated-25-because-investors-dont/docview/3132116752/se-2?accountid=14762,,,,,,," Dow Jones averages , Investments , ECONOMICS , FINANCE , SUSTAINABILITY , FINANCE , FINANCE , PSYCHOLOGY , United States--US",,https://ut.primo.exlibrisgroup.com/openurl/01UTAMPA_INST/01UTAMPA_INST:SpartanSearch?genre=article&amp;issn=&amp;title=The+S%26amp%3BP+500+is+inflated+by+25%25+because+investors+don%27t+care+about+fundamentals%3B+A+bull+market+rooted+in+earnings+is+far+more+solid+than+one+riding+on+emotions&amp;volume=&amp;issue=&amp;date=2024&amp;atitle=The+S%26amp%3BP+500+is+inflated+by+25%25+because+investors+don%27t+care+about+fundamentals%3B+A+bull+market+rooted+in+earnings+is+far+more+solid+than+one+riding+on+emotions&amp;spage=&amp;sid=ProQ%3Aabidateline&amp;author=Hulbert,ABI/INFORM Collection
"S&P 500 is on a 12-month tear as tariffs threaten 2025 outlook for U.S. stocks; 'Tariffs are a real concern,' says the chief investment officer for the Americas at UBS Global Wealth Management",3132087963,Newspapers,"Idzelis, Christine", UBS AG," Copyright 2024 MarketWatch, Inc.  All Rights Reserved.", News," Nov 23, 2024",, English, English, South Brunswick,"Nov 23, 2024",MarketWatch,2024,https://esearch.ut.edu/login?url=https://www.proquest.com/newspapers/s-amp-p-500-is-on-12-month-tear-as-tariffs/docview/3132087963/se-2?accountid=14762, 52321 Securities and Commodity Exchanges, 52321 Securities and Commodity Exchanges,, 52321 Securities and Commodity Exchanges,, 52321 Securities and Commodity Exchanges," FINANCE , Investments , FINANCE , ECONOMICS , Dow Jones averages , ECONOMICS , ECONOMICS , ACCTAX , Financial executives , SUSTAINABILITY , SUSTAINABILITY , United States--US",,https://ut.primo.exlibrisgroup.com/openurl/01UTAMPA_INST/01UTAMPA_INST:SpartanSearch?genre=article&amp;issn=&amp;title=S%26amp%3BP+500+is+on+a+12-month+tear+as+tariffs+threaten+2025+outlook+for+U.S.+stocks%3B+%27Tariffs+are+a+real+concern%2C%27+says+the+chief+investment+officer+for+the+Americas+at+UBS+Global+Wealth+Management&amp;volume=&amp;issue=&amp;date=2024&amp;atitle=S%26amp%3BP+500+is+on+a+12-month+tear+as+tariffs+threaten+2025+outlook+for+U.S.+stocks%3B+%27Tariffs+are+a+real+concern%2C%27+says+the+chief+investment+officer+for+the+Americas+at+UBS+Global+Wealth+Management&amp;spage=&amp;sid=ProQ%3Aabidateline&amp;author=Idzelis,ABI/INFORM Collection
"S&P 500 is on a 12-month tear as tariffs threaten 2025 outlook for U.S. stocks; 'Tariffs are a real concern,' says the chief investment officer for the Americas at UBS Global Wealth Management",3131874452,Newspapers,"Idzelis, Christine", UBS AG," Copyright 2024 MarketWatch, Inc.  All Rights Reserved.", News," Nov 22, 2024",, English, English, South Brunswick,"Nov 22, 2024",MarketWatch,2024,https://esearch.ut.edu/login?url=https://www.proquest.com/newspapers/s-amp-p-500-is-on-12-month-tear-as-tariffs/docview/3131874452/se-2?accountid=14762, 52321 Securities and Commodity Exchanges, 52321 Securities and Commodity Exchanges,, 52321 Securities and Commodity Exchanges,, 52321 Securities and Commodity Exchanges," FINANCE , Investments , FINANCE , ECONOMICS , Dow Jones averages , ECONOMICS , ECONOMICS , ACCTAX , Financial executives , SUSTAINABILITY , SUSTAINABILITY , United States--US",,https://ut.primo.exlibrisgroup.com/openurl/01UTAMPA_INST/01UTAMPA_INST:SpartanSearch?genre=article&amp;issn=&amp;title=S%26amp%3BP+500+is+on+a+12-month+tear+as+tariffs+threaten+2025+outlook+for+U.S.+stocks%3B+%27Tariffs+are+a+real+concern%2C%27+says+the+chief+investment+officer+for+the+Americas+at+UBS+Global+Wealth+Management&amp;volume=&amp;issue=&amp;date=2024&amp;atitle=S%26amp%3BP+500+is+on+a+12-month+tear+as+tariffs+threaten+2025+outlook+for+U.S.+stocks%3B+%27Tariffs+are+a+real+concern%2C%27+says+the+chief+investment+officer+for+the+Americas+at+UBS+Global+Wealth+Management&amp;spage=&amp;sid=ProQ%3Aabidateline&amp;author=Idzelis,ABI/INFORM Collection
Why Palo Alto Networks' stock is having its worst day in nine months; The stock is pacing S&P 500 laggards after a bearish downgrade at HSBC,3131836840,Newspapers,"Bary, Emily", Palo Alto Networks," Copyright 2024 MarketWatch, Inc.  All Rights Reserved.", News," Nov 22, 2024",, English, English, South Brunswick,"Nov 22, 2024",MarketWatch,2024,https://esearch.ut.edu/login?url=https://www.proquest.com/newspapers/why-palo-alto-networks-stock-is-having-worst-day/docview/3131836840/se-2?accountid=14762,,,,,,," United States--US , Palo Alto California",,https://ut.primo.exlibrisgroup.com/openurl/01UTAMPA_INST/01UTAMPA_INST:SpartanSearch?genre=article&amp;issn=&amp;title=Why+Palo+Alto+Networks%27+stock+is+having+its+worst+day+in+nine+months%3B+The+stock+is+pacing+S%26amp%3BP+500+laggards+after+a+bearish+downgrade+at+HSBC&amp;volume=&amp;issue=&amp;date=2024&amp;atitle=Why+Palo+Alto+Networks%27+stock+is+having+its+worst+day+in+nine+months%3B+The+stock+is+pacing+S%26amp%3BP+500+laggards+after+a+bearish+downgrade+at+HSBC&amp;spage=&amp;sid=ProQ%3Aabidateline&amp;author=Bary,ABI/INFORM Collection
"Nvidia and the Magnificent Seven probably make up too much of your high-priced index fund, especially when the S&P 500 is this expensive; Also: Viking Therapeutics and a push to transform weight-loss treatment, bitcoin nears $100,000, and tips for filling out the federal student-aid form",3131831183,Newspapers,Philip van Doorn," Viking Therapeutics Inc , NVidia Corp"," Copyright 2024 MarketWatch, Inc.  All Rights Reserved.", News," Nov 22, 2024",, English, English, South Brunswick,"Nov 22, 2024",MarketWatch,2024,https://esearch.ut.edu/login?url=https://www.proquest.com/newspapers/nvidia-magnificent-seven-probably-make-up-too/docview/3131831183/se-2?accountid=14762," 52591 Open-End Investment Funds , 52321 Securities and Commodity Exchanges"," 52591 Open-End Investment Funds , 52321 Securities and Commodity Exchanges",," 52591 Open-End Investment Funds , 52321 Securities and Commodity Exchanges",," 52591 Open-End Investment Funds , 52321 Securities and Commodity Exchanges"," ECONOMICS , FINANCE , Prices , HUMANRESOURCES , FINANCE , Investors , FINANCE",,https://ut.primo.exlibrisgroup.com/openurl/01UTAMPA_INST/01UTAMPA_INST:SpartanSearch?genre=article&amp;issn=&amp;title=Nvidia+and+the+Magnificent+Seven+probably+make+up+too+much+of+your+high-priced+index+fund%2C+especially+when+the+S%26amp%3BP+500+is+this+expensive%3B+Also%3A+Viking+Therapeutics+and+a+push+to+transform+weight-loss+treatment%2C+bitcoin+nears+%24100%2C000%2C+and+tips+for+filling+out+the+federal+student-aid+form&amp;volume=&amp;issue=&amp;date=2024&amp;atitle=Nvidia+and+the+Magnificent+Seven+probably+make+up+too+much+of+your+high-priced+index+fund%2C+especially+when+the+S%26amp%3BP+500+is+this+expensive%3B+Also%3A+Viking+Therapeutics+and+a+push+to+transform+weight-loss+treatment%2C+bitcoin+nears+%24100%2C000%2C+and+tips+for+filling+out+the+federal+student-aid+form&amp;spage=&amp;sid=ProQ%3Aabidateline&amp;author=Philip+van+Doorn,ABI/INFORM Collection
Texas Pacific Land Stock Is Joining the S&P 500. This Stock Is Being Kicked Out.,3131822447,Newspapers,"Bary, Andrew", Marathon Oil Corp," Copyright 2024 Dow Jones & Company, Inc. All Rights Reserved.", News," Nov 22, 2024",, English, English, New York,"Nov 22, 2024",Barron's (Online),2024,https://esearch.ut.edu/login?url=https://www.proquest.com/newspapers/texas-pacific-land-stock-is-joining-s-amp-p-500/docview/3131822447/se-2?accountid=14762,,,,,,," FINANCE , Permian Basin , Texas , United States--US",,https://ut.primo.exlibrisgroup.com/openurl/01UTAMPA_INST/01UTAMPA_INST:SpartanSearch?genre=article&amp;issn=&amp;title=Texas+Pacific+Land+Stock+Is+Joining+the+S%26amp%3BP+500.+This+Stock+Is+Being+Kicked+Out.&amp;volume=&amp;issue=&amp;date=2024&amp;atitle=Texas+Pacific+Land+Stock+Is+Joining+the+S%26amp%3BP+500.+This+Stock+Is+Being+Kicked+Out.&amp;spage=&amp;sid=ProQ%3Aabiglobal&amp;author=Bary,"ABI/INFORM Collection, Research Library"
S&P 500: Texas Pacific Land Rises On S&P 500 Index Entry,3131590525,Newspapers,"Carson, Ed",," © 2024. Investor’s Business Daily, LLC All rights reserved", News," Nov 22, 2024",, English, English, Los Angeles,"Nov 22, 2024",Investor's Business Daily (Online),2024,https://esearch.ut.edu/login?url=https://www.proquest.com/newspapers/s-amp-p-500-texas-pacific-land-rises-on-index/docview/3131590525/se-2?accountid=14762, 52321 Securities and Commodity Exchanges, 52321 Securities and Commodity Exchanges,, 52321 Securities and Commodity Exchanges,, 52321 Securities and Commodity Exchanges," FINANCE , FINANCE , FINANCE , FINANCE , FINANCE , Texas , United States--US",,https://ut.primo.exlibrisgroup.com/openurl/01UTAMPA_INST/01UTAMPA_INST:SpartanSearch?genre=article&amp;issn=&amp;title=S%26amp%3BP+500%3A+Texas+Pacific+Land+Rises+On+S%26amp%3BP+500+Index+Entry&amp;volume=&amp;issue=&amp;date=2024&amp;atitle=S%26amp%3BP+500%3A+Texas+Pacific+Land+Rises+On+S%26amp%3BP+500+Index+Entry&amp;spage=&amp;sid=ProQ%3Aabitrade&amp;author=Carson,ABI/INFORM Collection
Texas Pacific Land Will Join S&P 500. It Replaces Marathon Oil.,3131561775,Newspapers,"Bary, Andrew", Marathon Oil Corp," Copyright 2024 Dow Jones & Company, Inc. All Rights Reserved.", News," Nov 21, 2024",, English, English, New York,"Nov 21, 2024",Barron's (Online),2024,https://esearch.ut.edu/login?url=https://www.proquest.com/newspapers/texas-pacific-land-will-join-s-amp-p-500-replaces/docview/3131561775/se-2?accountid=14762,,,,,,," FINANCE , Texas , United States--US",,https://ut.primo.exlibrisgroup.com/openurl/01UTAMPA_INST/01UTAMPA_INST:SpartanSearch?genre=article&amp;issn=&amp;title=Texas+Pacific+Land+Will+Join+S%26amp%3BP+500.+It+Replaces+Marathon+Oil.&amp;volume=&amp;issue=&amp;date=2024&amp;atitle=Texas+Pacific+Land+Will+Join+S%26amp%3BP+500.+It+Replaces+Marathon+Oil.&amp;spage=&amp;sid=ProQ%3Aabiglobal&amp;author=Bary,"ABI/INFORM Collection, Research Library"
Amentum Stock Is Leading the S&P 500. What We Know.,3131451936,Newspapers,"Dattilo, Emily",," Copyright 2024 Dow Jones & Company, Inc. All Rights Reserved.", News," Nov 21, 2024",, English, English, New York,"Nov 21, 2024",Barron's (Online),2024,https://esearch.ut.edu/login?url=https://www.proquest.com/newspapers/amentum-stock-is-leading-s-amp-p-500-what-we-know/docview/3131451936/se-2?accountid=14762,,,,,,,,,https://ut.primo.exlibrisgroup.com/openurl/01UTAMPA_INST/01UTAMPA_INST:SpartanSearch?genre=article&amp;issn=&amp;title=Amentum+Stock+Is+Leading+the+S%26amp%3BP+500.+What+We+Know.&amp;volume=&amp;issue=&amp;date=2024&amp;atitle=Amentum+Stock+Is+Leading+the+S%26amp%3BP+500.+What+We+Know.&amp;spage=&amp;sid=ProQ%3Aabiglobal&amp;author=Dattilo,"ABI/INFORM Collection, Research Library"
Palantir Is Best S&P 500 Stock in November. This Chemical Materials Company Is the Worst.,3131451925,Newspapers,"Dattilo, Emily",," Copyright 2024 Dow Jones & Company, Inc. All Rights Reserved.", News," Nov 21, 2024",, English, English, New York,"Nov 21, 2024",Barron's (Online),2024,https://esearch.ut.edu/login?url=https://www.proquest.com/newspapers/palantir-is-best-s-amp-p-500-stock-november-this/docview/3131451925/se-2?accountid=14762,,,,,,,,,https://ut.primo.exlibrisgroup.com/openurl/01UTAMPA_INST/01UTAMPA_INST:SpartanSearch?genre=article&amp;issn=&amp;title=Palantir+Is+Best+S%26amp%3BP+500+Stock+in+November.+This+Chemical+Materials+Company+Is+the+Worst.&amp;volume=&amp;issue=&amp;date=2024&amp;atitle=Palantir+Is+Best+S%26amp%3BP+500+Stock+in+November.+This+Chemical+Materials+Company+Is+the+Worst.&amp;spage=&amp;sid=ProQ%3Aabiglobal&amp;author=Dattilo,"ABI/INFORM Collection, Research Library"
The S&P 500 is inflated by 25% because investors don't care about fundamentals; A bull market rooted in earnings is far more solid than one riding on emotions,3131239038,Newspapers,"Hulbert, Mark",," Copyright 2024 MarketWatch, Inc.  All Rights Reserved.", News," Nov 21, 2024",, English, English, South Brunswick,"Nov 21, 2024",MarketWatch,2024,https://esearch.ut.edu/login?url=https://www.proquest.com/newspapers/s-amp-p-500-is-inflated-25-because-investors-dont/docview/3131239038/se-2?accountid=14762,,,,,,," Dow Jones averages , Investments , ECONOMICS , FINANCE , FINANCE , SUSTAINABILITY , FINANCE , PSYCHOLOGY , United States--US",,https://ut.primo.exlibrisgroup.com/openurl/01UTAMPA_INST/01UTAMPA_INST:SpartanSearch?genre=article&amp;issn=&amp;title=The+S%26amp%3BP+500+is+inflated+by+25%25+because+investors+don%27t+care+about+fundamentals%3B+A+bull+market+rooted+in+earnings+is+far+more+solid+than+one+riding+on+emotions&amp;volume=&amp;issue=&amp;date=2024&amp;atitle=The+S%26amp%3BP+500+is+inflated+by+25%25+because+investors+don%27t+care+about+fundamentals%3B+A+bull+market+rooted+in+earnings+is+far+more+solid+than+one+riding+on+emotions&amp;spage=&amp;sid=ProQ%3Aabidateline&amp;author=Hulbert,ABI/INFORM Collection
"Another bullish call for stocks in 2025. Wells Fargo raises S&P 500 target on strong economy, Trump's policy changes. A potentially stronger U.S. economy and likely policy shifts in Trump's second term support a bullish forecast for the S&P 500 in 2025: Wells Fargo Investment Institute",3130870897,Newspapers,"Wang, Isabel", Wells Fargo & Co," Copyright 2024 MarketWatch, Inc.  All Rights Reserved.", News," Nov 20, 2024",, English, English, South Brunswick,"Nov 20, 2024",MarketWatch,2024,https://esearch.ut.edu/login?url=https://www.proquest.com/newspapers/another-bullish-call-stocks-2025-wells-fargo/docview/3130870897/se-2?accountid=14762,,,,,,," Dow Jones averages , Investments , ECONOMICS , BANKING , ECONOMICS , United States--US",,https://ut.primo.exlibrisgroup.com/openurl/01UTAMPA_INST/01UTAMPA_INST:SpartanSearch?genre=article&amp;issn=&amp;title=Another+bullish+call+for+stocks+in+2025.+Wells+Fargo+raises+S%26amp%3BP+500+target+on+strong+economy%2C+Trump%27s+policy+changes.+A+potentially+stronger+U.S.+economy+and+likely+policy+shifts+in+Trump%27s+second+term+support+a+bullish+forecast+for+the+S%26amp%3BP+500+in+2025%3A+Wells+Fargo+Investment+Institute&amp;volume=&amp;issue=&amp;date=2024&amp;atitle=Another+bullish+call+for+stocks+in+2025.+Wells+Fargo+raises+S%26amp%3BP+500+target+on+strong+economy%2C+Trump%27s+policy+changes.+A+potentially+stronger+U.S.+economy+and+likely+policy+shifts+in+Trump%27s+second+term+support+a+bullish+forecast+for+the+S%26amp%3BP+500+in+2025%3A+Wells+Fargo+Investment+Institute&amp;spage=&amp;sid=ProQ%3Aabidateline&amp;author=Wang,ABI/INFORM Collection
"S&P 500 bounces as stocks' bull-market cycle seen potentially speeding up in 2025; 'It's hard to see the market correcting between now and year-end,' says Morgan Stanley's Andrew Slimmon",3130608190,Newspapers,"Idzelis, Christine",," Copyright 2024 MarketWatch, Inc.  All Rights Reserved.", News," Nov 20, 2024",, English, English, South Brunswick,"Nov 20, 2024",MarketWatch,2024,https://esearch.ut.edu/login?url=https://www.proquest.com/newspapers/s-amp-p-500-bounces-as-stocks-bull-market-cycle/docview/3130608190/se-2?accountid=14762, 52321 Securities and Commodity Exchanges, 52321 Securities and Commodity Exchanges,, 52321 Securities and Commodity Exchanges,, 52321 Securities and Commodity Exchanges," Dow Jones averages , FINANCE , PSYCHOLOGY , ECONOMICS , Investments , Investors , FINANCE , FINANCE , ECONOMICS , ECONOMICS , ECONOMICS , United States--US",,https://ut.primo.exlibrisgroup.com/openurl/01UTAMPA_INST/01UTAMPA_INST:SpartanSearch?genre=article&amp;issn=&amp;title=S%26amp%3BP+500+bounces+as+stocks%27+bull-market+cycle+seen+potentially+speeding+up+in+2025%3B+%27It%27s+hard+to+see+the+market+correcting+between+now+and+year-end%2C%27+says+Morgan+Stanley%27s+Andrew+Slimmon&amp;volume=&amp;issue=&amp;date=2024&amp;atitle=S%26amp%3BP+500+bounces+as+stocks%27+bull-market+cycle+seen+potentially+speeding+up+in+2025%3B+%27It%27s+hard+to+see+the+market+correcting+between+now+and+year-end%2C%27+says+Morgan+Stanley%27s+Andrew+Slimmon&amp;spage=&amp;sid=ProQ%3Aabidateline&amp;author=Idzelis,ABI/INFORM Collection
"Palantir, The Newest S&P 500 Stock, Is Leaving Nvidia In The Dust. But It's Not No. 1.",3130600125,Newspapers,"Carson, Ed"," Palantir Technologies , GE Vernova , NVidia Corp"," © 2024. Investor’s Business Daily, LLC All rights reserved", News," Nov 20, 2024",, English, English, Los Angeles,"Nov 20, 2024",Investor's Business Daily (Online),2024,https://esearch.ut.edu/login?url=https://www.proquest.com/newspapers/palantir-newest-s-amp-p-500-stock-is-leaving/docview/3130600125/se-2?accountid=14762, 52321 Securities and Commodity Exchanges, 52321 Securities and Commodity Exchanges,, 52321 Securities and Commodity Exchanges,, 52321 Securities and Commodity Exchanges," FINANCE , FINANCE , SUSTAINABILITY , FINANCE",,https://ut.primo.exlibrisgroup.com/openurl/01UTAMPA_INST/01UTAMPA_INST:SpartanSearch?genre=article&amp;issn=&amp;title=Palantir%2C+The+Newest+S%26amp%3BP+500+Stock%2C+Is+Leaving+Nvidia+In+The+Dust.+But+It%27s+Not+No.+1.&amp;volume=&amp;issue=&amp;date=2024&amp;atitle=Palantir%2C+The+Newest+S%26amp%3BP+500+Stock%2C+Is+Leaving+Nvidia+In+The+Dust.+But+It%27s+Not+No.+1.&amp;spage=&amp;sid=ProQ%3Aabitrade&amp;author=Carson,ABI/INFORM Collection
"3 reasons the S&P 500 will soar 14% through 2025, BMO says",3130263307,Newspapers,"De Mott, Filip",," Copyright Insider, Inc. 2024", News," Nov 19, 2024",, English, English, New York,"Nov 19, 2024",Business Insider,2024,https://esearch.ut.edu/login?url=https://www.proquest.com/newspapers/3-reasons-s-amp-p-500-will-soar-14-through-2025/docview/3130263307/se-2?accountid=14762," 92113 Public Finance Activities , 52111 Monetary Authorities-Central Bank , 52321 Securities and Commodity Exchanges"," 92113 Public Finance Activities , 52111 Monetary Authorities-Central Bank , 52321 Securities and Commodity Exchanges"," mi-exclusive , stock-market , stock-market-outlook , sp500 , earnings-growth , bull-market , interest-rates"," 92113 Public Finance Activities , 52111 Monetary Authorities-Central Bank , 52321 Securities and Commodity Exchanges",," 92113 Public Finance Activities , 52111 Monetary Authorities-Central Bank , 52321 Securities and Commodity Exchanges"," FINANCE , ECONOMICS , ECONOMICS , FINANCE , Belski, Brian"," mi-exclusive , stock-market , stock-market-outlook , sp500 , earnings-growth , bull-market , interest-rates",https://ut.primo.exlibrisgroup.com/openurl/01UTAMPA_INST/01UTAMPA_INST:SpartanSearch?genre=article&amp;issn=&amp;title=3+reasons+the+S%26amp%3BP+500+will+soar+14%25+through+2025%2C+BMO+says&amp;volume=&amp;issue=&amp;date=2024&amp;atitle=3+reasons+the+S%26amp%3BP+500+will+soar+14%25+through+2025%2C+BMO+says&amp;spage=&amp;sid=ProQ%3Aabidateline&amp;author=De+Mott,ABI/INFORM Collection
"Palantir, The Newest S&P 500 Stock, Is Leaving Nvidia In The Dust. But It's Not No. 1.",3130188736,Newspapers,"Carson, Ed"," Palantir Technologies , NVidia Corp , GE Vernova"," © 2024. Investor’s Business Daily, LLC All rights reserved", News," Nov 19, 2024",, English, English, Los Angeles,"Nov 19, 2024",Investor's Business Daily (Online),2024,https://esearch.ut.edu/login?url=https://www.proquest.com/newspapers/palantir-newest-s-amp-p-500-stock-is-leaving/docview/3130188736/se-2?accountid=14762, 52321 Securities and Commodity Exchanges, 52321 Securities and Commodity Exchanges,, 52321 Securities and Commodity Exchanges,, 52321 Securities and Commodity Exchanges," FINANCE , FINANCE , FINANCE , SUSTAINABILITY",,https://ut.primo.exlibrisgroup.com/openurl/01UTAMPA_INST/01UTAMPA_INST:SpartanSearch?genre=article&amp;issn=&amp;title=Palantir%2C+The+Newest+S%26amp%3BP+500+Stock%2C+Is+Leaving+Nvidia+In+The+Dust.+But+It%27s+Not+No.+1.&amp;volume=&amp;issue=&amp;date=2024&amp;atitle=Palantir%2C+The+Newest+S%26amp%3BP+500+Stock%2C+Is+Leaving+Nvidia+In+The+Dust.+But+It%27s+Not+No.+1.&amp;spage=&amp;sid=ProQ%3Aabitrade&amp;author=Carson,ABI/INFORM Collection
Incyte Is the S&P 500's Worst Performer Today. What's Hitting the Stock.,3130161100,Newspapers,"Dattilo, Emily",," Copyright 2024 Dow Jones & Company, Inc. All Rights Reserved.", News," Nov 19, 2024",, English, English, New York,"Nov 19, 2024",Barron's (Online),2024,https://esearch.ut.edu/login?url=https://www.proquest.com/newspapers/incyte-is-s-amp-p-500s-worst-performer-today/docview/3130161100/se-2?accountid=14762,,,,,,,,,https://ut.primo.exlibrisgroup.com/openurl/01UTAMPA_INST/01UTAMPA_INST:SpartanSearch?genre=article&amp;issn=&amp;title=Incyte+Is+the+S%26amp%3BP+500%27s+Worst+Performer+Today.+What%27s+Hitting+the+Stock.&amp;volume=&amp;issue=&amp;date=2024&amp;atitle=Incyte+Is+the+S%26amp%3BP+500%27s+Worst+Performer+Today.+What%27s+Hitting+the+Stock.&amp;spage=&amp;sid=ProQ%3Aabiglobal&amp;author=Dattilo,"ABI/INFORM Collection, Research Library"
"Goldman channels 'Art of the Deal' as it targets 6,500 for S&P 500 next year; Goldman Sachs says mid-cap stocks offer same earnings growth at cheaper prices",3129948636,Newspapers,"Goldstein, Steve"," Goldman Sachs Group Inc , Morgan Stanley"," Copyright 2024 MarketWatch, Inc.  All Rights Reserved.", News," Nov 19, 2024",, English, English, South Brunswick,"Nov 19, 2024",MarketWatch,2024,https://esearch.ut.edu/login?url=https://www.proquest.com/newspapers/goldman-channels-art-deal-as-targets-6-500-s-amp/docview/3129948636/se-2?accountid=14762,,,,,,," Software , ECONOMICS , ECONOMICS , SUSTAINABILITY , FINANCE , ECONOMICS , FINANCE , Trump, Donald J , Russia , United States--US , United Kingdom--UK",,https://ut.primo.exlibrisgroup.com/openurl/01UTAMPA_INST/01UTAMPA_INST:SpartanSearch?genre=article&amp;issn=&amp;title=Goldman+channels+%27Art+of+the+Deal%27+as+it+targets+6%2C500+for+S%26amp%3BP+500+next+year%3B+Goldman+Sachs+says+mid-cap+stocks+offer+same+earnings+growth+at+cheaper+prices&amp;volume=&amp;issue=&amp;date=2024&amp;atitle=Goldman+channels+%27Art+of+the+Deal%27+as+it+targets+6%2C500+for+S%26amp%3BP+500+next+year%3B+Goldman+Sachs+says+mid-cap+stocks+offer+same+earnings+growth+at+cheaper+prices&amp;spage=&amp;sid=ProQ%3Aabidateline&amp;author=Goldstein,ABI/INFORM Collection
Morgan Stanley's Mike Wilson Turns Bull. He Sees a 10% Gain for the S&P 500.,3129780167,Newspapers,"Salisbury, Ian", Morgan Stanley," Copyright 2024 Dow Jones & Company, Inc. All Rights Reserved.", News," Nov 18, 2024",, English, English, New York,"Nov 18, 2024",Barron's (Online),2024,https://esearch.ut.edu/login?url=https://www.proquest.com/newspapers/morgan-stanleys-mike-wilson-turns-bull-he-sees-10/docview/3129780167/se-2?accountid=14762,,,,,,," ACCTAX , FINANCE , SUSTAINABILITY",,https://ut.primo.exlibrisgroup.com/openurl/01UTAMPA_INST/01UTAMPA_INST:SpartanSearch?genre=article&amp;issn=&amp;title=Morgan+Stanley%27s+Mike+Wilson+Turns+Bull.+He+Sees+a+10%25+Gain+for+the+S%26amp%3BP+500.&amp;volume=&amp;issue=&amp;date=2024&amp;atitle=Morgan+Stanley%27s+Mike+Wilson+Turns+Bull.+He+Sees+a+10%25+Gain+for+the+S%26amp%3BP+500.&amp;spage=&amp;sid=ProQ%3Aabiglobal&amp;author=Salisbury,"ABI/INFORM Collection, Research Library"
"Nvidia's earnings could determine the stock market's near-term direction: BofA; The chip maker's earnings could pose a greater risk to the S&P 500 than the jobs report, CPI or the Fed meeting",3129735997,Newspapers,"Wang, Isabel", NVidia Corp," Copyright 2024 MarketWatch, Inc.  All Rights Reserved.", News," Nov 18, 2024",, English, English, South Brunswick,"Nov 18, 2024",MarketWatch,2024,https://esearch.ut.edu/login?url=https://www.proquest.com/newspapers/nvidias-earnings-could-determine-stock-markets/docview/3129735997/se-2?accountid=14762, 52321 Securities and Commodity Exchanges, 52321 Securities and Commodity Exchanges,, 52321 Securities and Commodity Exchanges,, 52321 Securities and Commodity Exchanges," Dow Jones averages , FINANCE , FINANCE , FINANCE , SUSTAINABILITY , United States--US",,https://ut.primo.exlibrisgroup.com/openurl/01UTAMPA_INST/01UTAMPA_INST:SpartanSearch?genre=article&amp;issn=&amp;title=Nvidia%27s+earnings+could+determine+the+stock+market%27s+near-term+direction%3A+BofA%3B+The+chip+maker%27s+earnings+could+pose+a+greater+risk+to+the+S%26amp%3BP+500+than+the+jobs+report%2C+CPI+or+the+Fed+meeting&amp;volume=&amp;issue=&amp;date=2024&amp;atitle=Nvidia%27s+earnings+could+determine+the+stock+market%27s+near-term+direction%3A+BofA%3B+The+chip+maker%27s+earnings+could+pose+a+greater+risk+to+the+S%26amp%3BP+500+than+the+jobs+report%2C+CPI+or+the+Fed+meeting&amp;spage=&amp;sid=ProQ%3Aabidateline&amp;author=Wang,ABI/INFORM Collection
"S&P 500 Leader, IBD Stock Of The Day, Breaks Out To Record Highs",3129735993,Newspapers,"Miller, Harrison",," © 2024. Investor’s Business Daily, LLC All rights reserved", News," Nov 18, 2024",, English, English, Los Angeles,"Nov 18, 2024",Investor's Business Daily (Online),2024,https://esearch.ut.edu/login?url=https://www.proquest.com/newspapers/s-amp-p-500-leader-ibd-stock-day-breaks-out/docview/3129735993/se-2?accountid=14762,,,,,,," FINANCE , OPERATIONS , SUSTAINABILITY , SUSTAINABILITY , SUSTAINABILITY , Texas , United States--US",,https://ut.primo.exlibrisgroup.com/openurl/01UTAMPA_INST/01UTAMPA_INST:SpartanSearch?genre=article&amp;issn=&amp;title=S%26amp%3BP+500+Leader%2C+IBD+Stock+Of+The+Day%2C+Breaks+Out+To+Record+Highs&amp;volume=&amp;issue=&amp;date=2024&amp;atitle=S%26amp%3BP+500+Leader%2C+IBD+Stock+Of+The+Day%2C+Breaks+Out+To+Record+Highs&amp;spage=&amp;sid=ProQ%3Aabitrade&amp;author=Miller,ABI/INFORM Collection
"Stock market 'finally paying more attention to tariffs' as a potential headwind; Among policy issues, tariffs have come up the most in S&P 500 company earnings calls since Trump won the U.S. election, RBC finds",3129627350,Newspapers,"Idzelis, Christine"," RBC Capital Markets , Department of Health & Human Services"," Copyright 2024 MarketWatch, Inc.  All Rights Reserved.", News," Nov 18, 2024",, English, English, South Brunswick,"Nov 18, 2024",MarketWatch,2024,https://esearch.ut.edu/login?url=https://www.proquest.com/newspapers/stock-market-finally-paying-more-attention/docview/3129627350/se-2?accountid=14762, 52321 Securities and Commodity Exchanges, 52321 Securities and Commodity Exchanges,, 52321 Securities and Commodity Exchanges,, 52321 Securities and Commodity Exchanges," Dow Jones averages , FINANCE , Investments , FINANCE , Investors , FINANCE , ECONOMICS , China , United States--US",,https://ut.primo.exlibrisgroup.com/openurl/01UTAMPA_INST/01UTAMPA_INST:SpartanSearch?genre=article&amp;issn=&amp;title=Stock+market+%27finally+paying+more+attention+to+tariffs%27+as+a+potential+headwind%3B+Among+policy+issues%2C+tariffs+have+come+up+the+most+in+S%26amp%3BP+500+company+earnings+calls+since+Trump+won+the+U.S.+election%2C+RBC+finds&amp;volume=&amp;issue=&amp;date=2024&amp;atitle=Stock+market+%27finally+paying+more+attention+to+tariffs%27+as+a+potential+headwind%3B+Among+policy+issues%2C+tariffs+have+come+up+the+most+in+S%26amp%3BP+500+company+earnings+calls+since+Trump+won+the+U.S.+election%2C+RBC+finds&amp;spage=&amp;sid=ProQ%3Aabidateline&amp;author=Idzelis,ABI/INFORM Collection
"Palantir, The Newest S&P 500 Stock, Is Leaving Nvidia In The Dust. But It's Not No. 1.",3129513401,Newspapers,"Carson, Ed"," Palantir Technologies , NVidia Corp , GE Vernova"," © 2024. Investor’s Business Daily, LLC All rights reserved", News," Nov 18, 2024",, English, English, Los Angeles,"Nov 18, 2024",Investor's Business Daily (Online),2024,https://esearch.ut.edu/login?url=https://www.proquest.com/newspapers/palantir-newest-s-amp-p-500-stock-is-leaving/docview/3129513401/se-2?accountid=14762, 52321 Securities and Commodity Exchanges, 52321 Securities and Commodity Exchanges,, 52321 Securities and Commodity Exchanges,, 52321 Securities and Commodity Exchanges," FINANCE , FINANCE , FINANCE , SUSTAINABILITY",,https://ut.primo.exlibrisgroup.com/openurl/01UTAMPA_INST/01UTAMPA_INST:SpartanSearch?genre=article&amp;issn=&amp;title=Palantir%2C+The+Newest+S%26amp%3BP+500+Stock%2C+Is+Leaving+Nvidia+In+The+Dust.+But+It%27s+Not+No.+1.&amp;volume=&amp;issue=&amp;date=2024&amp;atitle=Palantir%2C+The+Newest+S%26amp%3BP+500+Stock%2C+Is+Leaving+Nvidia+In+The+Dust.+But+It%27s+Not+No.+1.&amp;spage=&amp;sid=ProQ%3Aabitrade&amp;author=Carson,ABI/INFORM Collection
"Morgan Stanley finally turns bullish on U.S. stocks as it says the S&P 500 could jump as high as 7,400; Wall Street firm expect the recent broadening in earnings growth to continue in 2025",3129472308,Newspapers,"Goldstein, Steve"," Organization of Petroleum Exporting Countries--OPEC , Morgan Stanley"," Copyright 2024 MarketWatch, Inc.  All Rights Reserved.", News," Nov 18, 2024",, English, English, South Brunswick,"Nov 18, 2024",MarketWatch,2024,https://esearch.ut.edu/login?url=https://www.proquest.com/newspapers/morgan-stanley-finally-turns-bullish-on-u-s/docview/3129472308/se-2?accountid=14762,,,,,,," Investments , ECONOMICS , Investors , SUSTAINABILITY , United States--US",,https://ut.primo.exlibrisgroup.com/openurl/01UTAMPA_INST/01UTAMPA_INST:SpartanSearch?genre=article&amp;issn=&amp;title=Morgan+Stanley+finally+turns+bullish+on+U.S.+stocks+as+it+says+the+S%26amp%3BP+500+could+jump+as+high+as+7%2C400%3B+Wall+Street+firm+expect+the+recent+broadening+in+earnings+growth+to+continue+in+2025&amp;volume=&amp;issue=&amp;date=2024&amp;atitle=Morgan+Stanley+finally+turns+bullish+on+U.S.+stocks+as+it+says+the+S%26amp%3BP+500+could+jump+as+high+as+7%2C400%3B+Wall+Street+firm+expect+the+recent+broadening+in+earnings+growth+to+continue+in+2025&amp;spage=&amp;sid=ProQ%3Aabidateline&amp;author=Goldstein,ABI/INFORM Collection
"Nvidia tops list of favored S&P 500 stocks on expected sales growth through 2026; Other expected highfliers include KKR, AMD, Microsoft and Live Nation",3128956489,Newspapers,Philip van Doorn," Uber Technologies Inc , Targa Resources Corp , Axon Enterprise Inc , Synopsys Inc , Micron Technology Inc , Crowdstrike , Service-now.com Inc , Kohlberg Kravis Roberts & Co LP , Advanced Micro Devices Inc , Microsoft Corp , Live Nation Entertainment Inc , Coterra Energy Inc , Broadcom Inc , MasterCard Inc , NVidia Corp"," Copyright 2024 MarketWatch, Inc.  All Rights Reserved.", News," Nov 16, 2024",, English, English, South Brunswick,"Nov 16, 2024",MarketWatch,2024,https://esearch.ut.edu/login?url=https://www.proquest.com/newspapers/nvidia-tops-list-favored-s-amp-p-500-stocks-on/docview/3128956489/se-2?accountid=14762,,,,,,," FINANCE , SUSTAINABILITY , SUSTAINABILITY , SUSTAINABILITY",,https://ut.primo.exlibrisgroup.com/openurl/01UTAMPA_INST/01UTAMPA_INST:SpartanSearch?genre=article&amp;issn=&amp;title=Nvidia+tops+list+of+favored+S%26amp%3BP+500+stocks+on+expected+sales+growth+through+2026%3B+Other+expected+highfliers+include+KKR%2C+AMD%2C+Microsoft+and+Live+Nation&amp;volume=&amp;issue=&amp;date=2024&amp;atitle=Nvidia+tops+list+of+favored+S%26amp%3BP+500+stocks+on+expected+sales+growth+through+2026%3B+Other+expected+highfliers+include+KKR%2C+AMD%2C+Microsoft+and+Live+Nation&amp;spage=&amp;sid=ProQ%3Aabidateline&amp;author=Philip+van+Doorn,ABI/INFORM Collection
"The S&P 500 has come to a major postelection crossroads; All-time highs were made, but not with the broad market participation you want to see",3128947673,Newspapers,"McMillan, Lawrence G", New York Stock Exchange--NYSE," Copyright 2024 MarketWatch, Inc.  All Rights Reserved.", News," Nov 16, 2024",, English, English, South Brunswick,"Nov 16, 2024",MarketWatch,2024,https://esearch.ut.edu/login?url=https://www.proquest.com/newspapers/s-amp-p-500-has-come-major-postelection/docview/3128947673/se-2?accountid=14762,,,,,,," SUSTAINABILITY , Futures , Investments , Advisors , FINANCE , SUSTAINABILITY , SUSTAINABILITY",,https://ut.primo.exlibrisgroup.com/openurl/01UTAMPA_INST/01UTAMPA_INST:SpartanSearch?genre=article&amp;issn=&amp;title=The+S%26amp%3BP+500+has+come+to+a+major+postelection+crossroads%3B+All-time+highs+were+made%2C+but+not+with+the+broad+market+participation+you+want+to+see&amp;volume=&amp;issue=&amp;date=2024&amp;atitle=The+S%26amp%3BP+500+has+come+to+a+major+postelection+crossroads%3B+All-time+highs+were+made%2C+but+not+with+the+broad+market+participation+you+want+to+see&amp;spage=&amp;sid=ProQ%3Aabidateline&amp;author=McMillan,ABI/INFORM Collection
How Techs Tanked the S&P 500 Dividend Yields,3128851377,Newspapers,"Bary, Andrew"," NVidia Corp , Walmart Inc"," Copyright 2024 Dow Jones & Company, Inc. All Rights Reserved.", News," Nov 16, 2024",, English, English, New York,"Nov 16, 2024",Barron's (Online),2024,https://esearch.ut.edu/login?url=https://www.proquest.com/newspapers/how-techs-tanked-s-amp-p-500-dividend-yields/docview/3128851377/se-2?accountid=14762, 52321 Securities and Commodity Exchanges, 52321 Securities and Commodity Exchanges,, 52321 Securities and Commodity Exchanges,, 52321 Securities and Commodity Exchanges," FINANCE , FINANCE , ECONOMICS , FINANCE",,https://ut.primo.exlibrisgroup.com/openurl/01UTAMPA_INST/01UTAMPA_INST:SpartanSearch?genre=article&amp;issn=&amp;title=How+Techs+Tanked+the+S%26amp%3BP+500+Dividend+Yields&amp;volume=&amp;issue=&amp;date=2024&amp;atitle=How+Techs+Tanked+the+S%26amp%3BP+500+Dividend+Yields&amp;spage=&amp;sid=ProQ%3Aabiglobal&amp;author=Bary,"ABI/INFORM Collection, Research Library"
"The S&P 500 has come to a major postelection crossroads; All-time highs were made, but not with the broad market participation you want to see",3128823923,Newspapers,"McMillan, Lawrence G", New York Stock Exchange--NYSE," Copyright 2024 MarketWatch, Inc.  All Rights Reserved.", News," Nov 15, 2024",, English, English, South Brunswick,"Nov 15, 2024",MarketWatch,2024,https://esearch.ut.edu/login?url=https://www.proquest.com/newspapers/s-amp-p-500-has-come-major-postelection/docview/3128823923/se-2?accountid=14762,,,,,,," SUSTAINABILITY , Futures , Investments , Advisors , FINANCE , SUSTAINABILITY , SUSTAINABILITY",,https://ut.primo.exlibrisgroup.com/openurl/01UTAMPA_INST/01UTAMPA_INST:SpartanSearch?genre=article&amp;issn=&amp;title=The+S%26amp%3BP+500+has+come+to+a+major+postelection+crossroads%3B+All-time+highs+were+made%2C+but+not+with+the+broad+market+participation+you+want+to+see&amp;volume=&amp;issue=&amp;date=2024&amp;atitle=The+S%26amp%3BP+500+has+come+to+a+major+postelection+crossroads%3B+All-time+highs+were+made%2C+but+not+with+the+broad+market+participation+you+want+to+see&amp;spage=&amp;sid=ProQ%3Aabidateline&amp;author=McMillan,ABI/INFORM Collection
Retail Sales Solid After Powell Caution On Fed Rate Cuts; S&P 500 Falls,3128621855,Newspapers,"Carson, Ed",," © 2024. Investor’s Business Daily, LLC All rights reserved", News," Nov 15, 2024",, English, English, Los Angeles,"Nov 15, 2024",Investor's Business Daily (Online),2024,https://esearch.ut.edu/login?url=https://www.proquest.com/newspapers/retail-sales-solid-after-powell-caution-on-fed/docview/3128621855/se-2?accountid=14762," 92113 Public Finance Activities , 52111 Monetary Authorities-Central Bank"," 92113 Public Finance Activities , 52111 Monetary Authorities-Central Bank",," 92113 Public Finance Activities , 52111 Monetary Authorities-Central Bank",," 92113 Public Finance Activities , 52111 Monetary Authorities-Central Bank"," FINANCE , Futures , ECONOMICS , ECONOMICS , ECONOMICS , ECONOMICS , ECONOMICS , ECONOMICS , Retail sales , FINANCE , SUSTAINABILITY , Powell, Jerome",,https://ut.primo.exlibrisgroup.com/openurl/01UTAMPA_INST/01UTAMPA_INST:SpartanSearch?genre=article&amp;issn=&amp;title=Retail+Sales+Solid+After+Powell+Caution+On+Fed+Rate+Cuts%3B+S%26amp%3BP+500+Falls&amp;volume=&amp;issue=&amp;date=2024&amp;atitle=Retail+Sales+Solid+After+Powell+Caution+On+Fed+Rate+Cuts%3B+S%26amp%3BP+500+Falls&amp;spage=&amp;sid=ProQ%3Aabitrade&amp;author=Carson,ABI/INFORM Collection
"Nvidia tops list of favored S&P 500 stocks on expected sales growth through 2026; Other expected highfliers include KKR, AMD, Microsoft and Live Nation",3128573463,Newspapers,Philip van Doorn," Uber Technologies Inc , Targa Resources Corp , Axon Enterprise Inc , Synopsys Inc , Micron Technology Inc , Crowdstrike , Service-now.com Inc , Kohlberg Kravis Roberts & Co LP , Advanced Micro Devices Inc , Microsoft Corp , Live Nation Entertainment Inc , Coterra Energy Inc , Broadcom Inc , NVidia Corp , MasterCard Inc"," Copyright 2024 MarketWatch, Inc.  All Rights Reserved.", News," Nov 15, 2024",, English, English, South Brunswick,"Nov 15, 2024",MarketWatch,2024,https://esearch.ut.edu/login?url=https://www.proquest.com/newspapers/nvidia-tops-list-favored-s-amp-p-500-stocks-on/docview/3128573463/se-2?accountid=14762,,,,,,," FINANCE , SUSTAINABILITY , SUSTAINABILITY , SUSTAINABILITY",,https://ut.primo.exlibrisgroup.com/openurl/01UTAMPA_INST/01UTAMPA_INST:SpartanSearch?genre=article&amp;issn=&amp;title=Nvidia+tops+list+of+favored+S%26amp%3BP+500+stocks+on+expected+sales+growth+through+2026%3B+Other+expected+highfliers+include+KKR%2C+AMD%2C+Microsoft+and+Live+Nation&amp;volume=&amp;issue=&amp;date=2024&amp;atitle=Nvidia+tops+list+of+favored+S%26amp%3BP+500+stocks+on+expected+sales+growth+through+2026%3B+Other+expected+highfliers+include+KKR%2C+AMD%2C+Microsoft+and+Live+Nation&amp;spage=&amp;sid=ProQ%3Aabidateline&amp;author=Philip+van+Doorn,ABI/INFORM Collection
"Palantir's stock is moving to the Nasdaq. Why investors are cheering the move. The change positions Palantir for entry into the Nasdaq 100 index, after it joined the S&P 500 several months back",3128426559,Newspapers,"Bary, Emily",," Copyright 2024 MarketWatch, Inc.  All Rights Reserved.", News," Nov 15, 2024",, English, English, South Brunswick,"Nov 15, 2024",MarketWatch,2024,https://esearch.ut.edu/login?url=https://www.proquest.com/newspapers/palantirs-stock-is-moving-nasdaq-why-investors/docview/3128426559/se-2?accountid=14762,,,,,,," Investments , Investors",,https://ut.primo.exlibrisgroup.com/openurl/01UTAMPA_INST/01UTAMPA_INST:SpartanSearch?genre=article&amp;issn=&amp;title=Palantir%27s+stock+is+moving+to+the+Nasdaq.+Why+investors+are+cheering+the+move.+The+change+positions+Palantir+for+entry+into+the+Nasdaq+100+index%2C+after+it+joined+the+S%26amp%3BP+500+several+months+back&amp;volume=&amp;issue=&amp;date=2024&amp;atitle=Palantir%27s+stock+is+moving+to+the+Nasdaq.+Why+investors+are+cheering+the+move.+The+change+positions+Palantir+for+entry+into+the+Nasdaq+100+index%2C+after+it+joined+the+S%26amp%3BP+500+several+months+back&amp;spage=&amp;sid=ProQ%3Aabidateline&amp;author=Bary,ABI/INFORM Collection
"Nvidia tops list of favored S&P 500 stocks on expected sales growth through 2026; Other expected highfliers include KKR, AMD, Microsoft and Live Nation",3128274417,Newspapers,Philip van Doorn," Uber Technologies Inc , Targa Resources Corp , Axon Enterprise Inc , Synopsys Inc , Micron Technology Inc , Crowdstrike , Service-now.com Inc , Kohlberg Kravis Roberts & Co LP , Advanced Micro Devices Inc , Microsoft Corp , Live Nation Entertainment Inc , Coterra Energy Inc , Broadcom Inc , NVidia Corp , MasterCard Inc"," Copyright 2024 MarketWatch, Inc.  All Rights Reserved.", News," Nov 14, 2024",, English, English, South Brunswick,"Nov 14, 2024",MarketWatch,2024,https://esearch.ut.edu/login?url=https://www.proquest.com/newspapers/nvidia-tops-list-favored-s-amp-p-500-stocks-on/docview/3128274417/se-2?accountid=14762,,,,,,," FINANCE , SUSTAINABILITY , SUSTAINABILITY , SUSTAINABILITY",,https://ut.primo.exlibrisgroup.com/openurl/01UTAMPA_INST/01UTAMPA_INST:SpartanSearch?genre=article&amp;issn=&amp;title=Nvidia+tops+list+of+favored+S%26amp%3BP+500+stocks+on+expected+sales+growth+through+2026%3B+Other+expected+highfliers+include+KKR%2C+AMD%2C+Microsoft+and+Live+Nation&amp;volume=&amp;issue=&amp;date=2024&amp;atitle=Nvidia+tops+list+of+favored+S%26amp%3BP+500+stocks+on+expected+sales+growth+through+2026%3B+Other+expected+highfliers+include+KKR%2C+AMD%2C+Microsoft+and+Live+Nation&amp;spage=&amp;sid=ProQ%3Aabidateline&amp;author=Philip+van+Doorn,ABI/INFORM Collection
"Will Super Micro get booted from the S&P 500? That may come before a delisting. Super Micro shares are down more than 80% since the company joined the S&P 500 in March. That poor performance could catch the eye of the index committee, an expert says.",3128274410,Newspapers,"Bary, Emily",," Copyright 2024 MarketWatch, Inc.  All Rights Reserved.", News," Nov 14, 2024",, English, English, South Brunswick,"Nov 14, 2024",MarketWatch,2024,https://esearch.ut.edu/login?url=https://www.proquest.com/newspapers/will-super-micro-get-booted-s-amp-p-500-that-may/docview/3128274410/se-2?accountid=14762,,,,,,," Committees , FINANCE , Investments , Investors",,https://ut.primo.exlibrisgroup.com/openurl/01UTAMPA_INST/01UTAMPA_INST:SpartanSearch?genre=article&amp;issn=&amp;title=Will+Super+Micro+get+booted+from+the+S%26amp%3BP+500%3F+That+may+come+before+a+delisting.+Super+Micro+shares+are+down+more+than+80%25+since+the+company+joined+the+S%26amp%3BP+500+in+March.+That+poor+performance+could+catch+the+eye+of+the+index+committee%2C+an+expert+says.&amp;volume=&amp;issue=&amp;date=2024&amp;atitle=Will+Super+Micro+get+booted+from+the+S%26amp%3BP+500%3F+That+may+come+before+a+delisting.+Super+Micro+shares+are+down+more+than+80%25+since+the+company+joined+the+S%26amp%3BP+500+in+March.+That+poor+performance+could+catch+the+eye+of+the+index+committee%2C+an+expert+says.&amp;spage=&amp;sid=ProQ%3Aabidateline&amp;author=Bary,ABI/INFORM Collection
Markets & Finance -- Wednesday's Markets: Dow and S&P 500 Rise After Data On Prices; Bitcoin Adds to Streak,3128117631,Newspapers,"Banerji, Gunjan;Dulaney, Chelsey",," Copyright 2024 Dow Jones & Company, Inc. All Rights Reserved.", News," Nov 14, 2024",0099-9660, English, English," New York, N.Y.","Nov 14, 2024",Wall Street Journal,2024,https://esearch.ut.edu/login?url=https://www.proquest.com/newspapers/markets-amp-finance-wednesdays-dow-s-p-500-rise/docview/3128117631/se-2?accountid=14762,,,,, B.9,," ECONOMICS , Prices , Dow Jones averages",,https://ut.primo.exlibrisgroup.com/openurl/01UTAMPA_INST/01UTAMPA_INST:SpartanSearch?genre=article&amp;issn=00999660&amp;title=Markets+%26amp%3B+Finance+--+Wednesday%27s+Markets%3A+Dow+and+S%26amp%3BP+500+Rise+After+Data+On+Prices%3B+Bitcoin+Adds+to+Streak&amp;volume=&amp;issue=&amp;date=2024&amp;atitle=Markets+%26amp%3B+Finance+--+Wednesday%27s+Markets%3A+Dow+and+S%26amp%3BP+500+Rise+After+Data+On+Prices%3B+Bitcoin+Adds+to+Streak&amp;spage=B.9&amp;sid=ProQ%3Aabiglobal&amp;author=Banerji,ABI/INFORM Collection
"Core CPI Inflation Stuck Above 3%, But Fed Rate Cut Odds Rise; S&P 500 Falls (Live Coverage)",3127832614,Newspapers,"Graham, Jed",," © 2024. Investor’s Business Daily, LLC All rights reserved", News," Nov 13, 2024",, English, English, Los Angeles,"Nov 13, 2024",Investor's Business Daily (Online),2024,https://esearch.ut.edu/login?url=https://www.proquest.com/newspapers/core-cpi-inflation-stuck-above-3-fed-rate-cut/docview/3127832614/se-2?accountid=14762," 92113 Public Finance Activities , 52111 Monetary Authorities-Central Bank , 52321 Securities and Commodity Exchanges , 52394 Portfolio Management and Investment Advice"," 92113 Public Finance Activities , 52111 Monetary Authorities-Central Bank , 52321 Securities and Commodity Exchanges , 52394 Portfolio Management and Investment Advice",," 92113 Public Finance Activities , 52111 Monetary Authorities-Central Bank , 52321 Securities and Commodity Exchanges , 52394 Portfolio Management and Investment Advice",," 92113 Public Finance Activities , 52111 Monetary Authorities-Central Bank , 52321 Securities and Commodity Exchanges , 52394 Portfolio Management and Investment Advice"," FINANCE , Election results , ECONOMICS , ECONOMICS , ECONOMICS , ECONOMICS , FINANCE , ECONOMICS , Investments , INDUSTRY , ECONOMICS , Investors , FINANCE , ECONOMICS",,https://ut.primo.exlibrisgroup.com/openurl/01UTAMPA_INST/01UTAMPA_INST:SpartanSearch?genre=article&amp;issn=&amp;title=Core+CPI+Inflation+Stuck+Above+3%25%2C+But+Fed+Rate+Cut+Odds+Rise%3B+S%26amp%3BP+500+Falls+%28Live+Coverage%29&amp;volume=&amp;issue=&amp;date=2024&amp;atitle=Core+CPI+Inflation+Stuck+Above+3%25%2C+But+Fed+Rate+Cut+Odds+Rise%3B+S%26amp%3BP+500+Falls+%28Live+Coverage%29&amp;spage=&amp;sid=ProQ%3Aabitrade&amp;author=Graham,ABI/INFORM Collection
This is what history shows after big stock-market jumps like this one; There have been eight instances of 36%+ S&P 500 rallies over 52 weeks since 1995,3127799855,Newspapers,"Goldstein, Steve", Bank of America Corp," Copyright 2024 MarketWatch, Inc.  All Rights Reserved.", News," Nov 13, 2024",, English, English, South Brunswick,"Nov 13, 2024",MarketWatch,2024,https://esearch.ut.edu/login?url=https://www.proquest.com/newspapers/this-is-what-history-shows-after-big-stock-market/docview/3127799855/se-2?accountid=14762," 52394 Portfolio Management and Investment Advice , 52321 Securities and Commodity Exchanges"," 52394 Portfolio Management and Investment Advice , 52321 Securities and Commodity Exchanges",," 52394 Portfolio Management and Investment Advice , 52321 Securities and Commodity Exchanges",," 52394 Portfolio Management and Investment Advice , 52321 Securities and Commodity Exchanges"," Dow Jones averages , FINANCE , FINANCE , United States--US",,https://ut.primo.exlibrisgroup.com/openurl/01UTAMPA_INST/01UTAMPA_INST:SpartanSearch?genre=article&amp;issn=&amp;title=This+is+what+history+shows+after+big+stock-market+jumps+like+this+one%3B+There+have+been+eight+instances+of+36%25%2B+S%26amp%3BP+500+rallies+over+52+weeks+since+1995&amp;volume=&amp;issue=&amp;date=2024&amp;atitle=This+is+what+history+shows+after+big+stock-market+jumps+like+this+one%3B+There+have+been+eight+instances+of+36%25%2B+S%26amp%3BP+500+rallies+over+52+weeks+since+1995&amp;spage=&amp;sid=ProQ%3Aabidateline&amp;author=Goldstein,ABI/INFORM Collection
"CPI Inflation: What Another Bad Report May Mean For The Federal Reserve, S&P 500",3127655490,Newspapers,"Graham, Jed",," © 2024. Investor’s Business Daily, LLC All rights reserved", News," Nov 12, 2024",, English, English, Los Angeles,"Nov 12, 2024",Investor's Business Daily (Online),2024,https://esearch.ut.edu/login?url=https://www.proquest.com/newspapers/cpi-inflation-what-another-bad-report-may-mean/docview/3127655490/se-2?accountid=14762," 92113 Public Finance Activities , 52111 Monetary Authorities-Central Bank , 52321 Securities and Commodity Exchanges"," 92113 Public Finance Activities , 52111 Monetary Authorities-Central Bank , 52321 Securities and Commodity Exchanges",," 92113 Public Finance Activities , 52111 Monetary Authorities-Central Bank , 52321 Securities and Commodity Exchanges",," 92113 Public Finance Activities , 52111 Monetary Authorities-Central Bank , 52321 Securities and Commodity Exchanges"," FINANCE , Election results , ECONOMICS , ECONOMICS , ECONOMICS , ECONOMICS , FINANCE",,https://ut.primo.exlibrisgroup.com/openurl/01UTAMPA_INST/01UTAMPA_INST:SpartanSearch?genre=article&amp;issn=&amp;title=CPI+Inflation%3A+What+Another+Bad+Report+May+Mean+For+The+Federal+Reserve%2C+S%26amp%3BP+500&amp;volume=&amp;issue=&amp;date=2024&amp;atitle=CPI+Inflation%3A+What+Another+Bad+Report+May+Mean+For+The+Federal+Reserve%2C+S%26amp%3BP+500&amp;spage=&amp;sid=ProQ%3Aabitrade&amp;author=Graham,ABI/INFORM Collection
S&P 500's Dividend Yield Is the Lowest in More Than 20 Years,3127643253,Newspapers,"Bary, Andrew"," Amazon.com Inc , NVidia Corp"," Copyright 2024 Dow Jones & Company, Inc. All Rights Reserved.", News," Nov 12, 2024",, English, English, New York,"Nov 12, 2024",Barron's (Online),2024,https://esearch.ut.edu/login?url=https://www.proquest.com/newspapers/s-amp-p-500s-dividend-yield-is-lowest-more-than/docview/3127643253/se-2?accountid=14762,,,,,,," FINANCE , FINANCE , FINANCE",,https://ut.primo.exlibrisgroup.com/openurl/01UTAMPA_INST/01UTAMPA_INST:SpartanSearch?genre=article&amp;issn=&amp;title=S%26amp%3BP+500%27s+Dividend+Yield+Is+the+Lowest+in+More+Than+20+Years&amp;volume=&amp;issue=&amp;date=2024&amp;atitle=S%26amp%3BP+500%27s+Dividend+Yield+Is+the+Lowest+in+More+Than+20+Years&amp;spage=&amp;sid=ProQ%3Aabiglobal&amp;author=Bary,"ABI/INFORM Collection, Research Library"
Strategists Are Talking About Big Gains for the S&P 500. It's a Bad Sign.,3127641353,Newspapers,"Sonenshine, Jacob",," Copyright 2024 Dow Jones & Company, Inc. All Rights Reserved.", News," Nov 12, 2024",, English, English, New York,"Nov 12, 2024",Barron's (Online),2024,https://esearch.ut.edu/login?url=https://www.proquest.com/newspapers/strategists-are-talking-about-big-gains-s-amp-p/docview/3127641353/se-2?accountid=14762, 52321 Securities and Commodity Exchanges, 52321 Securities and Commodity Exchanges,, 52321 Securities and Commodity Exchanges,, 52321 Securities and Commodity Exchanges," FINANCE , FINANCE , ECONOMICS , SUSTAINABILITY , United States--US",,https://ut.primo.exlibrisgroup.com/openurl/01UTAMPA_INST/01UTAMPA_INST:SpartanSearch?genre=article&amp;issn=&amp;title=Strategists+Are+Talking+About+Big+Gains+for+the+S%26amp%3BP+500.+It%27s+a+Bad+Sign.&amp;volume=&amp;issue=&amp;date=2024&amp;atitle=Strategists+Are+Talking+About+Big+Gains+for+the+S%26amp%3BP+500.+It%27s+a+Bad+Sign.&amp;spage=&amp;sid=ProQ%3Aabiglobal&amp;author=Sonenshine,"ABI/INFORM Collection, Research Library"
Tyson Foods Is Tuesday's Best Stock in the S&P 500. The Chicken Business Is Flying.,3127037709,Newspapers,"Vanjani, Karishma", Tyson Foods Inc," Copyright 2024 Dow Jones & Company, Inc. All Rights Reserved.", News," Nov 12, 2024",, English, English, New York,"Nov 12, 2024",Barron's (Online),2024,https://esearch.ut.edu/login?url=https://www.proquest.com/newspapers/tyson-foods-is-tuesdays-best-stock-s-amp-p-500/docview/3127037709/se-2?accountid=14762,,,,,,," SUSTAINABILITY , SUSTAINABILITY",,https://ut.primo.exlibrisgroup.com/openurl/01UTAMPA_INST/01UTAMPA_INST:SpartanSearch?genre=article&amp;issn=&amp;title=Tyson+Foods+Is+Tuesday%27s+Best+Stock+in+the+S%26amp%3BP+500.+The+Chicken+Business+Is+Flying.&amp;volume=&amp;issue=&amp;date=2024&amp;atitle=Tyson+Foods+Is+Tuesday%27s+Best+Stock+in+the+S%26amp%3BP+500.+The+Chicken+Business+Is+Flying.&amp;spage=&amp;sid=ProQ%3Aabiglobal&amp;author=Vanjani,"ABI/INFORM Collection, Research Library"
"Small-cap stocks are smoking the S&P 500. Bond yields may hold the key. The Russell 2000 rose sharply Monday, beating the S&P 500",3126765152,Newspapers,"Idzelis, Christine",," Copyright 2024 MarketWatch, Inc.  All Rights Reserved.", News," Nov 11, 2024",, English, English, South Brunswick,"Nov 11, 2024",MarketWatch,2024,https://esearch.ut.edu/login?url=https://www.proquest.com/newspapers/small-cap-stocks-are-smoking-s-amp-p-500-bond/docview/3126765152/se-2?accountid=14762," 92113 Public Finance Activities , 52111 Monetary Authorities-Central Bank , 52321 Securities and Commodity Exchanges"," 92113 Public Finance Activities , 52111 Monetary Authorities-Central Bank , 52321 Securities and Commodity Exchanges",," 92113 Public Finance Activities , 52111 Monetary Authorities-Central Bank , 52321 Securities and Commodity Exchanges",," 92113 Public Finance Activities , 52111 Monetary Authorities-Central Bank , 52321 Securities and Commodity Exchanges"," Dow Jones averages , FINANCE , FINANCE , Election results , ECONOMICS , FINANCE , ECONOMICS , Investors , Large cap investments , Financial executives , United States--US",,https://ut.primo.exlibrisgroup.com/openurl/01UTAMPA_INST/01UTAMPA_INST:SpartanSearch?genre=article&amp;issn=&amp;title=Small-cap+stocks+are+smoking+the+S%26amp%3BP+500.+Bond+yields+may+hold+the+key.+The+Russell+2000+rose+sharply+Monday%2C+beating+the+S%26amp%3BP+500&amp;volume=&amp;issue=&amp;date=2024&amp;atitle=Small-cap+stocks+are+smoking+the+S%26amp%3BP+500.+Bond+yields+may+hold+the+key.+The+Russell+2000+rose+sharply+Monday%2C+beating+the+S%26amp%3BP+500&amp;spage=&amp;sid=ProQ%3Aabidateline&amp;author=Idzelis,ABI/INFORM Collection
"Trump's win boosts forecast for 'Roaring 20s' to send the S&P 500 up 66% by the end of the decade, market veteran says",3126741718,Newspapers,"Cloonan, Kelly",," Copyright Insider, Inc. 2024", News," Nov 11, 2024",, English, English, New York,"Nov 11, 2024",Business Insider,2024,https://esearch.ut.edu/login?url=https://www.proquest.com/newspapers/trumps-win-boosts-forecast-roaring-20s-send-s-amp/docview/3126741718/se-2?accountid=14762,,," mi-exclusive , ed-yardeni , sp-500 , stock-market-outlook , donald-trump , election",,,," FINANCE , PSYCHOLOGY"," mi-exclusive , ed-yardeni , sp-500 , stock-market-outlook , donald-trump , election",https://ut.primo.exlibrisgroup.com/openurl/01UTAMPA_INST/01UTAMPA_INST:SpartanSearch?genre=article&amp;issn=&amp;title=Trump%27s+win+boosts+forecast+for+%27Roaring+20s%27+to+send+the+S%26amp%3BP+500+up+66%25+by+the+end+of+the+decade%2C+market+veteran+says&amp;volume=&amp;issue=&amp;date=2024&amp;atitle=Trump%27s+win+boosts+forecast+for+%27Roaring+20s%27+to+send+the+S%26amp%3BP+500+up+66%25+by+the+end+of+the+decade%2C+market+veteran+says&amp;spage=&amp;sid=ProQ%3Aabidateline&amp;author=Cloonan,ABI/INFORM Collection
"Trump's tax cuts could boost S&P 500 earnings by 20% over the next 2 years, Goldman Sachs says",3126731338,Newspapers,"Sor, Jennifer", Goldman Sachs Group Inc," Copyright Insider, Inc. 2024", News," Nov 11, 2024",, English, English, New York,"Nov 11, 2024",Business Insider,2024,https://esearch.ut.edu/login?url=https://www.proquest.com/newspapers/trumps-tax-cuts-could-boost-s-amp-p-500-earnings/docview/3126731338/se-2?accountid=14762,,," mi-exclusive , trump , trump-tax-cuts , trump-stocks , trump-tariffs , china , trade-war , s-p-500-outlook , s-p-500-earnings , goldman-sachs",,,," ECONOMICS , FINANCE , ACCTAX , ECONOMICS , ACCTAX , SUSTAINABILITY , ECONOMICS , United States--US"," mi-exclusive , trump , trump-tax-cuts , trump-stocks , trump-tariffs , china , trade-war , s-p-500-outlook , s-p-500-earnings , goldman-sachs",https://ut.primo.exlibrisgroup.com/openurl/01UTAMPA_INST/01UTAMPA_INST:SpartanSearch?genre=article&amp;issn=&amp;title=Trump%27s+tax+cuts+could+boost+S%26amp%3BP+500+earnings+by+20%25+over+the+next+2+years%2C+Goldman+Sachs+says&amp;volume=&amp;issue=&amp;date=2024&amp;atitle=Trump%27s+tax+cuts+could+boost+S%26amp%3BP+500+earnings+by+20%25+over+the+next+2+years%2C+Goldman+Sachs+says&amp;spage=&amp;sid=ProQ%3Aabidateline&amp;author=Sor,ABI/INFORM Collection
"Why this analyst lifted S&P 500 target to 7,000 for 2025 and cited 'meltup' risk; The S&P 500 could shoot to 10,000 by end of decade, according to new Yardeni Research forecast",3126730406,Newspapers,"Idzelis, Christine",," Copyright 2024 MarketWatch, Inc.  All Rights Reserved.", News," Nov 11, 2024",, English, English, South Brunswick,"Nov 11, 2024",MarketWatch,2024,https://esearch.ut.edu/login?url=https://www.proquest.com/newspapers/why-this-analyst-lifted-s-amp-p-500-target-7-000/docview/3126730406/se-2?accountid=14762," 92111 Executive Offices , 52321 Securities and Commodity Exchanges"," 92111 Executive Offices , 52321 Securities and Commodity Exchanges",," 92111 Executive Offices , 52321 Securities and Commodity Exchanges",," 92111 Executive Offices , 52321 Securities and Commodity Exchanges"," Dow Jones averages , FINANCE , ACCTAX , SUSTAINABILITY , Presidential elections , ACCTAX , SUSTAINABILITY , FINANCE , PSYCHOLOGY , Trump, Donald J , United States--US",,https://ut.primo.exlibrisgroup.com/openurl/01UTAMPA_INST/01UTAMPA_INST:SpartanSearch?genre=article&amp;issn=&amp;title=Why+this+analyst+lifted+S%26amp%3BP+500+target+to+7%2C000+for+2025+and+cited+%27meltup%27+risk%3B+The+S%26amp%3BP+500+could+shoot+to+10%2C000+by+end+of+decade%2C+according+to+new+Yardeni+Research+forecast&amp;volume=&amp;issue=&amp;date=2024&amp;atitle=Why+this+analyst+lifted+S%26amp%3BP+500+target+to+7%2C000+for+2025+and+cited+%27meltup%27+risk%3B+The+S%26amp%3BP+500+could+shoot+to+10%2C000+by+end+of+decade%2C+according+to+new+Yardeni+Research+forecast&amp;spage=&amp;sid=ProQ%3Aabidateline&amp;author=Idzelis,ABI/INFORM Collection
"S&P 500 eclipses 6,000 and Dow surpasses 44,000. Here's why stocks could keep climbing. The S&P 500 could climb to the mid-6,000s in the next two months, says Tony Roth of Wilmington Trust",3126717641,Newspapers,"Wang, Isabel",," Copyright 2024 MarketWatch, Inc.  All Rights Reserved.", News," Nov 11, 2024",, English, English, South Brunswick,"Nov 11, 2024",MarketWatch,2024,https://esearch.ut.edu/login?url=https://www.proquest.com/newspapers/s-amp-p-500-eclipses-6-000-dow-surpasses-44-heres/docview/3126717641/se-2?accountid=14762," 92113 Public Finance Activities , 52111 Monetary Authorities-Central Bank , 52321 Securities and Commodity Exchanges"," 92113 Public Finance Activities , 52111 Monetary Authorities-Central Bank , 52321 Securities and Commodity Exchanges",," 92113 Public Finance Activities , 52111 Monetary Authorities-Central Bank , 52321 Securities and Commodity Exchanges",," 92113 Public Finance Activities , 52111 Monetary Authorities-Central Bank , 52321 Securities and Commodity Exchanges"," Dow Jones averages , FINANCE , ECONOMICS , Investments , ECONOMICS , SUSTAINABILITY , United States--US",,https://ut.primo.exlibrisgroup.com/openurl/01UTAMPA_INST/01UTAMPA_INST:SpartanSearch?genre=article&amp;issn=&amp;title=S%26amp%3BP+500+eclipses+6%2C000+and+Dow+surpasses+44%2C000.+Here%27s+why+stocks+could+keep+climbing.+The+S%26amp%3BP+500+could+climb+to+the+mid-6%2C000s+in+the+next+two+months%2C+says+Tony+Roth+of+Wilmington+Trust&amp;volume=&amp;issue=&amp;date=2024&amp;atitle=S%26amp%3BP+500+eclipses+6%2C000+and+Dow+surpasses+44%2C000.+Here%27s+why+stocks+could+keep+climbing.+The+S%26amp%3BP+500+could+climb+to+the+mid-6%2C000s+in+the+next+two+months%2C+says+Tony+Roth+of+Wilmington+Trust&amp;spage=&amp;sid=ProQ%3Aabidateline&amp;author=Wang,ABI/INFORM Collection
"Yardeni Sees S&P 500 at 10,000. 'Animal Spirits Are Back' After Trump Win.",3126717584,Newspapers,"Vanjani, Karishma",," Copyright 2024 Dow Jones & Company, Inc. All Rights Reserved.", News," Nov 11, 2024",, English, English, New York,"Nov 11, 2024",Barron's (Online),2024,https://esearch.ut.edu/login?url=https://www.proquest.com/newspapers/yardeni-sees-s-amp-p-500-at-10-000-animal-spirits/docview/3126717584/se-2?accountid=14762," 92113 Public Finance Activities , 52111 Monetary Authorities-Central Bank"," 92113 Public Finance Activities , 52111 Monetary Authorities-Central Bank",," 92113 Public Finance Activities , 52111 Monetary Authorities-Central Bank",," 92113 Public Finance Activities , 52111 Monetary Authorities-Central Bank"," ACCTAX , ACCTAX , PSYCHOLOGY , ECONOMICS",,https://ut.primo.exlibrisgroup.com/openurl/01UTAMPA_INST/01UTAMPA_INST:SpartanSearch?genre=article&amp;issn=&amp;title=Yardeni+Sees+S%26amp%3BP+500+at+10%2C000.+%27Animal+Spirits+Are+Back%27+After+Trump+Win.&amp;volume=&amp;issue=&amp;date=2024&amp;atitle=Yardeni+Sees+S%26amp%3BP+500+at+10%2C000.+%27Animal+Spirits+Are+Back%27+After+Trump+Win.&amp;spage=&amp;sid=ProQ%3Aabiglobal&amp;author=Vanjani,"ABI/INFORM Collection, Research Library"
S&P 500 expected to hit new heights,3126681708,Newspapers,"Aw, Zane",, © 2024 Singapore Press Holdings, News," Nov 11, 2024",, English, English, Singapore,"Nov 11, 2024",The Business Times,2024,https://esearch.ut.edu/login?url=https://www.proquest.com/newspapers/s-amp-p-500-expected-hit-new-heights/docview/3126681708/se-2?accountid=14762, 92111 Executive Offices, 92111 Executive Offices,, 92111 Executive Offices,, 92111 Executive Offices," ACCTAX , SUSTAINABILITY , Presidential elections , ACCTAX , PSYCHOLOGY , United States--US",,https://ut.primo.exlibrisgroup.com/openurl/01UTAMPA_INST/01UTAMPA_INST:SpartanSearch?genre=article&amp;issn=&amp;title=S%26amp%3BP+500+expected+to+hit+new+heights&amp;volume=&amp;issue=&amp;date=2024&amp;atitle=S%26amp%3BP+500+expected+to+hit+new+heights&amp;spage=&amp;sid=ProQ%3Aabitrade&amp;author=Aw,ABI/INFORM Collection
"Trump's win and the Fed's rate cut are giving the stock market an open road; S&P 500 races ahead, and opportunities surface in solar power and crypto",3126411116,Newspapers,"McMillan, Lawrence G", New York Stock Exchange--NYSE," Copyright 2024 MarketWatch, Inc.  All Rights Reserved.", News," Nov 9, 2024",, English, English, South Brunswick,"Nov 9, 2024",MarketWatch,2024,https://esearch.ut.edu/login?url=https://www.proquest.com/newspapers/trumps-win-feds-rate-cut-are-giving-stock-market/docview/3126411116/se-2?accountid=14762," 92111 Executive Offices , 52321 Securities and Commodity Exchanges"," 92111 Executive Offices , 52321 Securities and Commodity Exchanges",," 92111 Executive Offices , 52321 Securities and Commodity Exchanges",," 92111 Executive Offices , 52321 Securities and Commodity Exchanges"," ECONOMICS , FINANCE , Election results , SUSTAINABILITY , Presidential elections , SUSTAINABILITY",,https://ut.primo.exlibrisgroup.com/openurl/01UTAMPA_INST/01UTAMPA_INST:SpartanSearch?genre=article&amp;issn=&amp;title=Trump%27s+win+and+the+Fed%27s+rate+cut+are+giving+the+stock+market+an+open+road%3B+S%26amp%3BP+500+races+ahead%2C+and+opportunities+surface+in+solar+power+and+crypto&amp;volume=&amp;issue=&amp;date=2024&amp;atitle=Trump%27s+win+and+the+Fed%27s+rate+cut+are+giving+the+stock+market+an+open+road%3B+S%26amp%3BP+500+races+ahead%2C+and+opportunities+surface+in+solar+power+and+crypto&amp;spage=&amp;sid=ProQ%3Aabidateline&amp;author=McMillan,ABI/INFORM Collection
"Five S&P 500 Stocks, All Elite IBD Giants, Near Buy Points",3126394551,Newspapers,"Miller, Harrison"," Vertex Pharmaceuticals Inc , Costco Wholesale Corp , Broadcom Inc , NVidia Corp"," © 2024. Investor’s Business Daily, LLC All rights reserved", News," Nov 9, 2024",, English, English, Los Angeles,"Nov 9, 2024",Investor's Business Daily (Online),2024,https://esearch.ut.edu/login?url=https://www.proquest.com/newspapers/five-s-amp-p-500-stocks-all-elite-ibd-giants-near/docview/3126394551/se-2?accountid=14762,,,,,,," FINANCE , FINANCE , SUSTAINABILITY , SUSTAINABILITY , United States--US",,https://ut.primo.exlibrisgroup.com/openurl/01UTAMPA_INST/01UTAMPA_INST:SpartanSearch?genre=article&amp;issn=&amp;title=Five+S%26amp%3BP+500+Stocks%2C+All+Elite+IBD+Giants%2C+Near+Buy+Points&amp;volume=&amp;issue=&amp;date=2024&amp;atitle=Five+S%26amp%3BP+500+Stocks%2C+All+Elite+IBD+Giants%2C+Near+Buy+Points&amp;spage=&amp;sid=ProQ%3Aabitrade&amp;author=Miller,ABI/INFORM Collection
Why We Ventured Back Into S&P 500 Before Election Resolution,3126084854,Newspapers,"Nielsen, Justin",," © 2024. Investor’s Business Daily, LLC All rights reserved", News," Nov 8, 2024",, English, English, Los Angeles,"Nov 8, 2024",Investor's Business Daily (Online),2024,https://esearch.ut.edu/login?url=https://www.proquest.com/newspapers/why-we-ventured-back-into-s-amp-p-500-before/docview/3126084854/se-2?accountid=14762,,,,,,, FINANCE,,https://ut.primo.exlibrisgroup.com/openurl/01UTAMPA_INST/01UTAMPA_INST:SpartanSearch?genre=article&amp;issn=&amp;title=Why+We+Ventured+Back+Into+S%26amp%3BP+500+Before+Election+Resolution&amp;volume=&amp;issue=&amp;date=2024&amp;atitle=Why+We+Ventured+Back+Into+S%26amp%3BP+500+Before+Election+Resolution&amp;spage=&amp;sid=ProQ%3Aabitrade&amp;author=Nielsen,ABI/INFORM Collection
"Wall Street on track to log best week in one year after Trump's poll win; S&P 500, Dow in green after US Fed rate cut",3126049632,Newspapers,,," Copyright HT Digital Streams Limited Nov 8, 2024", News," Nov 8, 2024",, English, English, New Delhi,"Nov 8, 2024",Mint,2024,https://esearch.ut.edu/login?url=https://www.proquest.com/newspapers/wall-street-on-track-log-best-week-one-year-after/docview/3126049632/se-2?accountid=14762,,,,,,,,,https://ut.primo.exlibrisgroup.com/openurl/01UTAMPA_INST/01UTAMPA_INST:SpartanSearch?genre=article&amp;issn=&amp;title=Wall+Street+on+track+to+log+best+week+in+one+year+after+Trump%27s+poll+win%3B+S%26amp%3BP+500%2C+Dow+in+green+after+US+Fed+rate+cut&amp;volume=&amp;issue=&amp;date=2024&amp;atitle=Wall+Street+on+track+to+log+best+week+in+one+year+after+Trump%27s+poll+win%3B+S%26amp%3BP+500%2C+Dow+in+green+after+US+Fed+rate+cut&amp;spage=&amp;sid=ProQ%3Aabiglobal&amp;author=,ABI/INFORM Collection
"The S&P 500 breaks 6,000 and the Dow tops 44,000. Here's why stocks could keep climbing. The S&P 500 may reach the mid-6,000s in the next two months, says Tony Roth of Wilmington Trust",3126038716,Newspapers,"Wang, Isabel",," Copyright 2024 MarketWatch, Inc.  All Rights Reserved.", News," Nov 8, 2024",, English, English, South Brunswick,"Nov 8, 2024",MarketWatch,2024,https://esearch.ut.edu/login?url=https://www.proquest.com/newspapers/s-amp-p-500-breaks-6-000-dow-tops-44-heres-why/docview/3126038716/se-2?accountid=14762," 92113 Public Finance Activities , 52111 Monetary Authorities-Central Bank , 52321 Securities and Commodity Exchanges"," 92113 Public Finance Activities , 52111 Monetary Authorities-Central Bank , 52321 Securities and Commodity Exchanges",," 92113 Public Finance Activities , 52111 Monetary Authorities-Central Bank , 52321 Securities and Commodity Exchanges",," 92113 Public Finance Activities , 52111 Monetary Authorities-Central Bank , 52321 Securities and Commodity Exchanges"," Dow Jones averages , FINANCE , ECONOMICS , Investments , SUSTAINABILITY , Trump, Donald J , United States--US",,https://ut.primo.exlibrisgroup.com/openurl/01UTAMPA_INST/01UTAMPA_INST:SpartanSearch?genre=article&amp;issn=&amp;title=The+S%26amp%3BP+500+breaks+6%2C000+and+the+Dow+tops+44%2C000.+Here%27s+why+stocks+could+keep+climbing.+The+S%26amp%3BP+500+may+reach+the+mid-6%2C000s+in+the+next+two+months%2C+says+Tony+Roth+of+Wilmington+Trust&amp;volume=&amp;issue=&amp;date=2024&amp;atitle=The+S%26amp%3BP+500+breaks+6%2C000+and+the+Dow+tops+44%2C000.+Here%27s+why+stocks+could+keep+climbing.+The+S%26amp%3BP+500+may+reach+the+mid-6%2C000s+in+the+next+two+months%2C+says+Tony+Roth+of+Wilmington+Trust&amp;spage=&amp;sid=ProQ%3Aabidateline&amp;author=Wang,ABI/INFORM Collection
"Nvidia's stock joins the Dow today. Here's what to know. Nvidia's stock may be the most influential in indexes like the S&P 500, but in the Dow it's below average",3126030745,Newspapers,"Kilgore, Tomi"," Sherwin-Williams Co , NVidia Corp"," Copyright 2024 MarketWatch, Inc.  All Rights Reserved.", News," Nov 8, 2024",, English, English, South Brunswick,"Nov 8, 2024",MarketWatch,2024,https://esearch.ut.edu/login?url=https://www.proquest.com/newspapers/nvidias-stock-joins-dow-today-heres-what-know-may/docview/3126030745/se-2?accountid=14762,,,,,,," Dow Jones averages , FINANCE",,https://ut.primo.exlibrisgroup.com/openurl/01UTAMPA_INST/01UTAMPA_INST:SpartanSearch?genre=article&amp;issn=&amp;title=Nvidia%27s+stock+joins+the+Dow+today.+Here%27s+what+to+know.+Nvidia%27s+stock+may+be+the+most+influential+in+indexes+like+the+S%26amp%3BP+500%2C+but+in+the+Dow+it%27s+below+average&amp;volume=&amp;issue=&amp;date=2024&amp;atitle=Nvidia%27s+stock+joins+the+Dow+today.+Here%27s+what+to+know.+Nvidia%27s+stock+may+be+the+most+influential+in+indexes+like+the+S%26amp%3BP+500%2C+but+in+the+Dow+it%27s+below+average&amp;spage=&amp;sid=ProQ%3Aabidateline&amp;author=Kilgore,ABI/INFORM Collection
This Taser Maker's Stock Is Today's Best S&P 500 Performer. Here's Why.,3126030744,Newspapers,"Dattilo, Emily",," Copyright 2024 Dow Jones & Company, Inc. All Rights Reserved.", News," Nov 8, 2024",, English, English, New York,"Nov 8, 2024",Barron's (Online),2024,https://esearch.ut.edu/login?url=https://www.proquest.com/newspapers/this-taser-makers-stock-is-todays-best-s-amp-p/docview/3126030744/se-2?accountid=14762,,,,,,,,,https://ut.primo.exlibrisgroup.com/openurl/01UTAMPA_INST/01UTAMPA_INST:SpartanSearch?genre=article&amp;issn=&amp;title=This+Taser+Maker%27s+Stock+Is+Today%27s+Best+S%26amp%3BP+500+Performer.+Here%27s+Why.&amp;volume=&amp;issue=&amp;date=2024&amp;atitle=This+Taser+Maker%27s+Stock+Is+Today%27s+Best+S%26amp%3BP+500+Performer.+Here%27s+Why.&amp;spage=&amp;sid=ProQ%3Aabiglobal&amp;author=Dattilo,"ABI/INFORM Collection, Research Library"
"Stock Market Today: Dow Jones, S&P 500 Hit Record Highs But Techs Drag Nasdaq (Live Coverage)",3126012033,Newspapers,"Shreve, Ken;Koenig, Kimberley"," Broadcom Inc , Expedia Inc , NVidia Corp"," © 2024. Investor’s Business Daily, LLC All rights reserved", News," Nov 8, 2024",, English, English, Los Angeles,"Nov 8, 2024",Investor's Business Daily (Online),2024,https://esearch.ut.edu/login?url=https://www.proquest.com/newspapers/stock-market-today-dow-jones-s-amp-p-500-hit/docview/3126012033/se-2?accountid=14762, 52321 Securities and Commodity Exchanges, 52321 Securities and Commodity Exchanges,, 52321 Securities and Commodity Exchanges,, 52321 Securities and Commodity Exchanges," Dow Jones averages , FINANCE , FINANCE , FINANCE , Semiconductors , FINANCE , SUSTAINABILITY , SUSTAINABILITY , FINANCE , China",,https://ut.primo.exlibrisgroup.com/openurl/01UTAMPA_INST/01UTAMPA_INST:SpartanSearch?genre=article&amp;issn=&amp;title=Stock+Market+Today%3A+Dow+Jones%2C+S%26amp%3BP+500+Hit+Record+Highs+But+Techs+Drag+Nasdaq+%28Live+Coverage%29&amp;volume=&amp;issue=&amp;date=2024&amp;atitle=Stock+Market+Today%3A+Dow+Jones%2C+S%26amp%3BP+500+Hit+Record+Highs+But+Techs+Drag+Nasdaq+%28Live+Coverage%29&amp;spage=&amp;sid=ProQ%3Aabitrade&amp;author=Shreve,ABI/INFORM Collection
Micron tops list of 20 biggest winners in the S&P 500 this earnings season; Other companies showing very high sales growth with improving profit margins include BlackRock and Eli Lilly,3126002000,Newspapers,Philip van Doorn, Eli Lilly & Co," Copyright 2024 MarketWatch, Inc.  All Rights Reserved.", News," Nov 8, 2024",, English, English, South Brunswick,"Nov 8, 2024",MarketWatch,2024,https://esearch.ut.edu/login?url=https://www.proquest.com/newspapers/micron-tops-list-20-biggest-winners-s-amp-p-500/docview/3126002000/se-2?accountid=14762,,,,,,," ACCTAX , SUSTAINABILITY , SUSTAINABILITY , SUSTAINABILITY",,https://ut.primo.exlibrisgroup.com/openurl/01UTAMPA_INST/01UTAMPA_INST:SpartanSearch?genre=article&amp;issn=&amp;title=Micron+tops+list+of+20+biggest+winners+in+the+S%26amp%3BP+500+this+earnings+season%3B+Other+companies+showing+very+high+sales+growth+with+improving+profit+margins+include+BlackRock+and+Eli+Lilly&amp;volume=&amp;issue=&amp;date=2024&amp;atitle=Micron+tops+list+of+20+biggest+winners+in+the+S%26amp%3BP+500+this+earnings+season%3B+Other+companies+showing+very+high+sales+growth+with+improving+profit+margins+include+BlackRock+and+Eli+Lilly&amp;spage=&amp;sid=ProQ%3Aabidateline&amp;author=Philip+van+Doorn,ABI/INFORM Collection
S&P 500 Leader 'In Discussions With Two Particular Large Companies'; Adds $1 Billion To Buyback,3125987459,Newspapers,"Norton, Kit"," Constellation Energy Group Inc , Talen Energy , Morgan Stanley , Amazon.com Inc , Federal Energy Regulatory Commission--FERC , NuScale Power Inc"," © 2024. Investor’s Business Daily, LLC All rights reserved", News," Nov 8, 2024",, English, English, Los Angeles,"Nov 8, 2024",Investor's Business Daily (Online),2024,https://esearch.ut.edu/login?url=https://www.proquest.com/newspapers/s-amp-p-500-leader-discussions-with-two/docview/3125987459/se-2?accountid=14762,,,,,,," OPERATIONS , SUSTAINABILITY , SUSTAINABILITY , SUSTAINABILITY , SUSTAINABILITY , SUSTAINABILITY , SUSTAINABILITY , United States--US",,https://ut.primo.exlibrisgroup.com/openurl/01UTAMPA_INST/01UTAMPA_INST:SpartanSearch?genre=article&amp;issn=&amp;title=S%26amp%3BP+500+Leader+%27In+Discussions+With+Two+Particular+Large+Companies%27%3B+Adds+%241+Billion+To+Buyback&amp;volume=&amp;issue=&amp;date=2024&amp;atitle=S%26amp%3BP+500+Leader+%27In+Discussions+With+Two+Particular+Large+Companies%27%3B+Adds+%241+Billion+To+Buyback&amp;spage=&amp;sid=ProQ%3Aabitrade&amp;author=Norton,ABI/INFORM Collection
"S&P 500, Nasdaq Climb As Fed Cuts Rates",3125911036,Newspapers,"Langley, Karen",," Copyright 2024 Dow Jones & Company, Inc. All Rights Reserved.", News," Nov 8, 2024",0099-9660, English, English," New York, N.Y.","Nov 8, 2024",Wall Street Journal,2024,https://esearch.ut.edu/login?url=https://www.proquest.com/newspapers/s-amp-p-500-nasdaq-climb-as-fed-cuts-rates/docview/3125911036/se-2?accountid=14762,,,,, B.1,," FINANCE , Investments , Investors , Dow Jones averages , United States--US",,https://ut.primo.exlibrisgroup.com/openurl/01UTAMPA_INST/01UTAMPA_INST:SpartanSearch?genre=article&amp;issn=00999660&amp;title=S%26amp%3BP+500%2C+Nasdaq+Climb+As+Fed+Cuts+Rates&amp;volume=&amp;issue=&amp;date=2024&amp;atitle=S%26amp%3BP+500%2C+Nasdaq+Climb+As+Fed+Cuts+Rates&amp;spage=B.1&amp;sid=ProQ%3Aabiglobal&amp;author=Langley,ABI/INFORM Collection
"Trump's win and the Fed's rate cut are giving the stock market an open road; S&P 500 races ahead, and opportunities surface in solar power and crypto",3125677922,Newspapers,"McMillan, Lawrence G", New York Stock Exchange--NYSE," Copyright 2024 MarketWatch, Inc.  All Rights Reserved.", News," Nov 7, 2024",, English, English, South Brunswick,"Nov 7, 2024",MarketWatch,2024,https://esearch.ut.edu/login?url=https://www.proquest.com/newspapers/trumps-win-feds-rate-cut-are-giving-stock-market/docview/3125677922/se-2?accountid=14762," 92111 Executive Offices , 52321 Securities and Commodity Exchanges"," 92111 Executive Offices , 52321 Securities and Commodity Exchanges",," 92111 Executive Offices , 52321 Securities and Commodity Exchanges",," 92111 Executive Offices , 52321 Securities and Commodity Exchanges"," ECONOMICS , FINANCE , Election results , SUSTAINABILITY , Presidential elections , SUSTAINABILITY",,https://ut.primo.exlibrisgroup.com/openurl/01UTAMPA_INST/01UTAMPA_INST:SpartanSearch?genre=article&amp;issn=&amp;title=Trump%27s+win+and+the+Fed%27s+rate+cut+are+giving+the+stock+market+an+open+road%3B+S%26amp%3BP+500+races+ahead%2C+and+opportunities+surface+in+solar+power+and+crypto&amp;volume=&amp;issue=&amp;date=2024&amp;atitle=Trump%27s+win+and+the+Fed%27s+rate+cut+are+giving+the+stock+market+an+open+road%3B+S%26amp%3BP+500+races+ahead%2C+and+opportunities+surface+in+solar+power+and+crypto&amp;spage=&amp;sid=ProQ%3Aabidateline&amp;author=McMillan,ABI/INFORM Collection
"S&P 500 in a 'mania' as stock-market rally overshoots, says Wall Street bear; 'The train is approaching Crazy Town': Stifel's Barry Bannister",3125618139,Newspapers,"Watts, William", Crazy Town," Copyright 2024 MarketWatch, Inc.  All Rights Reserved.", News," Nov 7, 2024",, English, English, South Brunswick,"Nov 7, 2024",MarketWatch,2024,https://esearch.ut.edu/login?url=https://www.proquest.com/newspapers/s-amp-p-500-mania-as-stock-market-rally/docview/3125618139/se-2?accountid=14762,,,,,,," FINANCE , ECONOMICS , United States--US",,https://ut.primo.exlibrisgroup.com/openurl/01UTAMPA_INST/01UTAMPA_INST:SpartanSearch?genre=article&amp;issn=&amp;title=S%26amp%3BP+500+in+a+%27mania%27+as+stock-market+rally+overshoots%2C+says+Wall+Street+bear%3B+%27The+train+is+approaching+Crazy+Town%27%3A+Stifel%27s+Barry+Bannister&amp;volume=&amp;issue=&amp;date=2024&amp;atitle=S%26amp%3BP+500+in+a+%27mania%27+as+stock-market+rally+overshoots%2C+says+Wall+Street+bear%3B+%27The+train+is+approaching+Crazy+Town%27%3A+Stifel%27s+Barry+Bannister&amp;spage=&amp;sid=ProQ%3Aabidateline&amp;author=Watts,ABI/INFORM Collection
"The S&P 500 will gain 11% by mid-2025 as the bull market accelerates under Trump, Evercore says",3125573305,Newspapers,"Cloonan, Kelly",," Copyright Insider, Inc. 2024", News," Nov 7, 2024",, English, English, New York,"Nov 7, 2024",Business Insider,2024,https://esearch.ut.edu/login?url=https://www.proquest.com/newspapers/s-amp-p-500-will-gain-11-mid-2025-as-bull-market/docview/3125573305/se-2?accountid=14762,,," mi-exclusive , sp-500 , stock-market-outlook , trump , donald-trump , evercore-isi , julian-emanuel , evercore , deregulation",,,," Dow Jones averages , FINANCE , FINANCE , BUSINESSLAW"," mi-exclusive , sp-500 , stock-market-outlook , trump , donald-trump , evercore-isi , julian-emanuel , evercore , deregulation",https://ut.primo.exlibrisgroup.com/openurl/01UTAMPA_INST/01UTAMPA_INST:SpartanSearch?genre=article&amp;issn=&amp;title=The+S%26amp%3BP+500+will+gain+11%25+by+mid-2025+as+the+bull+market+accelerates+under+Trump%2C+Evercore+says&amp;volume=&amp;issue=&amp;date=2024&amp;atitle=The+S%26amp%3BP+500+will+gain+11%25+by+mid-2025+as+the+bull+market+accelerates+under+Trump%2C+Evercore+says&amp;spage=&amp;sid=ProQ%3Aabidateline&amp;author=Cloonan,ABI/INFORM Collection
"Fed Cuts Key Rate; Powell Pleases S&P 500, But Maybe Not Trump",3125547521,Newspapers,"Graham, Jed"," Republican Party , Deutsche Bank AG"," © 2024. Investor’s Business Daily, LLC All rights reserved", News," Nov 7, 2024",, English, English, Los Angeles,"Nov 7, 2024",Investor's Business Daily (Online),2024,https://esearch.ut.edu/login?url=https://www.proquest.com/newspapers/fed-cuts-key-rate-powell-pleases-s-amp-p-500/docview/3125547521/se-2?accountid=14762," 92113 Public Finance Activities , 52111 Monetary Authorities-Central Bank"," 92113 Public Finance Activities , 52111 Monetary Authorities-Central Bank",," 92113 Public Finance Activities , 52111 Monetary Authorities-Central Bank",," 92113 Public Finance Activities , 52111 Monetary Authorities-Central Bank"," ECONOMICS , ECONOMICS , ECONOMICS , ECONOMICS , Press conferences , ECONOMICS , ECONOMICS , ECONOMICS , ECONOMICS , ECONOMICS , ACCTAX , ECONOMICS , ECONOMICS , ECONOMICS , FINANCE , HUMANRESOURCES , United States--US , Powell, Jerome",,https://ut.primo.exlibrisgroup.com/openurl/01UTAMPA_INST/01UTAMPA_INST:SpartanSearch?genre=article&amp;issn=&amp;title=Fed+Cuts+Key+Rate%3B+Powell+Pleases+S%26amp%3BP+500%2C+But+Maybe+Not+Trump&amp;volume=&amp;issue=&amp;date=2024&amp;atitle=Fed+Cuts+Key+Rate%3B+Powell+Pleases+S%26amp%3BP+500%2C+But+Maybe+Not+Trump&amp;spage=&amp;sid=ProQ%3Aabitrade&amp;author=Graham,ABI/INFORM Collection
"The bull market is 'still an infant': Why Evercore sees the S&P 500 at 6,600 by mid-2025; The S&P 500 is poised for continued growth into mid-2025 after Trump's victory: Evercore ISI",3125530081,Newspapers,"Wang, Isabel", Congress-US," Copyright 2024 MarketWatch, Inc.  All Rights Reserved.", News," Nov 7, 2024",, English, English, South Brunswick,"Nov 7, 2024",MarketWatch,2024,https://esearch.ut.edu/login?url=https://www.proquest.com/newspapers/bull-market-is-still-infant-why-evercore-sees-s/docview/3125530081/se-2?accountid=14762," 92113 Public Finance Activities , 52111 Monetary Authorities-Central Bank"," 92113 Public Finance Activities , 52111 Monetary Authorities-Central Bank",," 92113 Public Finance Activities , 52111 Monetary Authorities-Central Bank",," 92113 Public Finance Activities , 52111 Monetary Authorities-Central Bank"," Dow Jones averages , FINANCE , ECONOMICS , FINANCE , Trump, Donald J , United States--US",,https://ut.primo.exlibrisgroup.com/openurl/01UTAMPA_INST/01UTAMPA_INST:SpartanSearch?genre=article&amp;issn=&amp;title=The+bull+market+is+%27still+an+infant%27%3A+Why+Evercore+sees+the+S%26amp%3BP+500+at+6%2C600+by+mid-2025%3B+The+S%26amp%3BP+500+is+poised+for+continued+growth+into+mid-2025+after+Trump%27s+victory%3A+Evercore+ISI&amp;volume=&amp;issue=&amp;date=2024&amp;atitle=The+bull+market+is+%27still+an+infant%27%3A+Why+Evercore+sees+the+S%26amp%3BP+500+at+6%2C600+by+mid-2025%3B+The+S%26amp%3BP+500+is+poised+for+continued+growth+into+mid-2025+after+Trump%27s+victory%3A+Evercore+ISI&amp;spage=&amp;sid=ProQ%3Aabidateline&amp;author=Wang,ABI/INFORM Collection
Match Group Stock Is the S&P 500's Worst Performer Today. Tinder Is Losing Users.,3125434325,Newspapers,"Palumbo, Angela",," Copyright 2024 Dow Jones & Company, Inc. All Rights Reserved.", News," Nov 7, 2024",, English, English, New York,"Nov 7, 2024",Barron's (Online),2024,https://esearch.ut.edu/login?url=https://www.proquest.com/newspapers/match-group-stock-is-s-amp-p-500s-worst-performer/docview/3125434325/se-2?accountid=14762,,,,,,, SUSTAINABILITY,,https://ut.primo.exlibrisgroup.com/openurl/01UTAMPA_INST/01UTAMPA_INST:SpartanSearch?genre=article&amp;issn=&amp;title=Match+Group+Stock+Is+the+S%26amp%3BP+500%27s+Worst+Performer+Today.+Tinder+Is+Losing+Users.&amp;volume=&amp;issue=&amp;date=2024&amp;atitle=Match+Group+Stock+Is+the+S%26amp%3BP+500%27s+Worst+Performer+Today.+Tinder+Is+Losing+Users.&amp;spage=&amp;sid=ProQ%3Aabiglobal&amp;author=Palumbo,"ABI/INFORM Collection, Research Library"
"Stock Market Today: Nasdaq, S&P 500 Add Gains But Small Caps Lag; Fed Makes Expected Rate Cut (Live Coverage)",3125352678,Newspapers,"Saito-Chung, David", Qualcomm Inc," © 2024. Investor’s Business Daily, LLC All rights reserved", News," Nov 7, 2024",, English, English, Los Angeles,"Nov 7, 2024",Investor's Business Daily (Online),2024,https://esearch.ut.edu/login?url=https://www.proquest.com/newspapers/stock-market-today-nasdaq-s-amp-p-500-add-gains/docview/3125352678/se-2?accountid=14762," 92113 Public Finance Activities , 52111 Monetary Authorities-Central Bank , 52321 Securities and Commodity Exchanges"," 92113 Public Finance Activities , 52111 Monetary Authorities-Central Bank , 52321 Securities and Commodity Exchanges",," 92113 Public Finance Activities , 52111 Monetary Authorities-Central Bank , 52321 Securities and Commodity Exchanges",," 92113 Public Finance Activities , 52111 Monetary Authorities-Central Bank , 52321 Securities and Commodity Exchanges"," FINANCE , Investments , FINANCE , SUSTAINABILITY , Dow Jones averages , FINANCE , ECONOMICS , ECONOMICS , ECONOMICS , ACCTAX , Investors , Wide area networks , FINANCE , Press conferences , Trump, Donald J , United States--US",,https://ut.primo.exlibrisgroup.com/openurl/01UTAMPA_INST/01UTAMPA_INST:SpartanSearch?genre=article&amp;issn=&amp;title=Stock+Market+Today%3A+Nasdaq%2C+S%26amp%3BP+500+Add+Gains+But+Small+Caps+Lag%3B+Fed+Makes+Expected+Rate+Cut+%28Live+Coverage%29&amp;volume=&amp;issue=&amp;date=2024&amp;atitle=Stock+Market+Today%3A+Nasdaq%2C+S%26amp%3BP+500+Add+Gains+But+Small+Caps+Lag%3B+Fed+Makes+Expected+Rate+Cut+%28Live+Coverage%29&amp;spage=&amp;sid=ProQ%3Aabitrade&amp;author=Saito-Chung,ABI/INFORM Collection
S&P 500 Leader 'In Discussions With Two Particular Large Companies'; Adds $1 Billion To Buyback,3125286289,Newspapers,"Norton, Kit"," Constellation Energy Group Inc , Talen Energy , Morgan Stanley , Amazon.com Inc , Federal Energy Regulatory Commission--FERC , NuScale Power Inc"," © 2024. Investor’s Business Daily, LLC All rights reserved", News," Nov 7, 2024",, English, English, Los Angeles,"Nov 7, 2024",Investor's Business Daily (Online),2024,https://esearch.ut.edu/login?url=https://www.proquest.com/newspapers/s-amp-p-500-leader-discussions-with-two/docview/3125286289/se-2?accountid=14762,,,,,,," OPERATIONS , SUSTAINABILITY , SUSTAINABILITY , SUSTAINABILITY , SUSTAINABILITY , SUSTAINABILITY , SUSTAINABILITY , FINANCE , United States--US",,https://ut.primo.exlibrisgroup.com/openurl/01UTAMPA_INST/01UTAMPA_INST:SpartanSearch?genre=article&amp;issn=&amp;title=S%26amp%3BP+500+Leader+%27In+Discussions+With+Two+Particular+Large+Companies%27%3B+Adds+%241+Billion+To+Buyback&amp;volume=&amp;issue=&amp;date=2024&amp;atitle=S%26amp%3BP+500+Leader+%27In+Discussions+With+Two+Particular+Large+Companies%27%3B+Adds+%241+Billion+To+Buyback&amp;spage=&amp;sid=ProQ%3Aabitrade&amp;author=Norton,ABI/INFORM Collection
"Trump Election Shifts Fed Rate-Cut Outlook As S&P 500, Bond Yields Jump",3125286287,Newspapers,"Graham, Jed"," Republican Party , Deutsche Bank AG"," © 2024. Investor’s Business Daily, LLC All rights reserved", News," Nov 7, 2024",, English, English, Los Angeles,"Nov 7, 2024",Investor's Business Daily (Online),2024,https://esearch.ut.edu/login?url=https://www.proquest.com/newspapers/trump-election-shifts-fed-rate-cut-outlook-as-s/docview/3125286287/se-2?accountid=14762," 92113 Public Finance Activities , 52111 Monetary Authorities-Central Bank"," 92113 Public Finance Activities , 52111 Monetary Authorities-Central Bank",," 92113 Public Finance Activities , 52111 Monetary Authorities-Central Bank",," 92113 Public Finance Activities , 52111 Monetary Authorities-Central Bank"," ECONOMICS , FINANCE , ECONOMICS , ECONOMICS , ECONOMICS , ECONOMICS , ECONOMICS , ECONOMICS , ECONOMICS , ACCTAX , ECONOMICS , Trump, Donald J , United States--US , Powell, Jerome",,https://ut.primo.exlibrisgroup.com/openurl/01UTAMPA_INST/01UTAMPA_INST:SpartanSearch?genre=article&amp;issn=&amp;title=Trump+Election+Shifts+Fed+Rate-Cut+Outlook+As+S%26amp%3BP+500%2C+Bond+Yields+Jump&amp;volume=&amp;issue=&amp;date=2024&amp;atitle=Trump+Election+Shifts+Fed+Rate-Cut+Outlook+As+S%26amp%3BP+500%2C+Bond+Yields+Jump&amp;spage=&amp;sid=ProQ%3Aabitrade&amp;author=Graham,ABI/INFORM Collection
"Stock Market Today: Dow Jones Gains 1,500 Points, S&P 500 Closes At New Highs; Nvidia, Tesla Soar (Live Coverage)",3124670107,Newspapers,"Koenig, Kimberley", NVidia Corp," © 2024. Investor’s Business Daily, LLC All rights reserved", News," Nov 6, 2024",, English, English, Los Angeles,"Nov 6, 2024",Investor's Business Daily (Online),2024,https://esearch.ut.edu/login?url=https://www.proquest.com/newspapers/stock-market-today-dow-jones-gains-1-500-points-s/docview/3124670107/se-2?accountid=14762, 52321 Securities and Commodity Exchanges, 52321 Securities and Commodity Exchanges,, 52321 Securities and Commodity Exchanges,, 52321 Securities and Commodity Exchanges," Dow Jones averages , FINANCE , ECONOMICS , FINANCE , Investments , SUSTAINABILITY , Investors , FINANCE , FINANCE , SUSTAINABILITY , SUSTAINABILITY , Election results , MARKETING , SUSTAINABILITY , BANKING , Trump, Donald J , United States--US",,https://ut.primo.exlibrisgroup.com/openurl/01UTAMPA_INST/01UTAMPA_INST:SpartanSearch?genre=article&amp;issn=&amp;title=Stock+Market+Today%3A+Dow+Jones+Gains+1%2C500+Points%2C+S%26amp%3BP+500+Closes+At+New+Highs%3B+Nvidia%2C+Tesla+Soar+%28Live+Coverage%29&amp;volume=&amp;issue=&amp;date=2024&amp;atitle=Stock+Market+Today%3A+Dow+Jones+Gains+1%2C500+Points%2C+S%26amp%3BP+500+Closes+At+New+Highs%3B+Nvidia%2C+Tesla+Soar+%28Live+Coverage%29&amp;spage=&amp;sid=ProQ%3Aabitrade&amp;author=Koenig,ABI/INFORM Collection
"S&P 500 Defense Leader Breaks Out, Fueled By Industry Backlog",3124648192,Newspapers,"Miller, Harrison",," © 2024. Investor’s Business Daily, LLC All rights reserved", News," Nov 6, 2024",, English, English, Los Angeles,"Nov 6, 2024",Investor's Business Daily (Online),2024,https://esearch.ut.edu/login?url=https://www.proquest.com/newspapers/s-amp-p-500-defense-leader-breaks-out-fueled/docview/3124648192/se-2?accountid=14762,,,,,,," FINANCE , SUSTAINABILITY , FINANCE",,https://ut.primo.exlibrisgroup.com/openurl/01UTAMPA_INST/01UTAMPA_INST:SpartanSearch?genre=article&amp;issn=&amp;title=S%26amp%3BP+500+Defense+Leader+Breaks+Out%2C+Fueled+By+Industry+Backlog&amp;volume=&amp;issue=&amp;date=2024&amp;atitle=S%26amp%3BP+500+Defense+Leader+Breaks+Out%2C+Fueled+By+Industry+Backlog&amp;spage=&amp;sid=ProQ%3Aabitrade&amp;author=Miller,ABI/INFORM Collection
"Trump Election Shifts Fed Rate-Cut Outlook As S&P 500, Bond Yields Jump",3124648161,Newspapers,"Graham, Jed"," Republican Party , Deutsche Bank AG"," © 2024. Investor’s Business Daily, LLC All rights reserved", News," Nov 6, 2024",, English, English, Los Angeles,"Nov 6, 2024",Investor's Business Daily (Online),2024,https://esearch.ut.edu/login?url=https://www.proquest.com/newspapers/trump-election-shifts-fed-rate-cut-outlook-as-s/docview/3124648161/se-2?accountid=14762," 92113 Public Finance Activities , 52111 Monetary Authorities-Central Bank"," 92113 Public Finance Activities , 52111 Monetary Authorities-Central Bank",," 92113 Public Finance Activities , 52111 Monetary Authorities-Central Bank",," 92113 Public Finance Activities , 52111 Monetary Authorities-Central Bank"," ECONOMICS , ECONOMICS , FINANCE , ECONOMICS , ECONOMICS , ECONOMICS , ECONOMICS , ECONOMICS , ECONOMICS , ECONOMICS , ACCTAX , ECONOMICS , United States--US , Powell, Jerome",,https://ut.primo.exlibrisgroup.com/openurl/01UTAMPA_INST/01UTAMPA_INST:SpartanSearch?genre=article&amp;issn=&amp;title=Trump+Election+Shifts+Fed+Rate-Cut+Outlook+As+S%26amp%3BP+500%2C+Bond+Yields+Jump&amp;volume=&amp;issue=&amp;date=2024&amp;atitle=Trump+Election+Shifts+Fed+Rate-Cut+Outlook+As+S%26amp%3BP+500%2C+Bond+Yields+Jump&amp;spage=&amp;sid=ProQ%3Aabitrade&amp;author=Graham,ABI/INFORM Collection
S&P 500 Leader To Report Earnings As Industry Dismisses Regulatory Rejection,3124628173,Newspapers,"Norton, Kit"," Constellation Energy Group Inc , Talen Energy , Morgan Stanley , Amazon.com Inc , Federal Energy Regulatory Commission--FERC , NuScale Power Inc"," © 2024. Investor’s Business Daily, LLC All rights reserved", News," Nov 6, 2024",, English, English, Los Angeles,"Nov 6, 2024",Investor's Business Daily (Online),2024,https://esearch.ut.edu/login?url=https://www.proquest.com/newspapers/s-amp-p-500-leader-report-earnings-as-industry/docview/3124628173/se-2?accountid=14762,,,,,,," OPERATIONS , SUSTAINABILITY , SUSTAINABILITY , SUSTAINABILITY , SUSTAINABILITY , ECONOMICS , SUSTAINABILITY , United States--US",,https://ut.primo.exlibrisgroup.com/openurl/01UTAMPA_INST/01UTAMPA_INST:SpartanSearch?genre=article&amp;issn=&amp;title=S%26amp%3BP+500+Leader+To+Report+Earnings+As+Industry+Dismisses+Regulatory+Rejection&amp;volume=&amp;issue=&amp;date=2024&amp;atitle=S%26amp%3BP+500+Leader+To+Report+Earnings+As+Industry+Dismisses+Regulatory+Rejection&amp;spage=&amp;sid=ProQ%3Aabitrade&amp;author=Norton,ABI/INFORM Collection
Banks and Tesla lead list of top-performing stocks following Trump's victory; The S&P 500 financial sector rose 5% when trading opened on Wednesday,3124530524,Newspapers,Philip van Doorn," JPMorgan Chase & Co , Supermicro Computer Inc , Tesla Inc"," Copyright 2024 MarketWatch, Inc.  All Rights Reserved.", News," Nov 6, 2024",, English, English, South Brunswick,"Nov 6, 2024",MarketWatch,2024,https://esearch.ut.edu/login?url=https://www.proquest.com/newspapers/banks-tesla-lead-list-top-performing-stocks/docview/3124530524/se-2?accountid=14762,,,,,,," FINANCE , ACCTAX , Flavors , SUSTAINABILITY , INDUSTRY",,https://ut.primo.exlibrisgroup.com/openurl/01UTAMPA_INST/01UTAMPA_INST:SpartanSearch?genre=article&amp;issn=&amp;title=Banks+and+Tesla+lead+list+of+top-performing+stocks+following+Trump%27s+victory%3B+The+S%26amp%3BP+500+financial+sector+rose+5%25+when+trading+opened+on+Wednesday&amp;volume=&amp;issue=&amp;date=2024&amp;atitle=Banks+and+Tesla+lead+list+of+top-performing+stocks+following+Trump%27s+victory%3B+The+S%26amp%3BP+500+financial+sector+rose+5%25+when+trading+opened+on+Wednesday&amp;spage=&amp;sid=ProQ%3Aabidateline&amp;author=Philip+van+Doorn,ABI/INFORM Collection
"S&P 500 Leader, Defense Supplier Eyes Buy Point. Wait For Two Things.",3124639441,Newspapers,"Miller, Harrison",," © 2024. Investor’s Business Daily, LLC All rights reserved", News," Nov 5, 2024",, English, English, Los Angeles,"Nov 5, 2024",Investor's Business Daily (Online),2024,https://esearch.ut.edu/login?url=https://www.proquest.com/newspapers/s-amp-p-500-leader-defense-supplier-eyes-buy/docview/3124639441/se-2?accountid=14762, 33641 Aerospace Product and Parts Manufacturing, 33641 Aerospace Product and Parts Manufacturing,, 33641 Aerospace Product and Parts Manufacturing,, 33641 Aerospace Product and Parts Manufacturing," FINANCE , INDUSTRY , Investments , Investors , SUSTAINABILITY",,https://ut.primo.exlibrisgroup.com/openurl/01UTAMPA_INST/01UTAMPA_INST:SpartanSearch?genre=article&amp;issn=&amp;title=S%26amp%3BP+500+Leader%2C+Defense+Supplier+Eyes+Buy+Point.+Wait+For+Two+Things.&amp;volume=&amp;issue=&amp;date=2024&amp;atitle=S%26amp%3BP+500+Leader%2C+Defense+Supplier+Eyes+Buy+Point.+Wait+For+Two+Things.&amp;spage=&amp;sid=ProQ%3Aabitrade&amp;author=Miller,ABI/INFORM Collection
"Nvidia, Tesla, and the Other 8 Top Stocks in the S&P 500 Are Strikingly Expensive. Be Nervous.",3124146649,Newspapers,"Vanjani, Karishma"," Broadcom Inc , NVidia Corp"," Copyright 2024 Dow Jones & Company, Inc. All Rights Reserved.", News," Nov 5, 2024",, English, English, New York,"Nov 5, 2024",Barron's (Online),2024,https://esearch.ut.edu/login?url=https://www.proquest.com/newspapers/nvidia-tesla-other-8-top-stocks-s-amp-p-500-are/docview/3124146649/se-2?accountid=14762,,,,,,," FINANCE , ECONOMICS , Investments , Investors",,https://ut.primo.exlibrisgroup.com/openurl/01UTAMPA_INST/01UTAMPA_INST:SpartanSearch?genre=article&amp;issn=&amp;title=Nvidia%2C+Tesla%2C+and+the+Other+8+Top+Stocks+in+the+S%26amp%3BP+500+Are+Strikingly+Expensive.+Be+Nervous.&amp;volume=&amp;issue=&amp;date=2024&amp;atitle=Nvidia%2C+Tesla%2C+and+the+Other+8+Top+Stocks+in+the+S%26amp%3BP+500+Are+Strikingly+Expensive.+Be+Nervous.&amp;spage=&amp;sid=ProQ%3Aabiglobal&amp;author=Vanjani,"ABI/INFORM Collection, Research Library"
"The S&P 500 could surge 5% by year-end before fresh uncertainty sparks a pullback in 2025, Morgan Stanley CIO says",3124138698,Newspapers,"Cloonan, Kelly", Morgan Stanley," Copyright Insider, Inc. 2024", News," Nov 5, 2024",, English, English, New York,"Nov 5, 2024",Business Insider,2024,https://esearch.ut.edu/login?url=https://www.proquest.com/newspapers/s-amp-p-500-could-surge-5-year-end-before-fresh/docview/3124138698/se-2?accountid=14762,,," mi-exclusive , sp-500 , stock-market-outlook , s-p-500-outlook , stock-market-rally , stock-market-pullback , morgan-stanley , mike-wilson",,,,," mi-exclusive , sp-500 , stock-market-outlook , s-p-500-outlook , stock-market-rally , stock-market-pullback , morgan-stanley , mike-wilson",https://ut.primo.exlibrisgroup.com/openurl/01UTAMPA_INST/01UTAMPA_INST:SpartanSearch?genre=article&amp;issn=&amp;title=The+S%26amp%3BP+500+could+surge+5%25+by+year-end+before+fresh+uncertainty+sparks+a+pullback+in+2025%2C+Morgan+Stanley+CIO+says&amp;volume=&amp;issue=&amp;date=2024&amp;atitle=The+S%26amp%3BP+500+could+surge+5%25+by+year-end+before+fresh+uncertainty+sparks+a+pullback+in+2025%2C+Morgan+Stanley+CIO+says&amp;spage=&amp;sid=ProQ%3Aabidateline&amp;author=Cloonan,ABI/INFORM Collection
"Big Tech stocks rally, as tech now drives S&P 500 more than on Election Day 2016; 'A lot has happened inside the S&P 500 over the last four and eight years, explaining why the index trades so rich to 2016,' says DataTrek co-founder Nicholas Colas",3124134134,Newspapers,"Idzelis, Christine", NVidia Corp," Copyright 2024 MarketWatch, Inc.  All Rights Reserved.", News," Nov 5, 2024",, English, English, South Brunswick,"Nov 5, 2024",MarketWatch,2024,https://esearch.ut.edu/login?url=https://www.proquest.com/newspapers/big-tech-stocks-rally-as-now-drives-s-amp-p-500/docview/3124134134/se-2?accountid=14762," 92111 Executive Offices , 52321 Securities and Commodity Exchanges"," 92111 Executive Offices , 52321 Securities and Commodity Exchanges",," 92111 Executive Offices , 52321 Securities and Commodity Exchanges",," 92111 Executive Offices , 52321 Securities and Commodity Exchanges"," FINANCE , FINANCE , Presidential elections , FINANCE , SUSTAINABILITY , United States--US",,https://ut.primo.exlibrisgroup.com/openurl/01UTAMPA_INST/01UTAMPA_INST:SpartanSearch?genre=article&amp;issn=&amp;title=Big+Tech+stocks+rally%2C+as+tech+now+drives+S%26amp%3BP+500+more+than+on+Election+Day+2016%3B+%27A+lot+has+happened+inside+the+S%26amp%3BP+500+over+the+last+four+and+eight+years%2C+explaining+why+the+index+trades+so+rich+to+2016%2C%27+says+DataTrek+co-founder+Nicholas+Colas&amp;volume=&amp;issue=&amp;date=2024&amp;atitle=Big+Tech+stocks+rally%2C+as+tech+now+drives+S%26amp%3BP+500+more+than+on+Election+Day+2016%3B+%27A+lot+has+happened+inside+the+S%26amp%3BP+500+over+the+last+four+and+eight+years%2C+explaining+why+the+index+trades+so+rich+to+2016%2C%27+says+DataTrek+co-founder+Nicholas+Colas&amp;spage=&amp;sid=ProQ%3Aabidateline&amp;author=Idzelis,ABI/INFORM Collection
Nvidia slips a spot among top S&P 500 stocks this year. Here's what overtook it. Nvidia's stock now ranks third among the S&P 500's biggest gainers for 2024. It held the No. 1 spot as recently as mid-September.,3124104762,Newspapers,"Bary, Emily", NVidia Corp," Copyright 2024 MarketWatch, Inc.  All Rights Reserved.", News," Nov 5, 2024",, English, English, South Brunswick,"Nov 5, 2024",MarketWatch,2024,https://esearch.ut.edu/login?url=https://www.proquest.com/newspapers/nvidia-slips-spot-among-top-s-amp-p-500-stocks/docview/3124104762/se-2?accountid=14762,,,,,,," Software , SUSTAINABILITY , United States--US",,https://ut.primo.exlibrisgroup.com/openurl/01UTAMPA_INST/01UTAMPA_INST:SpartanSearch?genre=article&amp;issn=&amp;title=Nvidia+slips+a+spot+among+top+S%26amp%3BP+500+stocks+this+year.+Here%27s+what+overtook+it.+Nvidia%27s+stock+now+ranks+third+among+the+S%26amp%3BP+500%27s+biggest+gainers+for+2024.+It+held+the+No.+1+spot+as+recently+as+mid-September.&amp;volume=&amp;issue=&amp;date=2024&amp;atitle=Nvidia+slips+a+spot+among+top+S%26amp%3BP+500+stocks+this+year.+Here%27s+what+overtook+it.+Nvidia%27s+stock+now+ranks+third+among+the+S%26amp%3BP+500%27s+biggest+gainers+for+2024.+It+held+the+No.+1+spot+as+recently+as+mid-September.&amp;spage=&amp;sid=ProQ%3Aabidateline&amp;author=Bary,ABI/INFORM Collection
This Materials Stock Is the Worst Performer in the S&P 500 After Slashing Dividend. Here's What's Happening.,3124020312,Newspapers,"Ohlen, Elsa",," Copyright 2024 Dow Jones & Company, Inc. All Rights Reserved.", News," Nov 5, 2024",, English, English, New York,"Nov 5, 2024",Barron's (Online),2024,https://esearch.ut.edu/login?url=https://www.proquest.com/newspapers/this-materials-stock-is-worst-performer-s-amp-p/docview/3124020312/se-2?accountid=14762,,,,,,,,,https://ut.primo.exlibrisgroup.com/openurl/01UTAMPA_INST/01UTAMPA_INST:SpartanSearch?genre=article&amp;issn=&amp;title=This+Materials+Stock+Is+the+Worst+Performer+in+the+S%26amp%3BP+500+After+Slashing+Dividend.+Here%27s+What%27s+Happening.&amp;volume=&amp;issue=&amp;date=2024&amp;atitle=This+Materials+Stock+Is+the+Worst+Performer+in+the+S%26amp%3BP+500+After+Slashing+Dividend.+Here%27s+What%27s+Happening.&amp;spage=&amp;sid=ProQ%3Aabiglobal&amp;author=Ohlen,"ABI/INFORM Collection, Research Library"
S&P 500 shows bearish momentum,3123661556,Newspapers,Chan,, © 2024 Singapore Press Holdings, News," Nov 4, 2024",, English, English, Singapore,"Nov 4, 2024",The Business Times,2024,https://esearch.ut.edu/login?url=https://www.proquest.com/newspapers/s-amp-p-500-shows-bearish-momentum/docview/3123661556/se-2?accountid=14762,,,,,,,,,https://ut.primo.exlibrisgroup.com/openurl/01UTAMPA_INST/01UTAMPA_INST:SpartanSearch?genre=article&amp;issn=&amp;title=S%26amp%3BP+500+shows+bearish+momentum&amp;volume=&amp;issue=&amp;date=2024&amp;atitle=S%26amp%3BP+500+shows+bearish+momentum&amp;spage=&amp;sid=ProQ%3Aabitrade&amp;author=Chan,ABI/INFORM Collection
Why 'Trump trades' and 'Harris trades' could be just regular stock-market bets; Here's what the S&P 500 sectors are really saying about their presidential election preference,3123370042,Newspapers,"Hulbert, Mark",," Copyright 2024 MarketWatch, Inc.  All Rights Reserved.", News," Nov 2, 2024",, English, English, South Brunswick,"Nov 2, 2024",MarketWatch,2024,https://esearch.ut.edu/login?url=https://www.proquest.com/newspapers/why-trump-trades-harris-could-be-just-regular/docview/3123370042/se-2?accountid=14762, 92111 Executive Offices, 92111 Executive Offices,, 92111 Executive Offices,, 92111 Executive Offices," Primaries & caucuses , Election results , Investments , Presidential elections , Investors , FINANCE , United States--US , Harris, Kamala , Trump, Donald J",,https://ut.primo.exlibrisgroup.com/openurl/01UTAMPA_INST/01UTAMPA_INST:SpartanSearch?genre=article&amp;issn=&amp;title=Why+%27Trump+trades%27+and+%27Harris+trades%27+could+be+just+regular+stock-market+bets%3B+Here%27s+what+the+S%26amp%3BP+500+sectors+are+really+saying+about+their+presidential+election+preference&amp;volume=&amp;issue=&amp;date=2024&amp;atitle=Why+%27Trump+trades%27+and+%27Harris+trades%27+could+be+just+regular+stock-market+bets%3B+Here%27s+what+the+S%26amp%3BP+500+sectors+are+really+saying+about+their+presidential+election+preference&amp;spage=&amp;sid=ProQ%3Aabidateline&amp;author=Hulbert,ABI/INFORM Collection
Investing legend Rob Arnott's $147 billion firm says stocks kicked out of the S&P 500 have huge upside — and is betting on these 7 recent dropouts trading at bargain prices,3123367628,Newspapers,"Ji, Christine"," Rivian Automotive LLC , Cirrus Logic Inc , Foot Locker Inc"," Copyright Insider, Inc. 2024", News," Nov 2, 2024",, English, English, New York,"Nov 2, 2024",Business Insider,2024,https://esearch.ut.edu/login?url=https://www.proquest.com/newspapers/investing-legend-rob-arnotts-147-billion-firm/docview/3123367628/se-2?accountid=14762," 33531 Electrical Equipment Manufacturing , 52591 Open-End Investment Funds , 52394 Portfolio Management and Investment Advice , 52321 Securities and Commodity Exchanges"," 33531 Electrical Equipment Manufacturing , 52591 Open-End Investment Funds , 52394 Portfolio Management and Investment Advice , 52321 Securities and Commodity Exchanges"," limited-synd , investing , investing-strategy , investing-tips , value-stocks , s-p500 , small-cap , stock-rebound , rob-arnott , stock-picking , cheap-stocks , russell-1000"," 33531 Electrical Equipment Manufacturing , 52591 Open-End Investment Funds , 52394 Portfolio Management and Investment Advice , 52321 Securities and Commodity Exchanges",," 33531 Electrical Equipment Manufacturing , 52591 Open-End Investment Funds , 52394 Portfolio Management and Investment Advice , 52321 Securities and Commodity Exchanges"," FINANCE , FINANCE , FINANCE , FINANCE , SUSTAINABILITY , FINANCE , FINANCE"," limited-synd , investing , investing-strategy , investing-tips , value-stocks , s-p500 , small-cap , stock-rebound , rob-arnott , stock-picking , cheap-stocks , russell-1000",https://ut.primo.exlibrisgroup.com/openurl/01UTAMPA_INST/01UTAMPA_INST:SpartanSearch?genre=article&amp;issn=&amp;title=Investing+legend+Rob+Arnott%27s+%24147+billion+firm+says+stocks+kicked+out+of+the+S%26amp%3BP+500+have+huge+upside+%E2%80%94+and+is+betting+on+these+7+recent+dropouts+trading+at+bargain+prices&amp;volume=&amp;issue=&amp;date=2024&amp;atitle=Investing+legend+Rob+Arnott%27s+%24147+billion+firm+says+stocks+kicked+out+of+the+S%26amp%3BP+500+have+huge+upside+%26mdash%3B+and+is+betting+on+these+7+recent+dropouts+trading+at+bargain+prices&amp;spage=&amp;sid=ProQ%3Aabidateline&amp;author=Ji,ABI/INFORM Collection
This stock-trading strategy can give you a win leading up to the presidential election; A plan to lock in a profit no matter how the S&P 500 reacts after Election Day,3123360364,Newspapers,"McMillan, Lawrence G", New York Stock Exchange--NYSE," Copyright 2024 MarketWatch, Inc.  All Rights Reserved.", News," Nov 2, 2024",, English, English, South Brunswick,"Nov 2, 2024",MarketWatch,2024,https://esearch.ut.edu/login?url=https://www.proquest.com/newspapers/this-stock-trading-strategy-can-give-you-win/docview/3123360364/se-2?accountid=14762, 92111 Executive Offices, 92111 Executive Offices,, 92111 Executive Offices,, 92111 Executive Offices," Prices , Presidential elections , FINANCE , SUSTAINABILITY , United States--US",,https://ut.primo.exlibrisgroup.com/openurl/01UTAMPA_INST/01UTAMPA_INST:SpartanSearch?genre=article&amp;issn=&amp;title=This+stock-trading+strategy+can+give+you+a+win+leading+up+to+the+presidential+election%3B+A+plan+to+lock+in+a+profit+no+matter+how+the+S%26amp%3BP+500+reacts+after+Election+Day&amp;volume=&amp;issue=&amp;date=2024&amp;atitle=This+stock-trading+strategy+can+give+you+a+win+leading+up+to+the+presidential+election%3B+A+plan+to+lock+in+a+profit+no+matter+how+the+S%26amp%3BP+500+reacts+after+Election+Day&amp;spage=&amp;sid=ProQ%3Aabidateline&amp;author=McMillan,ABI/INFORM Collection
Why these 17 stocks in the S&P 500 are now more compelling; BlackRock CEO Larry Fink says companies' earnings are 'catching up' to high P/E ratios for their stocks. Here are 10 companies to keep an eye on.,3123342441,Newspapers,Philip van Doorn,," Copyright 2024 MarketWatch, Inc.  All Rights Reserved.", News," Nov 2, 2024",, English, English, South Brunswick,"Nov 2, 2024",MarketWatch,2024,https://esearch.ut.edu/login?url=https://www.proquest.com/newspapers/why-these-17-stocks-s-amp-p-500-are-now-more/docview/3123342441/se-2?accountid=14762, 52321 Securities and Commodity Exchanges, 52321 Securities and Commodity Exchanges,, 52321 Securities and Commodity Exchanges,, 52321 Securities and Commodity Exchanges," FINANCE , FINANCE , FINANCE , Investments , Estimates , FINANCE , FINANCE , Investors , SUSTAINABILITY , Fink, Laurence D",,https://ut.primo.exlibrisgroup.com/openurl/01UTAMPA_INST/01UTAMPA_INST:SpartanSearch?genre=article&amp;issn=&amp;title=Why+these+17+stocks+in+the+S%26amp%3BP+500+are+now+more+compelling%3B+BlackRock+CEO+Larry+Fink+says+companies%27+earnings+are+%27catching+up%27+to+high+P%2FE+ratios+for+their+stocks.+Here+are+10+companies+to+keep+an+eye+on.&amp;volume=&amp;issue=&amp;date=2024&amp;atitle=Why+these+17+stocks+in+the+S%26amp%3BP+500+are+now+more+compelling%3B+BlackRock+CEO+Larry+Fink+says+companies%27+earnings+are+%27catching+up%27+to+high+P%2FE+ratios+for+their+stocks.+Here+are+10+companies+to+keep+an+eye+on.&amp;spage=&amp;sid=ProQ%3Aabidateline&amp;author=Philip+van+Doorn,ABI/INFORM Collection
Trump-Harris election may take weeks to decide. Here's what investors must know. The S&P 500 fell more than 8% during uncertainty following the 2000 election,3123311254,Newspapers,"Matthews, Chris", Congress-US," Copyright 2024 MarketWatch, Inc.  All Rights Reserved.", News," Nov 2, 2024",, English, English, South Brunswick,"Nov 2, 2024",MarketWatch,2024,https://esearch.ut.edu/login?url=https://www.proquest.com/newspapers/trump-harris-election-may-take-weeks-decide-heres/docview/3123311254/se-2?accountid=14762, 92111 Executive Offices, 92111 Executive Offices,, 92111 Executive Offices,, 92111 Executive Offices," Election results , SUSTAINABILITY , Presidential elections , Pennsylvania , Wisconsin , Nevada , United States--US , North Carolina , Michigan , Arizona , Georgia",,https://ut.primo.exlibrisgroup.com/openurl/01UTAMPA_INST/01UTAMPA_INST:SpartanSearch?genre=article&amp;issn=&amp;title=Trump-Harris+election+may+take+weeks+to+decide.+Here%27s+what+investors+must+know.+The+S%26amp%3BP+500+fell+more+than+8%25+during+uncertainty+following+the+2000+election&amp;volume=&amp;issue=&amp;date=2024&amp;atitle=Trump-Harris+election+may+take+weeks+to+decide.+Here%27s+what+investors+must+know.+The+S%26amp%3BP+500+fell+more+than+8%25+during+uncertainty+following+the+2000+election&amp;spage=&amp;sid=ProQ%3Aabidateline&amp;author=Matthews,ABI/INFORM Collection
'The reversion will eventually come': A chief strategist says Goldman Sachs and JPMorgan are right to warn of weak returns for the S&P 500 over the next decade,3123277039,Newspapers,"Edwards, William", Goldman Sachs Group Inc," Copyright Insider, Inc. 2024", News," Nov 2, 2024",, English, English, New York,"Nov 2, 2024",Business Insider,2024,https://esearch.ut.edu/login?url=https://www.proquest.com/newspapers/reversion-will-eventually-come-chief-strategist/docview/3123277039/se-2?accountid=14762,,," limited-synd , investing , stock-market-crash , s-p-500-outlook , stock-market-outlook , stock-market-returns , stock-valuations , goldman-sachs , jpmorgan , lance-roberts",,,," Investments , Advisors , Investors"," limited-synd , investing , stock-market-crash , s-p-500-outlook , stock-market-outlook , stock-market-returns , stock-valuations , goldman-sachs , jpmorgan , lance-roberts",https://ut.primo.exlibrisgroup.com/openurl/01UTAMPA_INST/01UTAMPA_INST:SpartanSearch?genre=article&amp;issn=&amp;title=%27The+reversion+will+eventually+come%27%3A+A+chief+strategist+says+Goldman+Sachs+and+JPMorgan+are+right+to+warn+of+weak+returns+for+the+S%26amp%3BP+500+over+the+next+decade&amp;volume=&amp;issue=&amp;date=2024&amp;atitle=%27The+reversion+will+eventually+come%27%3A+A+chief+strategist+says+Goldman+Sachs+and+JPMorgan+are+right+to+warn+of+weak+returns+for+the+S%26amp%3BP+500+over+the+next+decade&amp;spage=&amp;sid=ProQ%3Aabidateline&amp;author=Edwards,ABI/INFORM Collection
This closely watched stock-market indicator hit a 2½-year high. What it says will happen next. BofA strategists caution that elevated market sentiment could limit upside for the S&P 500 — advising investors to 'stay selective' in stock investing,3123271674,Newspapers,"Wang, Isabel",," Copyright 2024 MarketWatch, Inc.  All Rights Reserved.", News," Nov 2, 2024",, English, English, South Brunswick,"Nov 2, 2024",MarketWatch,2024,https://esearch.ut.edu/login?url=https://www.proquest.com/newspapers/this-closely-watched-stock-market-indicator-hit/docview/3123271674/se-2?accountid=14762," 92111 Executive Offices , 92113 Public Finance Activities , 52111 Monetary Authorities-Central Bank , 52321 Securities and Commodity Exchanges"," 92111 Executive Offices , 92113 Public Finance Activities , 52111 Monetary Authorities-Central Bank , 52321 Securities and Commodity Exchanges",," 92111 Executive Offices , 92113 Public Finance Activities , 52111 Monetary Authorities-Central Bank , 52321 Securities and Commodity Exchanges",," 92111 Executive Offices , 92113 Public Finance Activities , 52111 Monetary Authorities-Central Bank , 52321 Securities and Commodity Exchanges"," Dow Jones averages , FINANCE , ECONOMICS , Investments , Presidential elections , FINANCE , PSYCHOLOGY , United States--US",,https://ut.primo.exlibrisgroup.com/openurl/01UTAMPA_INST/01UTAMPA_INST:SpartanSearch?genre=article&amp;issn=&amp;title=This+closely+watched+stock-market+indicator+hit+a+2%C2%BD-year+high.+What+it+says+will+happen+next.+BofA+strategists+caution+that+elevated+market+sentiment+could+limit+upside+for+the+S%26amp%3BP+500+%E2%80%94+advising+investors+to+%27stay+selective%27+in+stock+investing&amp;volume=&amp;issue=&amp;date=2024&amp;atitle=This+closely+watched+stock-market+indicator+hit+a+2%26frac12%3B-year+high.+What+it+says+will+happen+next.+BofA+strategists+caution+that+elevated+market+sentiment+could+limit+upside+for+the+S%26amp%3BP+500+%26mdash%3B+advising+investors+to+%27stay+selective%27+in+stock+investing&amp;spage=&amp;sid=ProQ%3Aabidateline&amp;author=Wang,ABI/INFORM Collection
This Nvidia Partner Is Now The S&P 500's Biggest Loser In 2024,3124712543,Newspapers,"Carson, Ed", NVidia Corp," © 2024. Investor’s Business Daily, LLC All rights reserved", News," Nov 1, 2024",, English, English, Los Angeles,"Nov 1, 2024",Investor's Business Daily (Online),2024,https://esearch.ut.edu/login?url=https://www.proquest.com/newspapers/this-nvidia-partner-is-now-s-amp-p-500s-biggest/docview/3124712543/se-2?accountid=14762, 52321 Securities and Commodity Exchanges, 52321 Securities and Commodity Exchanges,, 52321 Securities and Commodity Exchanges,, 52321 Securities and Commodity Exchanges," Dow Jones averages , FINANCE , FINANCE , FINANCE , ACCTAX , FINANCE",,https://ut.primo.exlibrisgroup.com/openurl/01UTAMPA_INST/01UTAMPA_INST:SpartanSearch?genre=article&amp;issn=&amp;title=This+Nvidia+Partner+Is+Now+The+S%26amp%3BP+500%27s+Biggest+Loser+In+2024&amp;volume=&amp;issue=&amp;date=2024&amp;atitle=This+Nvidia+Partner+Is+Now+The+S%26amp%3BP+500%27s+Biggest+Loser+In+2024&amp;spage=&amp;sid=ProQ%3Aabitrade&amp;author=Carson,ABI/INFORM Collection
S&P 500 Nuclear Energy Leaders Gain 30% Since Microsoft Deal. Now It's Time For Earnings.,3124699795,Newspapers,"Norton, Kit"," Three Mile Island Nuclear Generating Station , Constellation Energy Group Inc , Morgan Stanley , NuScale Power Inc"," © 2024. Investor’s Business Daily, LLC All rights reserved", News," Nov 1, 2024",, English, English, Los Angeles,"Nov 1, 2024",Investor's Business Daily (Online),2024,https://esearch.ut.edu/login?url=https://www.proquest.com/newspapers/s-amp-p-500-nuclear-energy-leaders-gain-30-since/docview/3124699795/se-2?accountid=14762,,,,,,," OPERATIONS , SUSTAINABILITY , SUSTAINABILITY , SUSTAINABILITY , SUSTAINABILITY , SUSTAINABILITY , Three Mile Island , United States--US , Pennsylvania",,https://ut.primo.exlibrisgroup.com/openurl/01UTAMPA_INST/01UTAMPA_INST:SpartanSearch?genre=article&amp;issn=&amp;title=S%26amp%3BP+500+Nuclear+Energy+Leaders+Gain+30%25+Since+Microsoft+Deal.+Now+It%27s+Time+For+Earnings.&amp;volume=&amp;issue=&amp;date=2024&amp;atitle=S%26amp%3BP+500+Nuclear+Energy+Leaders+Gain+30%25+Since+Microsoft+Deal.+Now+It%27s+Time+For+Earnings.&amp;spage=&amp;sid=ProQ%3Aabitrade&amp;author=Norton,ABI/INFORM Collection
"Jobs Report: Fed Rate-Cut Odds Jump As Hiring Stalls Amid Strike, Hurricane; S&P 500 Rises",3124639483,Newspapers,"Graham, Jed",," © 2024. Investor’s Business Daily, LLC All rights reserved", News," Nov 1, 2024",, English, English, Los Angeles,"Nov 1, 2024",Investor's Business Daily (Online),2024,https://esearch.ut.edu/login?url=https://www.proquest.com/newspapers/jobs-report-fed-rate-cut-odds-jump-as-hiring/docview/3124639483/se-2?accountid=14762," 92113 Public Finance Activities , 52111 Monetary Authorities-Central Bank"," 92113 Public Finance Activities , 52111 Monetary Authorities-Central Bank",," 92113 Public Finance Activities , 52111 Monetary Authorities-Central Bank",," 92113 Public Finance Activities , 52111 Monetary Authorities-Central Bank"," SUSTAINABILITY , ECONOMICS , ECONOMICS , FINANCE , ECONOMICS , HUMANRESOURCES , HUMANRESOURCES , ECONOMICS , ECONOMICS , Trends , HUMANRESOURCES",,https://ut.primo.exlibrisgroup.com/openurl/01UTAMPA_INST/01UTAMPA_INST:SpartanSearch?genre=article&amp;issn=&amp;title=Jobs+Report%3A+Fed+Rate-Cut+Odds+Jump+As+Hiring+Stalls+Amid+Strike%2C+Hurricane%3B+S%26amp%3BP+500+Rises&amp;volume=&amp;issue=&amp;date=2024&amp;atitle=Jobs+Report%3A+Fed+Rate-Cut+Odds+Jump+As+Hiring+Stalls+Amid+Strike%2C+Hurricane%3B+S%26amp%3BP+500+Rises&amp;spage=&amp;sid=ProQ%3Aabitrade&amp;author=Graham,ABI/INFORM Collection
"As Stock Market Awaits Election, Palantir, S&P 500 Nuke Leaders Report",3124628353,Newspapers,," BioNTech SE , Amazon.com Inc , Palantir Technologies"," © 2024. Investor’s Business Daily, LLC All rights reserved", News," Nov 1, 2024",, English, English, Los Angeles,"Nov 1, 2024",Investor's Business Daily (Online),2024,https://esearch.ut.edu/login?url=https://www.proquest.com/newspapers/as-stock-market-awaits-election-palantir-s-amp-p/docview/3124628353/se-2?accountid=14762," 92111 Executive Offices , 92113 Public Finance Activities , 52111 Monetary Authorities-Central Bank , 52321 Securities and Commodity Exchanges"," 92111 Executive Offices , 92113 Public Finance Activities , 52111 Monetary Authorities-Central Bank , 52321 Securities and Commodity Exchanges",," 92111 Executive Offices , 92113 Public Finance Activities , 52111 Monetary Authorities-Central Bank , 52321 Securities and Commodity Exchanges",," 92111 Executive Offices , 92113 Public Finance Activities , 52111 Monetary Authorities-Central Bank , 52321 Securities and Commodity Exchanges"," FINANCE , SUSTAINABILITY , SUSTAINABILITY , Investments , SUSTAINABILITY , FINANCE , SUSTAINABILITY , Election results , ECONOMICS , Presidential elections , Investors",,https://ut.primo.exlibrisgroup.com/openurl/01UTAMPA_INST/01UTAMPA_INST:SpartanSearch?genre=article&amp;issn=&amp;title=As+Stock+Market+Awaits+Election%2C+Palantir%2C+S%26amp%3BP+500+Nuke+Leaders+Report&amp;volume=&amp;issue=&amp;date=2024&amp;atitle=As+Stock+Market+Awaits+Election%2C+Palantir%2C+S%26amp%3BP+500+Nuke+Leaders+Report&amp;spage=&amp;sid=ProQ%3Aabitrade&amp;author=,ABI/INFORM Collection
"Stock Market Has Election Jitters, Here's What To Do; Warren Buffett, Tesla, S&P 500 Winners In Focus",3124628236,Newspapers,"Carson, Ed"," Constellation Energy Group Inc , Arista Networks Inc , NVidia Corp"," © 2024. Investor’s Business Daily, LLC All rights reserved", News," Nov 1, 2024",, English, English, Los Angeles,"Nov 1, 2024",Investor's Business Daily (Online),2024,https://esearch.ut.edu/login?url=https://www.proquest.com/newspapers/stock-market-has-election-jitters-heres-what-do/docview/3124628236/se-2?accountid=14762," 92111 Executive Offices , 92113 Public Finance Activities , 52111 Monetary Authorities-Central Bank , 52321 Securities and Commodity Exchanges"," 92111 Executive Offices , 92113 Public Finance Activities , 52111 Monetary Authorities-Central Bank , 52321 Securities and Commodity Exchanges",," 92111 Executive Offices , 92113 Public Finance Activities , 52111 Monetary Authorities-Central Bank , 52321 Securities and Commodity Exchanges",," 92111 Executive Offices , 92113 Public Finance Activities , 52111 Monetary Authorities-Central Bank , 52321 Securities and Commodity Exchanges"," FINANCE , Futures , FINANCE , SUSTAINABILITY , FINANCE , Dow Jones averages , FINANCE , Political campaigns , ECONOMICS , Presidential elections , China , Buffett, Warren",,https://ut.primo.exlibrisgroup.com/openurl/01UTAMPA_INST/01UTAMPA_INST:SpartanSearch?genre=article&amp;issn=&amp;title=Stock+Market+Has+Election+Jitters%2C+Here%27s+What+To+Do%3B+Warren+Buffett%2C+Tesla%2C+S%26amp%3BP+500+Winners+In+Focus&amp;volume=&amp;issue=&amp;date=2024&amp;atitle=Stock+Market+Has+Election+Jitters%2C+Here%27s+What+To+Do%3B+Warren+Buffett%2C+Tesla%2C+S%26amp%3BP+500+Winners+In+Focus&amp;spage=&amp;sid=ProQ%3Aabitrade&amp;author=Carson,ABI/INFORM Collection
This closely watched stock-market indicator hit a 2½-year high. What it says will happen next. BofA strategists caution that elevated market sentiment could limit upside for the S&P 500 — advising investors to 'stay selective' in stock investing,3123093193,Newspapers,"Wang, Isabel",," Copyright 2024 MarketWatch, Inc.  All Rights Reserved.", News," Nov 1, 2024",, English, English, South Brunswick,"Nov 1, 2024",MarketWatch,2024,https://esearch.ut.edu/login?url=https://www.proquest.com/newspapers/this-closely-watched-stock-market-indicator-hit/docview/3123093193/se-2?accountid=14762," 92111 Executive Offices , 92113 Public Finance Activities , 52111 Monetary Authorities-Central Bank , 52321 Securities and Commodity Exchanges"," 92111 Executive Offices , 92113 Public Finance Activities , 52111 Monetary Authorities-Central Bank , 52321 Securities and Commodity Exchanges",," 92111 Executive Offices , 92113 Public Finance Activities , 52111 Monetary Authorities-Central Bank , 52321 Securities and Commodity Exchanges",," 92111 Executive Offices , 92113 Public Finance Activities , 52111 Monetary Authorities-Central Bank , 52321 Securities and Commodity Exchanges"," Dow Jones averages , FINANCE , ECONOMICS , Investments , Presidential elections , FINANCE , PSYCHOLOGY , United States--US",,https://ut.primo.exlibrisgroup.com/openurl/01UTAMPA_INST/01UTAMPA_INST:SpartanSearch?genre=article&amp;issn=&amp;title=This+closely+watched+stock-market+indicator+hit+a+2%C2%BD-year+high.+What+it+says+will+happen+next.+BofA+strategists+caution+that+elevated+market+sentiment+could+limit+upside+for+the+S%26amp%3BP+500+%E2%80%94+advising+investors+to+%27stay+selective%27+in+stock+investing&amp;volume=&amp;issue=&amp;date=2024&amp;atitle=This+closely+watched+stock-market+indicator+hit+a+2%26frac12%3B-year+high.+What+it+says+will+happen+next.+BofA+strategists+caution+that+elevated+market+sentiment+could+limit+upside+for+the+S%26amp%3BP+500+%26mdash%3B+advising+investors+to+%27stay+selective%27+in+stock+investing&amp;spage=&amp;sid=ProQ%3Aabidateline&amp;author=Wang,ABI/INFORM Collection
Trump-Harris election may take weeks to decide. Here's what investors must know. The S&P 500 fell more than 8% during uncertainty following the 2000 election,3123046833,Newspapers,"Matthews, Chris", Congress-US," Copyright 2024 MarketWatch, Inc.  All Rights Reserved.", News," Nov 1, 2024",, English, English, South Brunswick,"Nov 1, 2024",MarketWatch,2024,https://esearch.ut.edu/login?url=https://www.proquest.com/newspapers/trump-harris-election-may-take-weeks-decide-heres/docview/3123046833/se-2?accountid=14762, 92111 Executive Offices, 92111 Executive Offices,, 92111 Executive Offices,, 92111 Executive Offices," SUSTAINABILITY , Election results , Presidential elections , Pennsylvania , Wisconsin , Nevada , United States--US , North Carolina , Michigan , Arizona , Georgia",,https://ut.primo.exlibrisgroup.com/openurl/01UTAMPA_INST/01UTAMPA_INST:SpartanSearch?genre=article&amp;issn=&amp;title=Trump-Harris+election+may+take+weeks+to+decide.+Here%27s+what+investors+must+know.+The+S%26amp%3BP+500+fell+more+than+8%25+during+uncertainty+following+the+2000+election&amp;volume=&amp;issue=&amp;date=2024&amp;atitle=Trump-Harris+election+may+take+weeks+to+decide.+Here%27s+what+investors+must+know.+The+S%26amp%3BP+500+fell+more+than+8%25+during+uncertainty+following+the+2000+election&amp;spage=&amp;sid=ProQ%3Aabidateline&amp;author=Matthews,ABI/INFORM Collection
"The U.S. election need not be scary. History shows this is the way to trade it, says Citi. The S&P 500 looks well set for the rest of the year but there's also a way to gain from short-term volatility",3122980924,Newspapers,"Chisholm, Jamie", Amazon.com Inc," Copyright 2024 MarketWatch, Inc.  All Rights Reserved.", News," Nov 1, 2024",, English, English, South Brunswick,"Nov 1, 2024",MarketWatch,2024,https://esearch.ut.edu/login?url=https://www.proquest.com/newspapers/u-s-election-need-not-be-scary-history-shows-this/docview/3122980924/se-2?accountid=14762, 52321 Securities and Commodity Exchanges, 52321 Securities and Commodity Exchanges,, 52321 Securities and Commodity Exchanges,, 52321 Securities and Commodity Exchanges," FINANCE , ECONOMICS , Investments , ECONOMICS , SUSTAINABILITY , Investors , FINANCE , SUSTAINABILITY , SUSTAINABILITY , United States--US",,https://ut.primo.exlibrisgroup.com/openurl/01UTAMPA_INST/01UTAMPA_INST:SpartanSearch?genre=article&amp;issn=&amp;title=The+U.S.+election+need+not+be+scary.+History+shows+this+is+the+way+to+trade+it%2C+says+Citi.+The+S%26amp%3BP+500+looks+well+set+for+the+rest+of+the+year+but+there%27s+also+a+way+to+gain+from+short-term+volatility&amp;volume=&amp;issue=&amp;date=2024&amp;atitle=The+U.S.+election+need+not+be+scary.+History+shows+this+is+the+way+to+trade+it%2C+says+Citi.+The+S%26amp%3BP+500+looks+well+set+for+the+rest+of+the+year+but+there%27s+also+a+way+to+gain+from+short-term+volatility&amp;spage=&amp;sid=ProQ%3Aabidateline&amp;author=Chisholm,ABI/INFORM Collection
"S&P 500, Nasdaq Fall Amid Big Tech Selloff --- Investors' displeasure with earnings reports has outsize influence on the stock indexes",3122859330,Newspapers,"Dezember, Ryan;McCabe, Caitlin",," Copyright 2024 Dow Jones & Company, Inc. All Rights Reserved.", News," Nov 1, 2024",0099-9660, English, English," New York, N.Y.","Nov 1, 2024",Wall Street Journal,2024,https://esearch.ut.edu/login?url=https://www.proquest.com/newspapers/s-amp-p-500-nasdaq-fall-amid-big-tech-selloff/docview/3122859330/se-2?accountid=14762," 52111 Monetary Authorities-Central Bank , 52321 Securities and Commodity Exchanges"," 52111 Monetary Authorities-Central Bank , 52321 Securities and Commodity Exchanges",," 52111 Monetary Authorities-Central Bank , 52321 Securities and Commodity Exchanges", A.1," 52111 Monetary Authorities-Central Bank , 52321 Securities and Commodity Exchanges"," FINANCE , ECONOMICS , Investments , Semiconductors , ECONOMICS , FINANCE , PSYCHOLOGY , FINANCE , ECONOMICS , SUSTAINABILITY , Investors , United Kingdom--UK",,https://ut.primo.exlibrisgroup.com/openurl/01UTAMPA_INST/01UTAMPA_INST:SpartanSearch?genre=article&amp;issn=00999660&amp;title=S%26amp%3BP+500%2C+Nasdaq+Fall+Amid+Big+Tech+Selloff+---+Investors%27+displeasure+with+earnings+reports+has+outsize+influence+on+the+stock+indexes&amp;volume=&amp;issue=&amp;date=2024&amp;atitle=S%26amp%3BP+500%2C+Nasdaq+Fall+Amid+Big+Tech+Selloff+---+Investors%27+displeasure+with+earnings+reports+has+outsize+influence+on+the+stock+indexes&amp;spage=A.1&amp;sid=ProQ%3Aabiglobal&amp;author=Dezember,ABI/INFORM Collection
"Stock market suffers a Halloween selloff as tech investors get the chills; Dow, S&P 500 see first monthly fall since April",3122746895,Newspapers,"Watts, William",," Copyright 2024 MarketWatch, Inc.  All Rights Reserved.", News," Nov 1, 2024",, English, English, South Brunswick,"Nov 1, 2024",MarketWatch,2024,https://esearch.ut.edu/login?url=https://www.proquest.com/newspapers/stock-market-suffers-halloween-selloff-as-tech/docview/3122746895/se-2?accountid=14762,,,,,,," Investments , Investors",,https://ut.primo.exlibrisgroup.com/openurl/01UTAMPA_INST/01UTAMPA_INST:SpartanSearch?genre=article&amp;issn=&amp;title=Stock+market+suffers+a+Halloween+selloff+as+tech+investors+get+the+chills%3B+Dow%2C+S%26amp%3BP+500+see+first+monthly+fall+since+April&amp;volume=&amp;issue=&amp;date=2024&amp;atitle=Stock+market+suffers+a+Halloween+selloff+as+tech+investors+get+the+chills%3B+Dow%2C+S%26amp%3BP+500+see+first+monthly+fall+since+April&amp;spage=&amp;sid=ProQ%3Aabidateline&amp;author=Watts,ABI/INFORM Collection
