Title,Abstract,StoreId,ArticleType,Authors,companies,copyright,documentType,entryDate,identifierKeywords,issn,issue,language,languageOfSummary,pages,placeOfPublication,pubdate,pubtitle,year,volume,DocumentURL,FindACopy,LinkToFulltext,Database
"Wall Street today: S&P 500, Nasdaq sharply higher on chip stocks rally, investors eye Fed decision",,3086359338,Newspapers,, Hamas," Copyright HT Digital Streams Limited Jul 31, 2024", News," Jul 31, 2024",,,, English, English,, New Delhi,"Jul 31, 2024",Mint,2024,,https://esearch.ut.edu/login?url=https://www.proquest.com/newspapers/wall-street-today-s-amp-p-500-nasdaq-sharply/docview/3086359338/se-2?accountid=14762,https://ut.primo.exlibrisgroup.com/openurl/01UTAMPA_INST/01UTAMPA_INST:SpartanSearch?genre=article&amp;issn=&amp;title=Wall+Street+today%3A+S%26amp%3BP+500%2C+Nasdaq+sharply+higher+on+chip+stocks+rally%2C+investors+eye+Fed+decision&amp;volume=&amp;issue=&amp;date=2024&amp;atitle=Wall+Street+today%3A+S%26amp%3BP+500%2C+Nasdaq+sharply+higher+on+chip+stocks+rally%2C+investors+eye+Fed+decision&amp;spage=&amp;sid=ProQ%3Aabiglobal&amp;author=,,ABI/INFORM Collection
"Earnings, Fed Loom Over Stock Market --- Energy shares were worst performers in S&P 500 following decline in U.S. crude",,3085802176,Newspapers,"Goldfarb, Sam",," Copyright 2024 Dow Jones & Company, Inc. All Rights Reserved.", News," Jul 30, 2024",,0099-9660,, English, English,," New York, N.Y.","Jul 30, 2024",Wall Street Journal,2024,,https://esearch.ut.edu/login?url=https://www.proquest.com/newspapers/earnings-fed-loom-over-stock-market-energy-shares/docview/3085802176/se-2?accountid=14762,https://ut.primo.exlibrisgroup.com/openurl/01UTAMPA_INST/01UTAMPA_INST:SpartanSearch?genre=article&amp;issn=00999660&amp;title=Earnings%2C+Fed+Loom+Over+Stock+Market+---+Energy+shares+were+worst+performers+in+S%26amp%3BP+500+following+decline+in+U.S.+crude&amp;volume=&amp;issue=&amp;date=2024&amp;atitle=Earnings%2C+Fed+Loom+Over+Stock+Market+---+Energy+shares+were+worst+performers+in+S%26amp%3BP+500+following+decline+in+U.S.+crude&amp;spage=B.11&amp;sid=ProQ%3Aabiglobal&amp;author=Goldfarb,,ABI/INFORM Collection
ON Semi Stock Is Best Performer in S&P 500 After Earnings Top Estimates,,3085604082,Newspapers,"Palumbo, Angela", Volkswagen AG," Copyright 2024 Dow Jones & Company, Inc. All Rights Reserved.", News," Jul 29, 2024",,,, English, English,, New York,"Jul 29, 2024",Barron's (Online),2024,,https://esearch.ut.edu/login?url=https://www.proquest.com/newspapers/on-semi-stock-is-best-performer-s-amp-p-500-after/docview/3085604082/se-2?accountid=14762,https://ut.primo.exlibrisgroup.com/openurl/01UTAMPA_INST/01UTAMPA_INST:SpartanSearch?genre=article&amp;issn=&amp;title=ON+Semi+Stock+Is+Best+Performer+in+S%26amp%3BP+500+After+Earnings+Top+Estimates&amp;volume=&amp;issue=&amp;date=2024&amp;atitle=ON+Semi+Stock+Is+Best+Performer+in+S%26amp%3BP+500+After+Earnings+Top+Estimates&amp;spage=&amp;sid=ProQ%3Aabiglobal&amp;author=Palumbo,,"ABI/INFORM Collection, Research Library"
What Happened to CrowdStrike and Delta Could Happen to the S&P 500,,3084741121,Newspapers,"Levisohn, Ben", NVidia Corp," Copyright 2024 Dow Jones & Company, Inc. All Rights Reserved.", News," Jul 26, 2024",,,, English, English,, New York,"Jul 26, 2024",Barron's (Online),2024,,https://esearch.ut.edu/login?url=https://www.proquest.com/newspapers/what-happened-crowdstrike-delta-could-happen-s/docview/3084741121/se-2?accountid=14762,https://ut.primo.exlibrisgroup.com/openurl/01UTAMPA_INST/01UTAMPA_INST:SpartanSearch?genre=article&amp;issn=&amp;title=What+Happened+to+CrowdStrike+and+Delta+Could+Happen+to+the+S%26amp%3BP+500&amp;volume=&amp;issue=&amp;date=2024&amp;atitle=What+Happened+to+CrowdStrike+and+Delta+Could+Happen+to+the+S%26amp%3BP+500&amp;spage=&amp;sid=ProQ%3Aabiglobal&amp;author=Levisohn,,"ABI/INFORM Collection, Research Library"
Wall Street wipeout pulls S&P 500 down,,3084550142,Newspapers,,," Copyright Billings Gazette Jul 25, 2024", News," Jul 25, 2024",,2372-868X,, English, English,," Billings, Mont.","Jul 25, 2024",The Billings Gazette,2024,,https://esearch.ut.edu/login?url=https://www.proquest.com/newspapers/wall-street-wipeout-pulls-s-amp-p-500-down/docview/3084550142/se-2?accountid=14762,https://ut.primo.exlibrisgroup.com/openurl/01UTAMPA_INST/01UTAMPA_INST:SpartanSearch?genre=article&amp;issn=2372868X&amp;title=Wall+Street+wipeout+pulls+S%26amp%3BP+500+down&amp;volume=&amp;issue=&amp;date=2024&amp;atitle=Wall+Street+wipeout+pulls+S%26amp%3BP+500+down&amp;spage=&amp;sid=ProQ%3Aabidateline&amp;author=,,ABI/INFORM Collection
Lamb Weston Is Worst Stock in S&P 500 Today. Restaurant Traffic Has Fallen.,,3083915549,Newspapers,"Palumbo, Angela",," Copyright 2024 Dow Jones & Company, Inc. All Rights Reserved.", News," Jul 24, 2024",,,, English, English,, New York,"Jul 24, 2024",Barron's (Online),2024,,https://esearch.ut.edu/login?url=https://www.proquest.com/newspapers/lamb-weston-is-worst-stock-s-amp-p-500-today/docview/3083915549/se-2?accountid=14762,https://ut.primo.exlibrisgroup.com/openurl/01UTAMPA_INST/01UTAMPA_INST:SpartanSearch?genre=article&amp;issn=&amp;title=Lamb+Weston+Is+Worst+Stock+in+S%26amp%3BP+500+Today.+Restaurant+Traffic+Has+Fallen.&amp;volume=&amp;issue=&amp;date=2024&amp;atitle=Lamb+Weston+Is+Worst+Stock+in+S%26amp%3BP+500+Today.+Restaurant+Traffic+Has+Fallen.&amp;spage=&amp;sid=ProQ%3Aabiglobal&amp;author=Palumbo,,"ABI/INFORM Collection, Research Library"
"The big rotation trade is from cash to stocks - and it could help push the S&P 500 up 17% by year-end, UBS says",,3083668768,Newspapers,"Fox, Matthew", UBS AG," Copyright Insider, Inc. Jul 23, 2024", News," Jul 23, 2024"," mi-exclusive , stock-market-outlook , stock-market-analysis , analyst-note , stock-market , markets , inflation , interest-rates",,, English, English,, New York,"Jul 23, 2024",Business Insider,2024,,https://esearch.ut.edu/login?url=https://www.proquest.com/newspapers/big-rotation-trade-is-cash-stocks-could-help-push/docview/3083668768/se-2?accountid=14762,https://ut.primo.exlibrisgroup.com/openurl/01UTAMPA_INST/01UTAMPA_INST:SpartanSearch?genre=article&amp;issn=&amp;title=The+big+rotation+trade+is+from+cash+to+stocks+-+and+it+could+help+push+the+S%26amp%3BP+500+up+17%25+by+year-end%2C+UBS+says&amp;volume=&amp;issue=&amp;date=2024&amp;atitle=The+big+rotation+trade+is+from+cash+to+stocks+-+and+it+could+help+push+the+S%26amp%3BP+500+up+17%25+by+year-end%2C+UBS+says&amp;spage=&amp;sid=ProQ%3Aabidateline&amp;author=Fox,,ABI/INFORM Collection
'The S&P 500 is incredibly dangerous': Why Warren Buffett's favorite valuation indicator is flashing a warning for stocks,,3082810405,Newspapers,"Fox, Matthew",," Copyright Insider, Inc. Jul 20, 2024", News," Jul 20, 2024"," mi-exclusive , stock-market-outlook , stock-market-analysis , stock-market , analyst-note , markets",,, English, English,, New York,"Jul 20, 2024",Business Insider,2024,,https://esearch.ut.edu/login?url=https://www.proquest.com/newspapers/s-amp-p-500-is-incredibly-dangerous-why-warren/docview/3082810405/se-2?accountid=14762,https://ut.primo.exlibrisgroup.com/openurl/01UTAMPA_INST/01UTAMPA_INST:SpartanSearch?genre=article&amp;issn=&amp;title=%27The+S%26amp%3BP+500+is+incredibly+dangerous%27%3A+Why+Warren+Buffett%27s+favorite+valuation+indicator+is+flashing+a+warning+for+stocks&amp;volume=&amp;issue=&amp;date=2024&amp;atitle=%27The+S%26amp%3BP+500+is+incredibly+dangerous%27%3A+Why+Warren+Buffett%27s+favorite+valuation+indicator+is+flashing+a+warning+for+stocks&amp;spage=&amp;sid=ProQ%3Aabidateline&amp;author=Fox,,ABI/INFORM Collection
Blackstone’s private equity returns trail the S&P 500,,3142590643,Newspapers,"Bary, Andrew",," Copyright Dow Jones & Company Inc. Jul 19, 2024", News," Jul 19, 2024"," News , AppleNews , Private Equity , Blackstone",1461-1260,, English, English,, London,"Jul 19, 2024",Financial News,2024,,https://esearch.ut.edu/login?url=https://www.proquest.com/newspapers/blackstone-s-private-equity-returns-trail-amp-p/docview/3142590643/se-2?accountid=14762,https://ut.primo.exlibrisgroup.com/openurl/01UTAMPA_INST/01UTAMPA_INST:SpartanSearch?genre=article&amp;issn=14611260&amp;title=Blackstone%E2%80%99s+private+equity+returns+trail+the+S%26amp%3BP+500&amp;volume=&amp;issue=&amp;date=2024&amp;atitle=Blackstone%26rsquo%3Bs+private+equity+returns+trail+the+S%26amp%3BP+500&amp;spage=&amp;sid=ProQ%3Aabidateline&amp;author=Bary,,ABI/INFORM Collection
"At Long Last, the 'Other S&P 500' Takes a Bow",,3082705162,Newspapers,"Salisbury, Ian", Wall Street Journal," Copyright 2024 Dow Jones & Company, Inc. All Rights Reserved.", News," Jul 19, 2024",,,, English, English,, New York,"Jul 19, 2024",Barron's (Online),2024,,https://esearch.ut.edu/login?url=https://www.proquest.com/newspapers/at-long-last-other-s-amp-p-500-takes-bow/docview/3082705162/se-2?accountid=14762,https://ut.primo.exlibrisgroup.com/openurl/01UTAMPA_INST/01UTAMPA_INST:SpartanSearch?genre=article&amp;issn=&amp;title=At+Long+Last%2C+the+%27Other+S%26amp%3BP+500%27+Takes+a+Bow&amp;volume=&amp;issue=&amp;date=2024&amp;atitle=At+Long+Last%2C+the+%27Other+S%26amp%3BP+500%27+Takes+a+Bow&amp;spage=&amp;sid=ProQ%3Aabiglobal&amp;author=Salisbury,,"ABI/INFORM Collection, Research Library"
"Dow Falls 533 Points, Ending Win Streak --- Declines are broad- based with 10 of 11 S&P 500 industry groups dropping",,3082666739,Newspapers,"Miao, Hannah",," Copyright 2024 Dow Jones & Company, Inc. All Rights Reserved.", News," Jul 19, 2024",,0099-9660,, English, English,," New York, N.Y.","Jul 19, 2024",Wall Street Journal,2024,,https://esearch.ut.edu/login?url=https://www.proquest.com/newspapers/dow-falls-533-points-ending-win-streak-declines/docview/3082666739/se-2?accountid=14762,https://ut.primo.exlibrisgroup.com/openurl/01UTAMPA_INST/01UTAMPA_INST:SpartanSearch?genre=article&amp;issn=00999660&amp;title=Dow+Falls+533+Points%2C+Ending+Win+Streak+---+Declines+are+broad-+based+with+10+of+11+S%26amp%3BP+500+industry+groups+dropping&amp;volume=&amp;issue=&amp;date=2024&amp;atitle=Dow+Falls+533+Points%2C+Ending+Win+Streak+---+Declines+are+broad-+based+with+10+of+11+S%26amp%3BP+500+industry+groups+dropping&amp;spage=B.1&amp;sid=ProQ%3Aabiglobal&amp;author=Miao,,ABI/INFORM Collection
Stock market today: Stocks tumble as the S&P 500 caps off its worst week in 3 months,,3082665161,Newspapers,"Fox, Matthew"," Crowdstrike , NVidia Corp"," Copyright Insider, Inc. Jul 19, 2024", News," Jul 19, 2024"," mi-exclusive , stock-market-today , stock-market-news , stock-market-news-today , sp-500 , dow-jones-industrial-average , nasdaq-100 , markets",,, English, English,, New York,"Jul 19, 2024",Business Insider,2024,,https://esearch.ut.edu/login?url=https://www.proquest.com/newspapers/stock-market-today-stocks-tumble-as-s-amp-p-500/docview/3082665161/se-2?accountid=14762,https://ut.primo.exlibrisgroup.com/openurl/01UTAMPA_INST/01UTAMPA_INST:SpartanSearch?genre=article&amp;issn=&amp;title=Stock+market+today%3A+Stocks+tumble+as+the+S%26amp%3BP+500+caps+off+its+worst+week+in+3+months&amp;volume=&amp;issue=&amp;date=2024&amp;atitle=Stock+market+today%3A+Stocks+tumble+as+the+S%26amp%3BP+500+caps+off+its+worst+week+in+3+months&amp;spage=&amp;sid=ProQ%3Aabidateline&amp;author=Fox,,ABI/INFORM Collection
UBS just raised its S&P 500 price target for the 4th time this year. Here's how it says stocks can soar 17% by the end of the year.,,3082624522,Newspapers,"Fox, Matthew", UBS AG," Copyright Insider, Inc. Jul 19, 2024", News," Jul 19, 2024"," mi-exclusive , stock-market-outlook , stock-market-analysis , sp-500 , ubs , ai , interest-rates , economy",,, English, English,, New York,"Jul 19, 2024",Business Insider,2024,,https://esearch.ut.edu/login?url=https://www.proquest.com/newspapers/ubs-just-raised-s-amp-p-500-price-target-4th-time/docview/3082624522/se-2?accountid=14762,https://ut.primo.exlibrisgroup.com/openurl/01UTAMPA_INST/01UTAMPA_INST:SpartanSearch?genre=article&amp;issn=&amp;title=UBS+just+raised+its+S%26amp%3BP+500+price+target+for+the+4th+time+this+year.+Here%27s+how+it+says+stocks+can+soar+17%25+by+the+end+of+the+year.&amp;volume=&amp;issue=&amp;date=2024&amp;atitle=UBS+just+raised+its+S%26amp%3BP+500+price+target+for+the+4th+time+this+year.+Here%27s+how+it+says+stocks+can+soar+17%25+by+the+end+of+the+year.&amp;spage=&amp;sid=ProQ%3Aabidateline&amp;author=Fox,,ABI/INFORM Collection
Private equity returns trail the S&P 500,,3082548402,Newspapers,"Bary, Andrew",," Copyright Dow Jones & Company Inc. Jul 19, 2024", News," Jul 19, 2024"," News , AppleNews , Private Equity , Blackstone",1741-9085,, English, English,, London,"Jul 19, 2024",Private Equity News,2024,,https://esearch.ut.edu/login?url=https://www.proquest.com/newspapers/private-equity-returns-trail-s-amp-p-500/docview/3082548402/se-2?accountid=14762,https://ut.primo.exlibrisgroup.com/openurl/01UTAMPA_INST/01UTAMPA_INST:SpartanSearch?genre=article&amp;issn=17419085&amp;title=Private+equity+returns+trail+the+S%26amp%3BP+500&amp;volume=&amp;issue=&amp;date=2024&amp;atitle=Private+equity+returns+trail+the+S%26amp%3BP+500&amp;spage=&amp;sid=ProQ%3Aabidateline&amp;author=Bary,,ABI/INFORM Collection
Blackstone's Private-Equity Returns Trail the S&P 500,,3082340385,Newspapers,"Bary, Andrew",," Copyright 2024 Dow Jones & Company, Inc. All Rights Reserved.", News," Jul 18, 2024",,,, English, English,, New York,"Jul 18, 2024",Barron's (Online),2024,,https://esearch.ut.edu/login?url=https://www.proquest.com/newspapers/blackstones-private-equity-returns-trail-s-amp-p/docview/3082340385/se-2?accountid=14762,https://ut.primo.exlibrisgroup.com/openurl/01UTAMPA_INST/01UTAMPA_INST:SpartanSearch?genre=article&amp;issn=&amp;title=Blackstone%27s+Private-Equity+Returns+Trail+the+S%26amp%3BP+500&amp;volume=&amp;issue=&amp;date=2024&amp;atitle=Blackstone%27s+Private-Equity+Returns+Trail+the+S%26amp%3BP+500&amp;spage=&amp;sid=ProQ%3Aabiglobal&amp;author=Bary,,"ABI/INFORM Collection, Research Library"
"Calpers, the California Pension Fund, Trails Behind S&P 500. Harvard, Yale Could Lag Too.",,3081796212,Newspapers,"Bary, Andrew",," Copyright 2024 Dow Jones & Company, Inc. All Rights Reserved.", News," Jul 17, 2024",,,, English, English,, New York,"Jul 17, 2024",Barron's (Online),2024,,https://esearch.ut.edu/login?url=https://www.proquest.com/newspapers/calpers-california-pension-fund-trails-behind-s/docview/3081796212/se-2?accountid=14762,https://ut.primo.exlibrisgroup.com/openurl/01UTAMPA_INST/01UTAMPA_INST:SpartanSearch?genre=article&amp;issn=&amp;title=Calpers%2C+the+California+Pension+Fund%2C+Trails+Behind+S%26amp%3BP+500.+Harvard%2C+Yale+Could+Lag+Too.&amp;volume=&amp;issue=&amp;date=2024&amp;atitle=Calpers%2C+the+California+Pension+Fund%2C+Trails+Behind+S%26amp%3BP+500.+Harvard%2C+Yale+Could+Lag+Too.&amp;spage=&amp;sid=ProQ%3Aabiglobal&amp;author=Bary,,"ABI/INFORM Collection, Research Library"
"Wall Street today: S&P 500, Nasdaq drop on big tech & chip stocks sell-off over China trade sanction worries",,3081756438,Newspapers,, ASML," Copyright HT Digital Streams Limited Jul 17, 2024", News," Jul 17, 2024",,,, English, English,, New Delhi,"Jul 17, 2024",Mint,2024,,https://esearch.ut.edu/login?url=https://www.proquest.com/newspapers/wall-street-today-s-amp-p-500-nasdaq-drop-on-big/docview/3081756438/se-2?accountid=14762,https://ut.primo.exlibrisgroup.com/openurl/01UTAMPA_INST/01UTAMPA_INST:SpartanSearch?genre=article&amp;issn=&amp;title=Wall+Street+today%3A+S%26amp%3BP+500%2C+Nasdaq+drop+on+big+tech+%26amp%3B+chip+stocks+sell-off+over+China+trade+sanction+worries&amp;volume=&amp;issue=&amp;date=2024&amp;atitle=Wall+Street+today%3A+S%26amp%3BP+500%2C+Nasdaq+drop+on+big+tech+%26amp%3B+chip+stocks+sell-off+over+China+trade+sanction+worries&amp;spage=&amp;sid=ProQ%3Aabiglobal&amp;author=,,ABI/INFORM Collection
The S&P 500 Is the World's Safest Equity Asset. The Trump Shooting Proves It.,,3081508647,Newspapers,"Sears, Steven M",," Copyright 2024 Dow Jones & Company, Inc. All Rights Reserved.", News," Jul 17, 2024",,,, English, English,, New York,"Jul 17, 2024",Barron's (Online),2024,,https://esearch.ut.edu/login?url=https://www.proquest.com/newspapers/s-amp-p-500-is-worlds-safest-equity-asset-trump/docview/3081508647/se-2?accountid=14762,https://ut.primo.exlibrisgroup.com/openurl/01UTAMPA_INST/01UTAMPA_INST:SpartanSearch?genre=article&amp;issn=&amp;title=The+S%26amp%3BP+500+Is+the+World%27s+Safest+Equity+Asset.+The+Trump+Shooting+Proves+It.&amp;volume=&amp;issue=&amp;date=2024&amp;atitle=The+S%26amp%3BP+500+Is+the+World%27s+Safest+Equity+Asset.+The+Trump+Shooting+Proves+It.&amp;spage=&amp;sid=ProQ%3Aabiglobal&amp;author=Sears,,"ABI/INFORM Collection, Research Library"
Why Tinder Parent Match Was a Top Stock in the S&P 500 Today,,3081397416,Newspapers,"Hamilton, Anita",," Copyright 2024 Dow Jones & Company, Inc. All Rights Reserved.", News," Jul 16, 2024",,,, English, English,, New York,"Jul 16, 2024",Barron's (Online),2024,,https://esearch.ut.edu/login?url=https://www.proquest.com/newspapers/why-tinder-parent-match-was-top-stock-s-amp-p-500/docview/3081397416/se-2?accountid=14762,https://ut.primo.exlibrisgroup.com/openurl/01UTAMPA_INST/01UTAMPA_INST:SpartanSearch?genre=article&amp;issn=&amp;title=Why+Tinder+Parent+Match+Was+a+Top+Stock+in+the+S%26amp%3BP+500+Today&amp;volume=&amp;issue=&amp;date=2024&amp;atitle=Why+Tinder+Parent+Match+Was+a+Top+Stock+in+the+S%26amp%3BP+500+Today&amp;spage=&amp;sid=ProQ%3Aabiglobal&amp;author=Hamilton,,"ABI/INFORM Collection, Research Library"
"Small-caps are breaking out and will rally 40% as the S&P 500 sputters, Fundstrat's Tom Lee says",,3081278731,Newspapers,"De Mott, Filip",," Copyright Insider, Inc. Jul 16, 2024", News," Jul 16, 2024"," mi-exclusive , small-caps , russell-2000 , sp500 , stock-market-prediction , interest-rate-cuts , bull-run",,, English, English,, New York,"Jul 16, 2024",Business Insider,2024,,https://esearch.ut.edu/login?url=https://www.proquest.com/newspapers/small-caps-are-breaking-out-will-rally-40-as-s/docview/3081278731/se-2?accountid=14762,https://ut.primo.exlibrisgroup.com/openurl/01UTAMPA_INST/01UTAMPA_INST:SpartanSearch?genre=article&amp;issn=&amp;title=Small-caps+are+breaking+out+and+will+rally+40%25+as+the+S%26amp%3BP+500+sputters%2C+Fundstrat%27s+Tom+Lee+says&amp;volume=&amp;issue=&amp;date=2024&amp;atitle=Small-caps+are+breaking+out+and+will+rally+40%25+as+the+S%26amp%3BP+500+sputters%2C+Fundstrat%27s+Tom+Lee+says&amp;spage=&amp;sid=ProQ%3Aabidateline&amp;author=De+Mott,,ABI/INFORM Collection
This Sleeper S&P 500 Fund Is Waking Up. How It Could Power Ahead.,,3080920957,Newspapers,"Salisbury, Ian",," Copyright 2024 Dow Jones & Company, Inc. All Rights Reserved.", News," Jul 16, 2024",,,, English, English,, New York,"Jul 16, 2024",Barron's (Online),2024,,https://esearch.ut.edu/login?url=https://www.proquest.com/newspapers/this-sleeper-s-amp-p-500-fund-is-waking-up-how/docview/3080920957/se-2?accountid=14762,https://ut.primo.exlibrisgroup.com/openurl/01UTAMPA_INST/01UTAMPA_INST:SpartanSearch?genre=article&amp;issn=&amp;title=This+Sleeper+S%26amp%3BP+500+Fund+Is+Waking+Up.+How+It+Could+Power+Ahead.&amp;volume=&amp;issue=&amp;date=2024&amp;atitle=This+Sleeper+S%26amp%3BP+500+Fund+Is+Waking+Up.+How+It+Could+Power+Ahead.&amp;spage=&amp;sid=ProQ%3Aabiglobal&amp;author=Salisbury,,"ABI/INFORM Collection, Research Library"
Lonely Wall Street Bear Sticks to His Prediction: The S&P 500 Will Fall 10%,,3080621842,Newspapers,"La Monica, Paul R",," Copyright 2024 Dow Jones & Company, Inc. All Rights Reserved.", News," Jul 15, 2024",,,, English, English,, New York,"Jul 15, 2024",Barron's (Online),2024,,https://esearch.ut.edu/login?url=https://www.proquest.com/newspapers/lonely-wall-street-bear-sticks-his-prediction-s/docview/3080621842/se-2?accountid=14762,https://ut.primo.exlibrisgroup.com/openurl/01UTAMPA_INST/01UTAMPA_INST:SpartanSearch?genre=article&amp;issn=&amp;title=Lonely+Wall+Street+Bear+Sticks+to+His+Prediction%3A+The+S%26amp%3BP+500+Will+Fall+10%25&amp;volume=&amp;issue=&amp;date=2024&amp;atitle=Lonely+Wall+Street+Bear+Sticks+to+His+Prediction%3A+The+S%26amp%3BP+500+Will+Fall+10%25&amp;spage=&amp;sid=ProQ%3Aabiglobal&amp;author=La+Monica,,"ABI/INFORM Collection, Research Library"
Goldman's $2.8 trillion asset management arm says the S&P 500 will be 'flattish' for the rest of 2024. 5 places it says to invest your money instead.,,3079941969,Newspapers,"Ji, Christine", Goldman Sachs Group Inc," Copyright Insider, Inc. Jul 14, 2024", News," Jul 14, 2024"," bi-prime , investing , investing-2024 , goldman-sachs , market-uncertainty , geopolitcs , unemployment , small-caps , investing-advice , goldman-sachs-asset-management",,, English, English,, New York,"Jul 14, 2024",Business Insider,2024,,https://esearch.ut.edu/login?url=https://www.proquest.com/newspapers/goldmans-2-8-trillion-asset-management-arm-says-s/docview/3079941969/se-2?accountid=14762,https://ut.primo.exlibrisgroup.com/openurl/01UTAMPA_INST/01UTAMPA_INST:SpartanSearch?genre=article&amp;issn=&amp;title=Goldman%27s+%242.8+trillion+asset+management+arm+says+the+S%26amp%3BP+500+will+be+%27flattish%27+for+the+rest+of+2024.+5+places+it+says+to+invest+your+money+instead.&amp;volume=&amp;issue=&amp;date=2024&amp;atitle=Goldman%27s+%242.8+trillion+asset+management+arm+says+the+S%26amp%3BP+500+will+be+%27flattish%27+for+the+rest+of+2024.+5+places+it+says+to+invest+your+money+instead.&amp;spage=&amp;sid=ProQ%3Aabidateline&amp;author=Ji,,ABI/INFORM Collection
"Prepare for the S&P 500's 'rocket launch' to 6,000 by year's end by making these 10 investments now: Founder of multi-billion-dollar research firm",,3079790574,Newspapers,"Faris, James",," Copyright Insider, Inc. Jul 13, 2024", News," Jul 13, 2024"," bi-prime , investing , investing-strategy , investing-strategy-2024 , stocks , stocks-2024 , stock-market , stock-market-2024 , stock-market-outlook , stock-market-outlook-2024 , stock-market-prediction , stock-market-prediction-2024 , how-to-invest , how-to-invest-now , how-to-invest-2024",,, English, English,, New York,"Jul 13, 2024",Business Insider,2024,,https://esearch.ut.edu/login?url=https://www.proquest.com/newspapers/prepare-s-amp-p-500s-rocket-launch-6-000-years/docview/3079790574/se-2?accountid=14762,https://ut.primo.exlibrisgroup.com/openurl/01UTAMPA_INST/01UTAMPA_INST:SpartanSearch?genre=article&amp;issn=&amp;title=Prepare+for+the+S%26amp%3BP+500%27s+%27rocket+launch%27+to+6%2C000+by+year%27s+end+by+making+these+10+investments+now%3A+Founder+of+multi-billion-dollar+research+firm&amp;volume=&amp;issue=&amp;date=2024&amp;atitle=Prepare+for+the+S%26amp%3BP+500%27s+%27rocket+launch%27+to+6%2C000+by+year%27s+end+by+making+these+10+investments+now%3A+Founder+of+multi-billion-dollar+research+firm&amp;spage=&amp;sid=ProQ%3Aabidateline&amp;author=Faris,,ABI/INFORM Collection
"Earnings to Bring More AI Mania --- Tech stocks are set for stellar results, but investors need S&P 500 laggards to do much better from here",,3078876101,Newspapers,"Sindreu, Jon",," Copyright 2024 Dow Jones & Company, Inc. All Rights Reserved."," Opinions , Commentary"," Jul 12, 2024",,0099-9660,, English, English,," New York, N.Y.","Jul 12, 2024",Wall Street Journal,2024,,https://esearch.ut.edu/login?url=https://www.proquest.com/newspapers/earnings-bring-more-ai-mania-tech-stocks-are-set/docview/3078876101/se-2?accountid=14762,https://ut.primo.exlibrisgroup.com/openurl/01UTAMPA_INST/01UTAMPA_INST:SpartanSearch?genre=unknown&amp;issn=00999660&amp;title=Earnings+to+Bring+More+AI+Mania+---+Tech+stocks+are+set+for+stellar+results%2C+but+investors+need+S%26amp%3BP+500+laggards+to+do+much+better+from+here&amp;volume=&amp;issue=&amp;date=2024&amp;atitle=Earnings+to+Bring+More+AI+Mania+---+Tech+stocks+are+set+for+stellar+results%2C+but+investors+need+S%26amp%3BP+500+laggards+to+do+much+better+from+here&amp;spage=B.10&amp;sid=ProQ%3Aabiglobal&amp;author=Sindreu,,ABI/INFORM Collection
"S&P 500 tops 5,600 as rally keeps rolling",,3078804299,Newspapers,,," Copyright Billings Gazette Jul 11, 2024", News," Jul 11, 2024",,2372-868X,, English, English,," Billings, Mont.","Jul 11, 2024",The Billings Gazette,2024,,https://esearch.ut.edu/login?url=https://www.proquest.com/newspapers/s-amp-p-500-tops-5-600-as-rally-keeps-rolling/docview/3078804299/se-2?accountid=14762,https://ut.primo.exlibrisgroup.com/openurl/01UTAMPA_INST/01UTAMPA_INST:SpartanSearch?genre=article&amp;issn=2372868X&amp;title=S%26amp%3BP+500+tops+5%2C600+as+rally+keeps+rolling&amp;volume=&amp;issue=&amp;date=2024&amp;atitle=S%26amp%3BP+500+tops+5%2C600+as+rally+keeps+rolling&amp;spage=&amp;sid=ProQ%3Aabidateline&amp;author=,,ABI/INFORM Collection
Markets & Finance -- Wednesday's Markets: S&P 500 Clinches Longest Streak of Records Since 2021 --- Traders are showing confidence rate cuts are on the way after Powell's testimony,,3078249938,Newspapers,"Langley, Karen",," Copyright 2024 Dow Jones & Company, Inc. All Rights Reserved.", News," Jul 11, 2024",,0099-9660,, English, English,," New York, N.Y.","Jul 11, 2024",Wall Street Journal,2024,,https://esearch.ut.edu/login?url=https://www.proquest.com/newspapers/markets-amp-finance-wednesdays-s-p-500-clinches/docview/3078249938/se-2?accountid=14762,https://ut.primo.exlibrisgroup.com/openurl/01UTAMPA_INST/01UTAMPA_INST:SpartanSearch?genre=article&amp;issn=00999660&amp;title=Markets+%26amp%3B+Finance+--+Wednesday%27s+Markets%3A+S%26amp%3BP+500+Clinches+Longest+Streak+of+Records+Since+2021+---+Traders+are+showing+confidence+rate+cuts+are+on+the+way+after+Powell%27s+testimony&amp;volume=&amp;issue=&amp;date=2024&amp;atitle=Markets+%26amp%3B+Finance+--+Wednesday%27s+Markets%3A+S%26amp%3BP+500+Clinches+Longest+Streak+of+Records+Since+2021+---+Traders+are+showing+confidence+rate+cuts+are+on+the+way+after+Powell%27s+testimony&amp;spage=B.9&amp;sid=ProQ%3Aabiglobal&amp;author=Langley,,ABI/INFORM Collection
"Stock market today: S&P 500 closes at a fresh record above 5,600 as traders brace for June inflation",,3078007545,Newspapers,"Sor, Jennifer",," Copyright Insider, Inc. Jul 10, 2024", News," Jul 10, 2024"," mi-exclusive , stock-market-today , stock-market-news , daily-market-wrap",,, English, English,, New York,"Jul 10, 2024",Business Insider,2024,,https://esearch.ut.edu/login?url=https://www.proquest.com/newspapers/stock-market-today-s-amp-p-500-closes-at-fresh/docview/3078007545/se-2?accountid=14762,https://ut.primo.exlibrisgroup.com/openurl/01UTAMPA_INST/01UTAMPA_INST:SpartanSearch?genre=article&amp;issn=&amp;title=Stock+market+today%3A+S%26amp%3BP+500+closes+at+a+fresh+record+above+5%2C600+as+traders+brace+for+June+inflation&amp;volume=&amp;issue=&amp;date=2024&amp;atitle=Stock+market+today%3A+S%26amp%3BP+500+closes+at+a+fresh+record+above+5%2C600+as+traders+brace+for+June+inflation&amp;spage=&amp;sid=ProQ%3Aabidateline&amp;author=Sor,,ABI/INFORM Collection
"Wall Street today: S&P 500, Nasdaq hit record high for fifth straight session",,3077999218,Newspapers,,," Copyright HT Digital Streams Limited Jul 10, 2024", News," Jul 10, 2024",,,, English, English,, New Delhi,"Jul 10, 2024",Mint,2024,,https://esearch.ut.edu/login?url=https://www.proquest.com/newspapers/wall-street-today-s-amp-p-500-nasdaq-hit-record/docview/3077999218/se-2?accountid=14762,https://ut.primo.exlibrisgroup.com/openurl/01UTAMPA_INST/01UTAMPA_INST:SpartanSearch?genre=article&amp;issn=&amp;title=Wall+Street+today%3A+S%26amp%3BP+500%2C+Nasdaq+hit+record+high+for+fifth+straight+session&amp;volume=&amp;issue=&amp;date=2024&amp;atitle=Wall+Street+today%3A+S%26amp%3BP+500%2C+Nasdaq+hit+record+high+for+fifth+straight+session&amp;spage=&amp;sid=ProQ%3Aabiglobal&amp;author=,,ABI/INFORM Collection
"US Markets: S&P 500, Nasdaq hit record high for fifth consecutive session",,3077929478,Newspapers,,," Copyright HT Digital Streams Limited Jul 10, 2024", News," Jul 10, 2024",,,, English, English,, New Delhi,"Jul 10, 2024",Mint,2024,,https://esearch.ut.edu/login?url=https://www.proquest.com/newspapers/us-markets-s-amp-p-500-nasdaq-hit-record-high/docview/3077929478/se-2?accountid=14762,https://ut.primo.exlibrisgroup.com/openurl/01UTAMPA_INST/01UTAMPA_INST:SpartanSearch?genre=article&amp;issn=&amp;title=US+Markets%3A+S%26amp%3BP+500%2C+Nasdaq+hit+record+high+for+fifth+consecutive+session&amp;volume=&amp;issue=&amp;date=2024&amp;atitle=US+Markets%3A+S%26amp%3BP+500%2C+Nasdaq+hit+record+high+for+fifth+consecutive+session&amp;spage=&amp;sid=ProQ%3Aabiglobal&amp;author=,,ABI/INFORM Collection
"Markets & Finance -- Tuesday's Markets: Goldman Sachs, ICE, Other Financials Spark S&P 500",,3077605129,Newspapers,"Dezember, Ryan", Goldman Sachs Group Inc," Copyright 2024 Dow Jones & Company, Inc. All Rights Reserved.", News," Jul 10, 2024",,0099-9660,, English, English,," New York, N.Y.","Jul 10, 2024",Wall Street Journal,2024,,https://esearch.ut.edu/login?url=https://www.proquest.com/newspapers/markets-amp-finance-tuesdays-goldman-sachs-ice/docview/3077605129/se-2?accountid=14762,https://ut.primo.exlibrisgroup.com/openurl/01UTAMPA_INST/01UTAMPA_INST:SpartanSearch?genre=article&amp;issn=00999660&amp;title=Markets+%26amp%3B+Finance+--+Tuesday%27s+Markets%3A+Goldman+Sachs%2C+ICE%2C+Other+Financials+Spark+S%26amp%3BP+500&amp;volume=&amp;issue=&amp;date=2024&amp;atitle=Markets+%26amp%3B+Finance+--+Tuesday%27s+Markets%3A+Goldman+Sachs%2C+ICE%2C+Other+Financials+Spark+S%26amp%3BP+500&amp;spage=B.11&amp;sid=ProQ%3Aabiglobal&amp;author=Dezember,,ABI/INFORM Collection
"Nasdaq, S&P 500 Extend Record Levels --- Powell to speak, and consumer-price index and bank earnings are due",,3076884488,Newspapers,"Pitcher, Jack",," Copyright 2024 Dow Jones & Company, Inc. All Rights Reserved.", News," Jul 9, 2024",,0099-9660,, English, English,," New York, N.Y.","Jul 9, 2024",Wall Street Journal,2024,,https://esearch.ut.edu/login?url=https://www.proquest.com/newspapers/nasdaq-s-amp-p-500-extend-record-levels-powell/docview/3076884488/se-2?accountid=14762,https://ut.primo.exlibrisgroup.com/openurl/01UTAMPA_INST/01UTAMPA_INST:SpartanSearch?genre=article&amp;issn=00999660&amp;title=Nasdaq%2C+S%26amp%3BP+500+Extend+Record+Levels+---+Powell+to+speak%2C+and+consumer-price+index+and+bank+earnings+are+due&amp;volume=&amp;issue=&amp;date=2024&amp;atitle=Nasdaq%2C+S%26amp%3BP+500+Extend+Record+Levels+---+Powell+to+speak%2C+and+consumer-price+index+and+bank+earnings+are+due&amp;spage=B.9&amp;sid=ProQ%3Aabiglobal&amp;author=Pitcher,,ABI/INFORM Collection
"Stock market today: Nvidia pushes Nasdaq, S&P 500 to record highs",,3076789698,Newspapers,"Fox, Matthew"," UBS AG , NVidia Corp"," Copyright Insider, Inc. Jul 8, 2024", News," Jul 8, 2024"," mi-exclusive , stock-market-today , stock-market-news-today , stock-market , nasdaq-100 , sp-500 , dow-jones-industrial-average",,, English, English,, New York,"Jul 8, 2024",Business Insider,2024,,https://esearch.ut.edu/login?url=https://www.proquest.com/newspapers/stock-market-today-nvidia-pushes-nasdaq-s-amp-p/docview/3076789698/se-2?accountid=14762,https://ut.primo.exlibrisgroup.com/openurl/01UTAMPA_INST/01UTAMPA_INST:SpartanSearch?genre=article&amp;issn=&amp;title=Stock+market+today%3A+Nvidia+pushes+Nasdaq%2C+S%26amp%3BP+500+to+record+highs&amp;volume=&amp;issue=&amp;date=2024&amp;atitle=Stock+market+today%3A+Nvidia+pushes+Nasdaq%2C+S%26amp%3BP+500+to+record+highs&amp;spage=&amp;sid=ProQ%3Aabidateline&amp;author=Fox,,ABI/INFORM Collection
"BSE 500 Vs S&P 500: Comparison of returns and volatility over 1,3, 5 and 10 years",,3076717671,Newspapers,"Dhawan, Sunil",," Copyright 2024 IE Online Media Services Pvt. Ltd., distributed by Contify.com", News," Jul 8, 2024",,,, English, English,, New Delhi,"Jul 8, 2024",Financial Express,2024,,https://esearch.ut.edu/login?url=https://www.proquest.com/newspapers/bse-500-vs-s-amp-p-comparison-returns-volatility/docview/3076717671/se-2?accountid=14762,https://ut.primo.exlibrisgroup.com/openurl/01UTAMPA_INST/01UTAMPA_INST:SpartanSearch?genre=article&amp;issn=&amp;title=BSE+500+Vs+S%26amp%3BP+500%3A+Comparison+of+returns+and+volatility+over+1%2C3%2C+5+and+10+years&amp;volume=&amp;issue=&amp;date=2024&amp;atitle=BSE+500+Vs+S%26amp%3BP+500%3A+Comparison+of+returns+and+volatility+over+1%2C3%2C+5+and+10+years&amp;spage=&amp;sid=ProQ%3Aabitrade&amp;author=Dhawan,,ABI/INFORM Collection
Corning Stock Is Top S&P 500 Performer After Earnings Guidance. The AI Story Is Real.,,3076589984,Newspapers,"Dattilo, Emily",," Copyright 2024 Dow Jones & Company, Inc. All Rights Reserved.", News," Jul 8, 2024",,,, English, English,, New York,"Jul 8, 2024",Barron's (Online),2024,,https://esearch.ut.edu/login?url=https://www.proquest.com/newspapers/corning-stock-is-top-s-amp-p-500-performer-after/docview/3076589984/se-2?accountid=14762,https://ut.primo.exlibrisgroup.com/openurl/01UTAMPA_INST/01UTAMPA_INST:SpartanSearch?genre=article&amp;issn=&amp;title=Corning+Stock+Is+Top+S%26amp%3BP+500+Performer+After+Earnings+Guidance.+The+AI+Story+Is+Real.&amp;volume=&amp;issue=&amp;date=2024&amp;atitle=Corning+Stock+Is+Top+S%26amp%3BP+500+Performer+After+Earnings+Guidance.+The+AI+Story+Is+Real.&amp;spage=&amp;sid=ProQ%3Aabiglobal&amp;author=Dattilo,,"ABI/INFORM Collection, Research Library"
Investing Monthly (A Special Report) --- The S&P 500 Isn't as Diverse as It Used to Be. Here's Why That Matters.,,3076502017,Newspapers,"Horstmeyer, Derek",," Copyright 2024 Dow Jones & Company, Inc. All Rights Reserved."," Opinions , Commentary"," Jul 8, 2024",,0099-9660,, English, English,," New York, N.Y.","Jul 8, 2024",Wall Street Journal,2024,,https://esearch.ut.edu/login?url=https://www.proquest.com/newspapers/investing-monthly-special-report-s-amp-p-500-isnt/docview/3076502017/se-2?accountid=14762,https://ut.primo.exlibrisgroup.com/openurl/01UTAMPA_INST/01UTAMPA_INST:SpartanSearch?genre=unknown&amp;issn=00999660&amp;title=Investing+Monthly+%28A+Special+Report%29+---+The+S%26amp%3BP+500+Isn%27t+as+Diverse+as+It+Used+to+Be.+Here%27s+Why+That+Matters.&amp;volume=&amp;issue=&amp;date=2024&amp;atitle=Investing+Monthly+%28A+Special+Report%29+---+The+S%26amp%3BP+500+Isn%27t+as+Diverse+as+It+Used+to+Be.+Here%27s+Why+That+Matters.&amp;spage=B.6&amp;sid=ProQ%3Aabiglobal&amp;author=Horstmeyer,,ABI/INFORM Collection
"EXCHANGE --- Friday's Markets: Nasdaq, S&P 500 Extend Records",,3076142687,Newspapers,"Ostroff, Caitlin",," Copyright 2024 Dow Jones & Company, Inc. All Rights Reserved.", News," Jul 6, 2024",,0099-9660,, English, English,," New York, N.Y.","Jul 6, 2024",Wall Street Journal,2024,,https://esearch.ut.edu/login?url=https://www.proquest.com/newspapers/exchange-fridays-markets-nasdaq-s-amp-p-500/docview/3076142687/se-2?accountid=14762,https://ut.primo.exlibrisgroup.com/openurl/01UTAMPA_INST/01UTAMPA_INST:SpartanSearch?genre=article&amp;issn=00999660&amp;title=EXCHANGE+---+Friday%27s+Markets%3A+Nasdaq%2C+S%26amp%3BP+500+Extend+Records&amp;volume=&amp;issue=&amp;date=2024&amp;atitle=EXCHANGE+---+Friday%27s+Markets%3A+Nasdaq%2C+S%26amp%3BP+500+Extend+Records&amp;spage=B.10&amp;sid=ProQ%3Aabiglobal&amp;author=Ostroff,,ABI/INFORM Collection
High-priced S&P 500 powers ahead untroubled by political stress [Stock in news],,3076107300,Newspapers,,," Copyright Bennett, Coleman & Company Limited Jul 6, 2024", News," Jul 6, 2024",,0971-8680,, English, English,, New Delhi,"Jul 6, 2024",The Economic Times,2024,,https://esearch.ut.edu/login?url=https://www.proquest.com/newspapers/high-priced-s-amp-p-500-powers-ahead-untroubled/docview/3076107300/se-2?accountid=14762,https://ut.primo.exlibrisgroup.com/openurl/01UTAMPA_INST/01UTAMPA_INST:SpartanSearch?genre=article&amp;issn=09718680&amp;title=High-priced+S%26amp%3BP+500+powers+ahead+untroubled+by+political+stress&amp;volume=&amp;issue=&amp;date=2024&amp;atitle=High-priced+S%26amp%3BP+500+powers+ahead+untroubled+by+political+stress+%5BStock+in+news%5D&amp;spage=&amp;sid=ProQ%3Aabiglobal&amp;author=,,ABI/INFORM Collection
"Wall Street today: S&P 500, Nasdaq at record high on megacaps rally, yields drop",,3076037208,Newspapers,,," Copyright HT Digital Streams Limited Jul 5, 2024", News," Jul 5, 2024",,,, English, English,, New Delhi,"Jul 5, 2024",Mint,2024,,https://esearch.ut.edu/login?url=https://www.proquest.com/newspapers/wall-street-today-s-amp-p-500-nasdaq-at-record/docview/3076037208/se-2?accountid=14762,https://ut.primo.exlibrisgroup.com/openurl/01UTAMPA_INST/01UTAMPA_INST:SpartanSearch?genre=article&amp;issn=&amp;title=Wall+Street+today%3A+S%26amp%3BP+500%2C+Nasdaq+at+record+high+on+megacaps+rally%2C+yields+drop&amp;volume=&amp;issue=&amp;date=2024&amp;atitle=Wall+Street+today%3A+S%26amp%3BP+500%2C+Nasdaq+at+record+high+on+megacaps+rally%2C+yields+drop&amp;spage=&amp;sid=ProQ%3Aabiglobal&amp;author=,,ABI/INFORM Collection
"AI will power the S&P 500 another 27% higher before peaking next year, research firm says",,3075373639,Newspapers,"De Mott, Filip",," Copyright Insider, Inc. Jul 3, 2024", News," Jul 3, 2024"," mi-exclusive , ai-bubble , s-p500 , stock-market-forecast , dotcom-bubble , capital-economics",,, English, English,, New York,"Jul 3, 2024",Business Insider,2024,,https://esearch.ut.edu/login?url=https://www.proquest.com/newspapers/ai-will-power-s-amp-p-500-another-27-higher/docview/3075373639/se-2?accountid=14762,https://ut.primo.exlibrisgroup.com/openurl/01UTAMPA_INST/01UTAMPA_INST:SpartanSearch?genre=article&amp;issn=&amp;title=AI+will+power+the+S%26amp%3BP+500+another+27%25+higher+before+peaking+next+year%2C+research+firm+says&amp;volume=&amp;issue=&amp;date=2024&amp;atitle=AI+will+power+the+S%26amp%3BP+500+another+27%25+higher+before+peaking+next+year%2C+research+firm+says&amp;spage=&amp;sid=ProQ%3Aabidateline&amp;author=De+Mott,,ABI/INFORM Collection
Nvidia Is the Fifth Most Profitable Company in the S&P 500. Here Are the 4 That Beat It.,,3074897581,Newspapers,"Rivas, Teresa", NVidia Corp," Copyright 2024 Dow Jones & Company, Inc. All Rights Reserved.", News," Jul 3, 2024",,,, English, English,, New York,"Jul 3, 2024",Barron's (Online),2024,,https://esearch.ut.edu/login?url=https://www.proquest.com/newspapers/nvidia-is-fifth-most-profitable-company-s-amp-p/docview/3074897581/se-2?accountid=14762,https://ut.primo.exlibrisgroup.com/openurl/01UTAMPA_INST/01UTAMPA_INST:SpartanSearch?genre=article&amp;issn=&amp;title=Nvidia+Is+the+Fifth+Most+Profitable+Company+in+the+S%26amp%3BP+500.+Here+Are+the+4+That+Beat+It.&amp;volume=&amp;issue=&amp;date=2024&amp;atitle=Nvidia+Is+the+Fifth+Most+Profitable+Company+in+the+S%26amp%3BP+500.+Here+Are+the+4+That+Beat+It.&amp;spage=&amp;sid=ProQ%3Aabiglobal&amp;author=Rivas,,"ABI/INFORM Collection, Research Library"
"Tesla Shares Jump 10%, Helping Lift S&P 500 And Nasdaq to Records",,3074897575,Newspapers,"Uberti, David",," Copyright 2024 Dow Jones & Company, Inc. All Rights Reserved.", News," Jul 3, 2024",,0099-9660,, English, English,," New York, N.Y.","Jul 3, 2024",Wall Street Journal,2024,,https://esearch.ut.edu/login?url=https://www.proquest.com/newspapers/tesla-shares-jump-10-helping-lift-s-amp-p-500/docview/3074897575/se-2?accountid=14762,https://ut.primo.exlibrisgroup.com/openurl/01UTAMPA_INST/01UTAMPA_INST:SpartanSearch?genre=article&amp;issn=00999660&amp;title=Tesla+Shares+Jump+10%25%2C+Helping+Lift+S%26amp%3BP+500+And+Nasdaq+to+Records&amp;volume=&amp;issue=&amp;date=2024&amp;atitle=Tesla+Shares+Jump+10%25%2C+Helping+Lift+S%26amp%3BP+500+And+Nasdaq+to+Records&amp;spage=B.11&amp;sid=ProQ%3Aabiglobal&amp;author=Uberti,,ABI/INFORM Collection
This Chip Stock Led the S&P 500 in the First Half. It Isn't Nvidia.,,3074044831,Newspapers,"Palumbo, Angela", Walgreen Co," Copyright 2024 Dow Jones & Company, Inc. All Rights Reserved.", News," Jul 1, 2024",,,, English, English,, New York,"Jul 1, 2024",Barron's (Online),2024,,https://esearch.ut.edu/login?url=https://www.proquest.com/newspapers/this-chip-stock-led-s-amp-p-500-first-half-isnt/docview/3074044831/se-2?accountid=14762,https://ut.primo.exlibrisgroup.com/openurl/01UTAMPA_INST/01UTAMPA_INST:SpartanSearch?genre=article&amp;issn=&amp;title=This+Chip+Stock+Led+the+S%26amp%3BP+500+in+the+First+Half.+It+Isn%27t+Nvidia.&amp;volume=&amp;issue=&amp;date=2024&amp;atitle=This+Chip+Stock+Led+the+S%26amp%3BP+500+in+the+First+Half.+It+Isn%27t+Nvidia.&amp;spage=&amp;sid=ProQ%3Aabiglobal&amp;author=Palumbo,,"ABI/INFORM Collection, Research Library"
The S&P 500's Rally Has Stalled. Why July Will Be Critical.,,3073640434,Newspapers,"Sonenshine, Jacob",," Copyright 2024 Dow Jones & Company, Inc. All Rights Reserved.", News," Jun 29, 2024",,,, English, English,, New York,"Jun 29, 2024",Barron's (Online),2024,,https://esearch.ut.edu/login?url=https://www.proquest.com/newspapers/s-amp-p-500s-rally-has-stalled-why-july-will-be/docview/3073640434/se-2?accountid=14762,https://ut.primo.exlibrisgroup.com/openurl/01UTAMPA_INST/01UTAMPA_INST:SpartanSearch?genre=article&amp;issn=&amp;title=The+S%26amp%3BP+500%27s+Rally+Has+Stalled.+Why+July+Will+Be+Critical.&amp;volume=&amp;issue=&amp;date=2024&amp;atitle=The+S%26amp%3BP+500%27s+Rally+Has+Stalled.+Why+July+Will+Be+Critical.&amp;spage=&amp;sid=ProQ%3Aabiglobal&amp;author=Sonenshine,,"ABI/INFORM Collection, Research Library"
A notorious market bear who called the 2000 and 2008 crashes shares 3 charts revealing striking similarities between today's market and the most extreme bubbles - and warns of 50-70% downside for the S&P 500,,3073574643,Newspapers,"Edwards, William",," Copyright Insider, Inc. Jun 29, 2024", News," Jun 29, 2024"," bi-prime , investing , stock-market-crash , john-hussman , stock-market-bubble , sp-500 , stock-market-outlook , s-p-500-outlook",,, English, English,, New York,"Jun 29, 2024",Business Insider,2024,,https://esearch.ut.edu/login?url=https://www.proquest.com/newspapers/notorious-market-bear-who-called-2000-2008/docview/3073574643/se-2?accountid=14762,https://ut.primo.exlibrisgroup.com/openurl/01UTAMPA_INST/01UTAMPA_INST:SpartanSearch?genre=article&amp;issn=&amp;title=A+notorious+market+bear+who+called+the+2000+and+2008+crashes+shares+3+charts+revealing+striking+similarities+between+today%27s+market+and+the+most+extreme+bubbles+-+and+warns+of+50-70%25+downside+for+the+S%26amp%3BP+500&amp;volume=&amp;issue=&amp;date=2024&amp;atitle=A+notorious+market+bear+who+called+the+2000+and+2008+crashes+shares+3+charts+revealing+striking+similarities+between+today%27s+market+and+the+most+extreme+bubbles+-+and+warns+of+50-70%25+downside+for+the+S%26amp%3BP+500&amp;spage=&amp;sid=ProQ%3Aabidateline&amp;author=Edwards,,ABI/INFORM Collection
EXCHANGE --- AI Frenzy Gives Stocks Monster First Half --- S&P 500 has climbed 14% despite reduced hopes for interest-rate cuts,,3073485724,Newspapers,"Langley, Karen", NVidia Corp," Copyright 2024 Dow Jones & Company, Inc. All Rights Reserved.", News," Jun 29, 2024",,0099-9660,, English, English,," New York, N.Y.","Jun 29, 2024",Wall Street Journal,2024,,https://esearch.ut.edu/login?url=https://www.proquest.com/newspapers/exchange-ai-frenzy-gives-stocks-monster-first/docview/3073485724/se-2?accountid=14762,https://ut.primo.exlibrisgroup.com/openurl/01UTAMPA_INST/01UTAMPA_INST:SpartanSearch?genre=article&amp;issn=00999660&amp;title=EXCHANGE+---+AI+Frenzy+Gives+Stocks+Monster+First+Half+---+S%26amp%3BP+500+has+climbed+14%25+despite+reduced+hopes+for+interest-rate+cuts&amp;volume=&amp;issue=&amp;date=2024&amp;atitle=EXCHANGE+---+AI+Frenzy+Gives+Stocks+Monster+First+Half+---+S%26amp%3BP+500+has+climbed+14%25+despite+reduced+hopes+for+interest-rate+cuts&amp;spage=B.11&amp;sid=ProQ%3Aabiglobal&amp;author=Langley,,ABI/INFORM Collection
"EXCHANGE --- Friday's Markets: Dow Industrials, S&P 500 Decline as Nike Skids 20%",,3073485701,Newspapers,"Dezember, Ryan", Nike Inc," Copyright 2024 Dow Jones & Company, Inc. All Rights Reserved.", News," Jun 29, 2024",,0099-9660,, English, English,," New York, N.Y.","Jun 29, 2024",Wall Street Journal,2024,,https://esearch.ut.edu/login?url=https://www.proquest.com/newspapers/exchange-fridays-markets-dow-industrials-s-amp-p/docview/3073485701/se-2?accountid=14762,https://ut.primo.exlibrisgroup.com/openurl/01UTAMPA_INST/01UTAMPA_INST:SpartanSearch?genre=article&amp;issn=00999660&amp;title=EXCHANGE+---+Friday%27s+Markets%3A+Dow+Industrials%2C+S%26amp%3BP+500+Decline+as+Nike+Skids+20%25&amp;volume=&amp;issue=&amp;date=2024&amp;atitle=EXCHANGE+---+Friday%27s+Markets%3A+Dow+Industrials%2C+S%26amp%3BP+500+Decline+as+Nike+Skids+20%25&amp;spage=B.11&amp;sid=ProQ%3Aabiglobal&amp;author=Dezember,,ABI/INFORM Collection
Synchrony Stock Is S&P 500's Top Performer. The Case to Buy Now.,,3073194694,Newspapers,"Dattilo, Emily",," Copyright 2024 Dow Jones & Company, Inc. All Rights Reserved.", News," Jun 28, 2024",,,, English, English,, New York,"Jun 28, 2024",Barron's (Online),2024,,https://esearch.ut.edu/login?url=https://www.proquest.com/newspapers/synchrony-stock-is-s-amp-p-500s-top-performer/docview/3073194694/se-2?accountid=14762,https://ut.primo.exlibrisgroup.com/openurl/01UTAMPA_INST/01UTAMPA_INST:SpartanSearch?genre=article&amp;issn=&amp;title=Synchrony+Stock+Is+S%26amp%3BP+500%27s+Top+Performer.+The+Case+to+Buy+Now.&amp;volume=&amp;issue=&amp;date=2024&amp;atitle=Synchrony+Stock+Is+S%26amp%3BP+500%27s+Top+Performer.+The+Case+to+Buy+Now.&amp;spage=&amp;sid=ProQ%3Aabiglobal&amp;author=Dattilo,,"ABI/INFORM Collection, Research Library"
Stocks Are Defecting to New York. Buy This S&P 500 Shoo-In and Antidote to Nvidia.,,3073186445,Newspapers,"Denton, Jack"," NVidia Corp , Deutsche Bank AG"," Copyright 2024 Dow Jones & Company, Inc. All Rights Reserved.", News," Jun 28, 2024",,,, English, English,, New York,"Jun 28, 2024",Barron's (Online),2024,,https://esearch.ut.edu/login?url=https://www.proquest.com/newspapers/stocks-are-defecting-new-york-buy-this-s-amp-p/docview/3073186445/se-2?accountid=14762,https://ut.primo.exlibrisgroup.com/openurl/01UTAMPA_INST/01UTAMPA_INST:SpartanSearch?genre=article&amp;issn=&amp;title=Stocks+Are+Defecting+to+New+York.+Buy+This+S%26amp%3BP+500+Shoo-In+and+Antidote+to+Nvidia.&amp;volume=&amp;issue=&amp;date=2024&amp;atitle=Stocks+Are+Defecting+to+New+York.+Buy+This+S%26amp%3BP+500+Shoo-In+and+Antidote+to+Nvidia.&amp;spage=&amp;sid=ProQ%3Aabiglobal&amp;author=Denton,,"ABI/INFORM Collection, Research Library"
Nvidia Isn't June's Top Performer in the S&P 500. It's This Cybersecurity Stock.,,3073165835,Newspapers,"Dattilo, Emily", NVidia Corp," Copyright 2024 Dow Jones & Company, Inc. All Rights Reserved.", News," Jun 28, 2024",,,, English, English,, New York,"Jun 28, 2024",Barron's (Online),2024,,https://esearch.ut.edu/login?url=https://www.proquest.com/newspapers/nvidia-isnt-junes-top-performer-s-amp-p-500-this/docview/3073165835/se-2?accountid=14762,https://ut.primo.exlibrisgroup.com/openurl/01UTAMPA_INST/01UTAMPA_INST:SpartanSearch?genre=article&amp;issn=&amp;title=Nvidia+Isn%27t+June%27s+Top+Performer+in+the+S%26amp%3BP+500.+It%27s+This+Cybersecurity+Stock.&amp;volume=&amp;issue=&amp;date=2024&amp;atitle=Nvidia+Isn%27t+June%27s+Top+Performer+in+the+S%26amp%3BP+500.+It%27s+This+Cybersecurity+Stock.&amp;spage=&amp;sid=ProQ%3Aabiglobal&amp;author=Dattilo,,"ABI/INFORM Collection, Research Library"
"Why Micron Is a Better Market Indicator than S&P 500 Rally, Trump, Biden. And 4 Other Things to Know Today.",,3073125732,Newspapers,," Nike Inc , Securities & Exchange Commission , Walgreen Co , NVidia Corp"," Copyright 2024 Dow Jones & Company, Inc. All Rights Reserved.", News," Jun 28, 2024",,,, English, English,, New York,"Jun 28, 2024",Barron's (Online),2024,,https://esearch.ut.edu/login?url=https://www.proquest.com/newspapers/why-micron-is-better-market-indicator-than-s-amp/docview/3073125732/se-2?accountid=14762,https://ut.primo.exlibrisgroup.com/openurl/01UTAMPA_INST/01UTAMPA_INST:SpartanSearch?genre=article&amp;issn=&amp;title=Why+Micron+Is+a+Better+Market+Indicator+than+S%26amp%3BP+500+Rally%2C+Trump%2C+Biden.+And+4+Other+Things+to+Know+Today.&amp;volume=&amp;issue=&amp;date=2024&amp;atitle=Why+Micron+Is+a+Better+Market+Indicator+than+S%26amp%3BP+500+Rally%2C+Trump%2C+Biden.+And+4+Other+Things+to+Know+Today.&amp;spage=&amp;sid=ProQ%3Aabiglobal&amp;author=,,"ABI/INFORM Collection, Research Library"
The S&P 500 Is Having a Great First Half of the Year. Here's What Comes Next.,,3072946157,Newspapers,"Rivas, Teresa",," Copyright 2024 Dow Jones & Company, Inc. All Rights Reserved.", News," Jun 28, 2024",,,, English, English,, New York,"Jun 28, 2024",Barron's (Online),2024,,https://esearch.ut.edu/login?url=https://www.proquest.com/newspapers/s-amp-p-500-is-having-great-first-half-year-heres/docview/3072946157/se-2?accountid=14762,https://ut.primo.exlibrisgroup.com/openurl/01UTAMPA_INST/01UTAMPA_INST:SpartanSearch?genre=article&amp;issn=&amp;title=The+S%26amp%3BP+500+Is+Having+a+Great+First+Half+of+the+Year.+Here%27s+What+Comes+Next.&amp;volume=&amp;issue=&amp;date=2024&amp;atitle=The+S%26amp%3BP+500+Is+Having+a+Great+First+Half+of+the+Year.+Here%27s+What+Comes+Next.&amp;spage=&amp;sid=ProQ%3Aabiglobal&amp;author=Rivas,,"ABI/INFORM Collection, Research Library"
McCormick Stock Is Top S&P 500 Performer After Earnings,,3072744131,Newspapers,"Dattilo, Emily",," Copyright 2024 Dow Jones & Company, Inc. All Rights Reserved.", News," Jun 27, 2024",,,, English, English,, New York,"Jun 27, 2024",Barron's (Online),2024,,https://esearch.ut.edu/login?url=https://www.proquest.com/newspapers/mccormick-stock-is-top-s-amp-p-500-performer/docview/3072744131/se-2?accountid=14762,https://ut.primo.exlibrisgroup.com/openurl/01UTAMPA_INST/01UTAMPA_INST:SpartanSearch?genre=article&amp;issn=&amp;title=McCormick+Stock+Is+Top+S%26amp%3BP+500+Performer+After+Earnings&amp;volume=&amp;issue=&amp;date=2024&amp;atitle=McCormick+Stock+Is+Top+S%26amp%3BP+500+Performer+After+Earnings&amp;spage=&amp;sid=ProQ%3Aabiglobal&amp;author=Dattilo,,"ABI/INFORM Collection, Research Library"
"The S&P 500 could crater 48% when the stock-market bubble pops and recession finally hits, elite strategist says",,3072221893,Newspapers,"Theron, Mohamed",," Copyright Insider, Inc. Jun 26, 2024", News," Jun 26, 2024"," mi-exclusive , trending-uk , markets , economy , stocks , stock-market-bubble , stock-market-crash , stock-market-outlook , sp-500 , inflation , recession , interest-rates , federal-reserve , us-markets-and-economy , paul-dietrich , b-riley , taxes , nvidia-stock , ai , buffett-indicator , dot-com-bubble",,, English, English,, New York,"Jun 26, 2024",Business Insider,2024,,https://esearch.ut.edu/login?url=https://www.proquest.com/newspapers/s-amp-p-500-could-crater-48-when-stock-market/docview/3072221893/se-2?accountid=14762,https://ut.primo.exlibrisgroup.com/openurl/01UTAMPA_INST/01UTAMPA_INST:SpartanSearch?genre=article&amp;issn=&amp;title=The+S%26amp%3BP+500+could+crater+48%25+when+the+stock-market+bubble+pops+and+recession+finally+hits%2C+elite+strategist+says&amp;volume=&amp;issue=&amp;date=2024&amp;atitle=The+S%26amp%3BP+500+could+crater+48%25+when+the+stock-market+bubble+pops+and+recession+finally+hits%2C+elite+strategist+says&amp;spage=&amp;sid=ProQ%3Aabidateline&amp;author=Theron,,ABI/INFORM Collection
A veteran fund manager who's more than quadrupled the S&P 500's return in the last 32 years explains how he finds deeply undervalued stocks - and shares how he made one of his best trades ever,,3072221307,Newspapers,"Faris, James",," Copyright Insider, Inc. Jun 26, 2024", News," Jun 26, 2024"," bi-prime , investing , investing-strategy , investing-strategy-2024 , top-fund-manager , top-fund-manager-2024 , top-fund-manager-strategy , how-to-invest , how-to-invest-2024 , value-investing , value-investing-strategy",,, English, English,, New York,"Jun 26, 2024",Business Insider,2024,,https://esearch.ut.edu/login?url=https://www.proquest.com/newspapers/veteran-fund-manager-whos-more-than-quadrupled-s/docview/3072221307/se-2?accountid=14762,https://ut.primo.exlibrisgroup.com/openurl/01UTAMPA_INST/01UTAMPA_INST:SpartanSearch?genre=article&amp;issn=&amp;title=A+veteran+fund+manager+who%27s+more+than+quadrupled+the+S%26amp%3BP+500%27s+return+in+the+last+32+years+explains+how+he+finds+deeply+undervalued+stocks+-+and+shares+how+he+made+one+of+his+best+trades+ever&amp;volume=&amp;issue=&amp;date=2024&amp;atitle=A+veteran+fund+manager+who%27s+more+than+quadrupled+the+S%26amp%3BP+500%27s+return+in+the+last+32+years+explains+how+he+finds+deeply+undervalued+stocks+-+and+shares+how+he+made+one+of+his+best+trades+ever&amp;spage=&amp;sid=ProQ%3Aabidateline&amp;author=Faris,,ABI/INFORM Collection
"Nvidia Pulls S&P 500, Nasdaq Lower --- Stocks end broadly higher outside of technology sector, as Dow gains 0.7%",,3071673117,Newspapers,"Goldfarb, Sam", NVidia Corp," Copyright 2024 Dow Jones & Company, Inc. All Rights Reserved.", News," Jun 25, 2024",,0099-9660,, English, English,," New York, N.Y.","Jun 25, 2024",Wall Street Journal,2024,,https://esearch.ut.edu/login?url=https://www.proquest.com/newspapers/nvidia-pulls-s-amp-p-500-nasdaq-lower-stocks-end/docview/3071673117/se-2?accountid=14762,https://ut.primo.exlibrisgroup.com/openurl/01UTAMPA_INST/01UTAMPA_INST:SpartanSearch?genre=article&amp;issn=00999660&amp;title=Nvidia+Pulls+S%26amp%3BP+500%2C+Nasdaq+Lower+---+Stocks+end+broadly+higher+outside+of+technology+sector%2C+as+Dow+gains+0.7%25&amp;volume=&amp;issue=&amp;date=2024&amp;atitle=Nvidia+Pulls+S%26amp%3BP+500%2C+Nasdaq+Lower+---+Stocks+end+broadly+higher+outside+of+technology+sector%2C+as+Dow+gains+0.7%25&amp;spage=B.11&amp;sid=ProQ%3Aabiglobal&amp;author=Goldfarb,,ABI/INFORM Collection
"GoDaddy, CrowdStrike and KKR to start trading on S&P 500 today, Altair added to mid-cap index",,3071607058,Newspapers,"Dhawan, Sunil"," New York Stock Exchange--NYSE , Leggett & Platt Inc , Werner Enterprises Inc , Crowdstrike"," Copyright 2024 IE Online Media Services Pvt. Ltd., distributed by Contify.com", News," Jun 24, 2024",,,, English, English,, New Delhi,"Jun 24, 2024",Financial Express,2024,,https://esearch.ut.edu/login?url=https://www.proquest.com/newspapers/godaddy-crowdstrike-kkr-start-trading-on-s-amp-p/docview/3071607058/se-2?accountid=14762,https://ut.primo.exlibrisgroup.com/openurl/01UTAMPA_INST/01UTAMPA_INST:SpartanSearch?genre=article&amp;issn=&amp;title=GoDaddy%2C+CrowdStrike+and+KKR+to+start+trading+on+S%26amp%3BP+500+today%2C+Altair+added+to+mid-cap+index&amp;volume=&amp;issue=&amp;date=2024&amp;atitle=GoDaddy%2C+CrowdStrike+and+KKR+to+start+trading+on+S%26amp%3BP+500+today%2C+Altair+added+to+mid-cap+index&amp;spage=&amp;sid=ProQ%3Aabitrade&amp;author=Dhawan,,ABI/INFORM Collection
"The S&P 500 will soar 175% to 15,000 by the end of the decade, Fundstrat's Tom Lee says",,3071517360,Newspapers,"Fox, Matthew",," Copyright Insider, Inc. Jun 24, 2024", News," Jun 24, 2024"," mi-exclusive , stock-market-outlook , stock-market-analysis , stock-market , sp-500",,, English, English,, New York,"Jun 24, 2024",Business Insider,2024,,https://esearch.ut.edu/login?url=https://www.proquest.com/newspapers/s-amp-p-500-will-soar-175-15-000-end-decade/docview/3071517360/se-2?accountid=14762,https://ut.primo.exlibrisgroup.com/openurl/01UTAMPA_INST/01UTAMPA_INST:SpartanSearch?genre=article&amp;issn=&amp;title=The+S%26amp%3BP+500+will+soar+175%25+to+15%2C000+by+the+end+of+the+decade%2C+Fundstrat%27s+Tom+Lee+says&amp;volume=&amp;issue=&amp;date=2024&amp;atitle=The+S%26amp%3BP+500+will+soar+175%25+to+15%2C000+by+the+end+of+the+decade%2C+Fundstrat%27s+Tom+Lee+says&amp;spage=&amp;sid=ProQ%3Aabidateline&amp;author=Fox,,ABI/INFORM Collection
"An overload of warning signals mark the 'last straw' that could send the S&P 500 plunging 70%, famed permabear says",,3071516858,Newspapers,"De Mott, Filip",," Copyright Insider, Inc. Jun 24, 2024", News," Jun 24, 2024"," mi-exclusive , john-hussman , market-crash , stocks , stocks-overvalued , bear-market , stock-market-crash , hussman-strategic-advisors , stock-market-sell-off",,, English, English,, New York,"Jun 24, 2024",Business Insider,2024,,https://esearch.ut.edu/login?url=https://www.proquest.com/newspapers/overload-warning-signals-mark-last-straw-that/docview/3071516858/se-2?accountid=14762,https://ut.primo.exlibrisgroup.com/openurl/01UTAMPA_INST/01UTAMPA_INST:SpartanSearch?genre=article&amp;issn=&amp;title=An+overload+of+warning+signals+mark+the+%27last+straw%27+that+could+send+the+S%26amp%3BP+500+plunging+70%25%2C+famed+permabear+says&amp;volume=&amp;issue=&amp;date=2024&amp;atitle=An+overload+of+warning+signals+mark+the+%27last+straw%27+that+could+send+the+S%26amp%3BP+500+plunging+70%25%2C+famed+permabear+says&amp;spage=&amp;sid=ProQ%3Aabidateline&amp;author=De+Mott,,ABI/INFORM Collection
"3 ETF investing strategies to use to protect your portfolio from potential downside as big indexes like the S&P 500 become riskier, according to an ETF expert",,3071220596,Newspapers,"Edwards, William", NVidia Corp," Copyright Insider, Inc. Jun 23, 2024", News," Jun 23, 2024"," bi-prime , investing , investing-advice , etfs-to-buy , sp-500 , investing-strategy , portfolio-strategy",,, English, English,, New York,"Jun 23, 2024",Business Insider,2024,,https://esearch.ut.edu/login?url=https://www.proquest.com/newspapers/3-etf-investing-strategies-use-protect-your/docview/3071220596/se-2?accountid=14762,https://ut.primo.exlibrisgroup.com/openurl/01UTAMPA_INST/01UTAMPA_INST:SpartanSearch?genre=article&amp;issn=&amp;title=3+ETF+investing+strategies+to+use+to+protect+your+portfolio+from+potential+downside+as+big+indexes+like+the+S%26amp%3BP+500+become+riskier%2C+according+to+an+ETF+expert&amp;volume=&amp;issue=&amp;date=2024&amp;atitle=3+ETF+investing+strategies+to+use+to+protect+your+portfolio+from+potential+downside+as+big+indexes+like+the+S%26amp%3BP+500+become+riskier%2C+according+to+an+ETF+expert&amp;spage=&amp;sid=ProQ%3Aabidateline&amp;author=Edwards,,ABI/INFORM Collection
"The S&P 500 will hit 8,000 by the end of the decade as the bull market continues through the 'roaring 20s,' market vet says",,3071220564,Newspapers,"Sor, Jennifer",," Copyright Insider, Inc. Jun 23, 2024", News," Jun 23, 2024"," mi-exclusive , stock-market-outlook , sp-500 , s-p-500-outlook , bull-market , roaring-20s , ed-yardeni , stock-market-prediction",,, English, English,, New York,"Jun 23, 2024",Business Insider,2024,,https://esearch.ut.edu/login?url=https://www.proquest.com/newspapers/s-amp-p-500-will-hit-8-000-end-decade-as-bull/docview/3071220564/se-2?accountid=14762,https://ut.primo.exlibrisgroup.com/openurl/01UTAMPA_INST/01UTAMPA_INST:SpartanSearch?genre=article&amp;issn=&amp;title=The+S%26amp%3BP+500+will+hit+8%2C000+by+the+end+of+the+decade+as+the+bull+market+continues+through+the+%27roaring+20s%2C%27+market+vet+says&amp;volume=&amp;issue=&amp;date=2024&amp;atitle=The+S%26amp%3BP+500+will+hit+8%2C000+by+the+end+of+the+decade+as+the+bull+market+continues+through+the+%27roaring+20s%2C%27+market+vet+says&amp;spage=&amp;sid=ProQ%3Aabidateline&amp;author=Sor,,ABI/INFORM Collection
"EXCHANGE --- Streetwise: Nvidia's Success Is the Stock Market's Problem, Broadly --- The company accounts for a third of this month's gain in the S&P 500. What happens when it falls?",,3070945478,Newspapers,"Mackintosh, James", NVidia Corp," Copyright 2024 Dow Jones & Company, Inc. All Rights Reserved."," Commentary , Opinions"," Jun 22, 2024",,0099-9660,, English, English,," New York, N.Y.","Jun 22, 2024",Wall Street Journal,2024,,https://esearch.ut.edu/login?url=https://www.proquest.com/newspapers/exchange-streetwise-nvidias-success-is-stock/docview/3070945478/se-2?accountid=14762,https://ut.primo.exlibrisgroup.com/openurl/01UTAMPA_INST/01UTAMPA_INST:SpartanSearch?genre=unknown&amp;issn=00999660&amp;title=EXCHANGE+---+Streetwise%3A+Nvidia%27s+Success+Is+the+Stock+Market%27s+Problem%2C+Broadly+---+The+company+accounts+for+a+third+of+this+month%27s+gain+in+the+S%26amp%3BP+500.+What+happens+when+it+falls%3F&amp;volume=&amp;issue=&amp;date=2024&amp;atitle=EXCHANGE+---+Streetwise%3A+Nvidia%27s+Success+Is+the+Stock+Market%27s+Problem%2C+Broadly+---+The+company+accounts+for+a+third+of+this+month%27s+gain+in+the+S%26amp%3BP+500.+What+happens+when+it+falls%3F&amp;spage=B.3&amp;sid=ProQ%3Aabiglobal&amp;author=Mackintosh,,ABI/INFORM Collection
EXCHANGE --- Friday's Markets: S&P 500 Rises for Third Week in a Row --- The benchmark index is up 15% this year due to gains in AI-related stocks,,3070945457,Newspapers,"Miao, Hannah", NVidia Corp," Copyright 2024 Dow Jones & Company, Inc. All Rights Reserved.", News," Jun 22, 2024",,0099-9660,, English, English,," New York, N.Y.","Jun 22, 2024",Wall Street Journal,2024,,https://esearch.ut.edu/login?url=https://www.proquest.com/newspapers/exchange-fridays-markets-s-amp-p-500-rises-third/docview/3070945457/se-2?accountid=14762,https://ut.primo.exlibrisgroup.com/openurl/01UTAMPA_INST/01UTAMPA_INST:SpartanSearch?genre=article&amp;issn=00999660&amp;title=EXCHANGE+---+Friday%27s+Markets%3A+S%26amp%3BP+500+Rises+for+Third+Week+in+a+Row+---+The+benchmark+index+is+up+15%25+this+year+due+to+gains+in+AI-related+stocks&amp;volume=&amp;issue=&amp;date=2024&amp;atitle=EXCHANGE+---+Friday%27s+Markets%3A+S%26amp%3BP+500+Rises+for+Third+Week+in+a+Row+---+The+benchmark+index+is+up+15%25+this+year+due+to+gains+in+AI-related+stocks&amp;spage=B.11&amp;sid=ProQ%3Aabiglobal&amp;author=Miao,,ABI/INFORM Collection
How AI Could Help the S&P 500 Climb 10%,,3070741603,Newspapers,"Rivas, Teresa",," Copyright 2024 Dow Jones & Company, Inc. All Rights Reserved.", News," Jun 21, 2024",,,, English, English,, New York,"Jun 21, 2024",Barron's (Online),2024,,https://esearch.ut.edu/login?url=https://www.proquest.com/newspapers/how-ai-could-help-s-amp-p-500-climb-10/docview/3070741603/se-2?accountid=14762,https://ut.primo.exlibrisgroup.com/openurl/01UTAMPA_INST/01UTAMPA_INST:SpartanSearch?genre=article&amp;issn=&amp;title=How+AI+Could+Help+the+S%26amp%3BP+500+Climb+10%25&amp;volume=&amp;issue=&amp;date=2024&amp;atitle=How+AI+Could+Help+the+S%26amp%3BP+500+Climb+10%25&amp;spage=&amp;sid=ProQ%3Aabiglobal&amp;author=Rivas,,"ABI/INFORM Collection, Research Library"
Nvidia Has Boosted the S&P 500. Now It Could Tank It.,,3070733361,Newspapers,"La Monica, Paul R", NVidia Corp," Copyright 2024 Dow Jones & Company, Inc. All Rights Reserved.", News," Jun 21, 2024",,,, English, English,, New York,"Jun 21, 2024",Barron's (Online),2024,,https://esearch.ut.edu/login?url=https://www.proquest.com/newspapers/nvidia-has-boosted-s-amp-p-500-now-could-tank/docview/3070733361/se-2?accountid=14762,https://ut.primo.exlibrisgroup.com/openurl/01UTAMPA_INST/01UTAMPA_INST:SpartanSearch?genre=article&amp;issn=&amp;title=Nvidia+Has+Boosted+the+S%26amp%3BP+500.+Now+It+Could+Tank+It.&amp;volume=&amp;issue=&amp;date=2024&amp;atitle=Nvidia+Has+Boosted+the+S%26amp%3BP+500.+Now+It+Could+Tank+It.&amp;spage=&amp;sid=ProQ%3Aabiglobal&amp;author=La+Monica,,"ABI/INFORM Collection, Research Library"
"Dell's AI Margin Slip Is a Speed Bump --- Strong position in artificial-intelligence servers will help pricing power, while possible S&P 500 inclusion gives stock momentum",,3070227343,Newspapers,"Gallagher, Dan", NVidia Corp," Copyright 2024 Dow Jones & Company, Inc. All Rights Reserved."," Opinions , Commentary"," Jun 21, 2024",,0099-9660,, English, English,," New York, N.Y.","Jun 21, 2024",Wall Street Journal,2024,,https://esearch.ut.edu/login?url=https://www.proquest.com/newspapers/dells-ai-margin-slip-is-speed-bump-strong/docview/3070227343/se-2?accountid=14762,https://ut.primo.exlibrisgroup.com/openurl/01UTAMPA_INST/01UTAMPA_INST:SpartanSearch?genre=unknown&amp;issn=00999660&amp;title=Dell%27s+AI+Margin+Slip+Is+a+Speed+Bump+---+Strong+position+in+artificial-intelligence+servers+will+help+pricing+power%2C+while+possible+S%26amp%3BP+500+inclusion+gives+stock+momentum&amp;volume=&amp;issue=&amp;date=2024&amp;atitle=Dell%27s+AI+Margin+Slip+Is+a+Speed+Bump+---+Strong+position+in+artificial-intelligence+servers+will+help+pricing+power%2C+while+possible+S%26amp%3BP+500+inclusion+gives+stock+momentum&amp;spage=B.11&amp;sid=ProQ%3Aabiglobal&amp;author=Gallagher,,ABI/INFORM Collection
Stock market today: S&P 500 and Nasdaq head for new highs as Nvidia rally pushes on,,3069999664,Newspapers,"Adams, Max", NVidia Corp," Copyright Insider, Inc. Jun 20, 2024", News," Jun 20, 2024"," mi-exclusive , sp-500 , nasdaq , trump-media-technology , jobless-claims , economy , nvidia",,, English, English,, New York,"Jun 20, 2024",Business Insider,2024,,https://esearch.ut.edu/login?url=https://www.proquest.com/newspapers/stock-market-today-s-amp-p-500-nasdaq-head-new/docview/3069999664/se-2?accountid=14762,https://ut.primo.exlibrisgroup.com/openurl/01UTAMPA_INST/01UTAMPA_INST:SpartanSearch?genre=article&amp;issn=&amp;title=Stock+market+today%3A+S%26amp%3BP+500+and+Nasdaq+head+for+new+highs+as+Nvidia+rally+pushes+on&amp;volume=&amp;issue=&amp;date=2024&amp;atitle=Stock+market+today%3A+S%26amp%3BP+500+and+Nasdaq+head+for+new+highs+as+Nvidia+rally+pushes+on&amp;spage=&amp;sid=ProQ%3Aabidateline&amp;author=Adams,,ABI/INFORM Collection
Stock market today: S&P 500 closes at fresh record high as Nvidia becomes world's biggest company,,3069270678,Newspapers,"De Mott, Filip", NVidia Corp," Copyright Insider, Inc. Jun 18, 2024", News," Jun 18, 2024"," mi-exclusive , stock-market , nvidia , nvda-stock , ai-rally , retail-sales",,, English, English,, New York,"Jun 18, 2024",Business Insider,2024,,https://esearch.ut.edu/login?url=https://www.proquest.com/newspapers/stock-market-today-s-amp-p-500-closes-at-fresh/docview/3069270678/se-2?accountid=14762,https://ut.primo.exlibrisgroup.com/openurl/01UTAMPA_INST/01UTAMPA_INST:SpartanSearch?genre=article&amp;issn=&amp;title=Stock+market+today%3A+S%26amp%3BP+500+closes+at+fresh+record+high+as+Nvidia+becomes+world%27s+biggest+company&amp;volume=&amp;issue=&amp;date=2024&amp;atitle=Stock+market+today%3A+S%26amp%3BP+500+closes+at+fresh+record+high+as+Nvidia+becomes+world%27s+biggest+company&amp;spage=&amp;sid=ProQ%3Aabidateline&amp;author=De+Mott,,ABI/INFORM Collection
Micron Stock Is S&P 500's Top Performer Ahead of Earnings. Here's Why.,,3069215521,Newspapers,"Dattilo, Emily",," Copyright 2024 Dow Jones & Company, Inc. All Rights Reserved.", News," Jun 18, 2024",,,, English, English,, New York,"Jun 18, 2024",Barron's (Online),2024,,https://esearch.ut.edu/login?url=https://www.proquest.com/newspapers/micron-stock-is-s-amp-p-500s-top-performer-ahead/docview/3069215521/se-2?accountid=14762,https://ut.primo.exlibrisgroup.com/openurl/01UTAMPA_INST/01UTAMPA_INST:SpartanSearch?genre=article&amp;issn=&amp;title=Micron+Stock+Is+S%26amp%3BP+500%27s+Top+Performer+Ahead+of+Earnings.+Here%27s+Why.&amp;volume=&amp;issue=&amp;date=2024&amp;atitle=Micron+Stock+Is+S%26amp%3BP+500%27s+Top+Performer+Ahead+of+Earnings.+Here%27s+Why.&amp;spage=&amp;sid=ProQ%3Aabiglobal&amp;author=Dattilo,,"ABI/INFORM Collection, Research Library"
Investing in the S&P 500 alone is not the silver bullet,,3069043507,Newspapers,,, © 2024 Singapore Press Holdings, News," Jun 18, 2024",,,, English, English,, Singapore,"Jun 18, 2024",The Business Times,2024,,https://esearch.ut.edu/login?url=https://www.proquest.com/newspapers/investing-s-amp-p-500-alone-is-not-silver-bullet/docview/3069043507/se-2?accountid=14762,https://ut.primo.exlibrisgroup.com/openurl/01UTAMPA_INST/01UTAMPA_INST:SpartanSearch?genre=article&amp;issn=&amp;title=Investing+in+the+S%26amp%3BP+500+alone+is+not+the+silver+bullet&amp;volume=&amp;issue=&amp;date=2024&amp;atitle=Investing+in+the+S%26amp%3BP+500+alone+is+not+the+silver+bullet&amp;spage=&amp;sid=ProQ%3Aabitrade&amp;author=,,ABI/INFORM Collection
"Technology Stocks Lift Nasdaq, S&P 500 --- Investors await global central-bank decisions and data on retail sales",,3069012196,Newspapers,"Pitcher, Jack",," Copyright 2024 Dow Jones & Company, Inc. All Rights Reserved.", News," Jun 18, 2024",,0099-9660,, English, English,," New York, N.Y.","Jun 18, 2024",Wall Street Journal,2024,,https://esearch.ut.edu/login?url=https://www.proquest.com/newspapers/technology-stocks-lift-nasdaq-s-amp-p-500/docview/3069012196/se-2?accountid=14762,https://ut.primo.exlibrisgroup.com/openurl/01UTAMPA_INST/01UTAMPA_INST:SpartanSearch?genre=article&amp;issn=00999660&amp;title=Technology+Stocks+Lift+Nasdaq%2C+S%26amp%3BP+500+---+Investors+await+global+central-bank+decisions+and+data+on+retail+sales&amp;volume=&amp;issue=&amp;date=2024&amp;atitle=Technology+Stocks+Lift+Nasdaq%2C+S%26amp%3BP+500+---+Investors+await+global+central-bank+decisions+and+data+on+retail+sales&amp;spage=B.10&amp;sid=ProQ%3Aabiglobal&amp;author=Pitcher,,ABI/INFORM Collection
Your Questions Answered: What are the pros and cons of investing in a mutual fund tracking S&P 500 index?,,3068996610,Newspapers,,," Copyright HT Digital Streams Limited Jun 18, 2024", News," Jun 18, 2024",,,, English, English,, New Delhi,"Jun 18, 2024",Mint,2024,,https://esearch.ut.edu/login?url=https://www.proquest.com/newspapers/your-questions-answered-what-are-pros-cons/docview/3068996610/se-2?accountid=14762,https://ut.primo.exlibrisgroup.com/openurl/01UTAMPA_INST/01UTAMPA_INST:SpartanSearch?genre=article&amp;issn=&amp;title=Your+Questions+Answered%3A+What+are+the+pros+and+cons+of+investing+in+a+mutual+fund+tracking+S%26amp%3BP+500+index%3F&amp;volume=&amp;issue=&amp;date=2024&amp;atitle=Your+Questions+Answered%3A+What+are+the+pros+and+cons+of+investing+in+a+mutual+fund+tracking+S%26amp%3BP+500+index%3F&amp;spage=&amp;sid=ProQ%3Aabiglobal&amp;author=,,ABI/INFORM Collection
Stock market today: Mega-cap tech drives S&P 500 and Nasdaq to record highs,,3068876491,Newspapers,"Fox, Matthew", Broadcom Inc," Copyright Insider, Inc. Jun 17, 2024", News," Jun 17, 2024"," mi-exclusive , stock-market-today , stock-market-news , stock-market-news-today , stock-market , nasdaq-100 , sp-500 , markets",,, English, English,, New York,"Jun 17, 2024",Business Insider,2024,,https://esearch.ut.edu/login?url=https://www.proquest.com/newspapers/stock-market-today-mega-cap-tech-drives-s-amp-p/docview/3068876491/se-2?accountid=14762,https://ut.primo.exlibrisgroup.com/openurl/01UTAMPA_INST/01UTAMPA_INST:SpartanSearch?genre=article&amp;issn=&amp;title=Stock+market+today%3A+Mega-cap+tech+drives+S%26amp%3BP+500+and+Nasdaq+to+record+highs&amp;volume=&amp;issue=&amp;date=2024&amp;atitle=Stock+market+today%3A+Mega-cap+tech+drives+S%26amp%3BP+500+and+Nasdaq+to+record+highs&amp;spage=&amp;sid=ProQ%3Aabidateline&amp;author=Fox,,ABI/INFORM Collection
"The S&P 500 Gets New Targets. Investors, Be on Your Guard.",,3068874210,Newspapers,"Vanjani, Karishma", NVidia Corp," Copyright 2024 Dow Jones & Company, Inc. All Rights Reserved.", News," Jun 17, 2024",,,, English, English,, New York,"Jun 17, 2024",Barron's (Online),2024,,https://esearch.ut.edu/login?url=https://www.proquest.com/newspapers/s-amp-p-500-gets-new-targets-investors-be-on-your/docview/3068874210/se-2?accountid=14762,https://ut.primo.exlibrisgroup.com/openurl/01UTAMPA_INST/01UTAMPA_INST:SpartanSearch?genre=article&amp;issn=&amp;title=The+S%26amp%3BP+500+Gets+New+Targets.+Investors%2C+Be+on+Your+Guard.&amp;volume=&amp;issue=&amp;date=2024&amp;atitle=The+S%26amp%3BP+500+Gets+New+Targets.+Investors%2C+Be+on+Your+Guard.&amp;spage=&amp;sid=ProQ%3Aabiglobal&amp;author=Vanjani,,"ABI/INFORM Collection, Research Library"
Evercore ISI upgrades its S&P 500 outlook to the highest on Wall Street as it says the AI revolution is just getting started,,3068868912,Newspapers,"Fox, Matthew",," Copyright Insider, Inc. Jun 17, 2024", News," Jun 17, 2024"," mi-exclusive , stock-market-outlook , stock-market-analysis , stock-market , analyst-note , sp-500 , markets",,, English, English,, New York,"Jun 17, 2024",Business Insider,2024,,https://esearch.ut.edu/login?url=https://www.proquest.com/newspapers/evercore-isi-upgrades-s-amp-p-500-outlook-highest/docview/3068868912/se-2?accountid=14762,https://ut.primo.exlibrisgroup.com/openurl/01UTAMPA_INST/01UTAMPA_INST:SpartanSearch?genre=article&amp;issn=&amp;title=Evercore+ISI+upgrades+its+S%26amp%3BP+500+outlook+to+the+highest+on+Wall+Street+as+it+says+the+AI+revolution+is+just+getting+started&amp;volume=&amp;issue=&amp;date=2024&amp;atitle=Evercore+ISI+upgrades+its+S%26amp%3BP+500+outlook+to+the+highest+on+Wall+Street+as+it+says+the+AI+revolution+is+just+getting+started&amp;spage=&amp;sid=ProQ%3Aabidateline&amp;author=Fox,,ABI/INFORM Collection
Why the Dow Keeps Dropping Even When the S&P 500 and Nasdaq Keep Gaining,,3068765280,Newspapers,"La Monica, Paul R",," Copyright 2024 Dow Jones & Company, Inc. All Rights Reserved.", News," Jun 17, 2024",,,, English, English,, New York,"Jun 17, 2024",Barron's (Online),2024,,https://esearch.ut.edu/login?url=https://www.proquest.com/newspapers/why-dow-keeps-dropping-even-when-s-amp-p-500/docview/3068765280/se-2?accountid=14762,https://ut.primo.exlibrisgroup.com/openurl/01UTAMPA_INST/01UTAMPA_INST:SpartanSearch?genre=article&amp;issn=&amp;title=Why+the+Dow+Keeps+Dropping+Even+When+the+S%26amp%3BP+500+and+Nasdaq+Keep+Gaining&amp;volume=&amp;issue=&amp;date=2024&amp;atitle=Why+the+Dow+Keeps+Dropping+Even+When+the+S%26amp%3BP+500+and+Nasdaq+Keep+Gaining&amp;spage=&amp;sid=ProQ%3Aabiglobal&amp;author=La+Monica,,"ABI/INFORM Collection, Research Library"
EXCHANGE --- Friday's Markets: S&P 500 and Nasdaq Notch Weekly Gains --- The yield on the Treasury's 10-year note slides on hopes for lower rates,,3068314495,Newspapers,"Grant, Charley",," Copyright 2024 Dow Jones & Company, Inc. All Rights Reserved.", News," Jun 15, 2024",,0099-9660,, English, English,," New York, N.Y.","Jun 15, 2024",Wall Street Journal,2024,,https://esearch.ut.edu/login?url=https://www.proquest.com/newspapers/exchange-fridays-markets-s-amp-p-500-nasdaq-notch/docview/3068314495/se-2?accountid=14762,https://ut.primo.exlibrisgroup.com/openurl/01UTAMPA_INST/01UTAMPA_INST:SpartanSearch?genre=article&amp;issn=00999660&amp;title=EXCHANGE+---+Friday%27s+Markets%3A+S%26amp%3BP+500+and+Nasdaq+Notch+Weekly+Gains+---+The+yield+on+the+Treasury%27s+10-year+note+slides+on+hopes+for+lower+rates&amp;volume=&amp;issue=&amp;date=2024&amp;atitle=EXCHANGE+---+Friday%27s+Markets%3A+S%26amp%3BP+500+and+Nasdaq+Notch+Weekly+Gains+---+The+yield+on+the+Treasury%27s+10-year+note+slides+on+hopes+for+lower+rates&amp;spage=B.11&amp;sid=ProQ%3Aabiglobal&amp;author=Grant,,ABI/INFORM Collection
Carnival and Norwegian Stocks Are Sinking the S&P 500. Pricing May Be an Issue.,,3068136665,Newspapers,"Palumbo, Angela",," Copyright 2024 Dow Jones & Company, Inc. All Rights Reserved.", News," Jun 14, 2024",,,, English, English,, New York,"Jun 14, 2024",Barron's (Online),2024,,https://esearch.ut.edu/login?url=https://www.proquest.com/newspapers/carnival-norwegian-stocks-are-sinking-s-amp-p-500/docview/3068136665/se-2?accountid=14762,https://ut.primo.exlibrisgroup.com/openurl/01UTAMPA_INST/01UTAMPA_INST:SpartanSearch?genre=article&amp;issn=&amp;title=Carnival+and+Norwegian+Stocks+Are+Sinking+the+S%26amp%3BP+500.+Pricing+May+Be+an+Issue.&amp;volume=&amp;issue=&amp;date=2024&amp;atitle=Carnival+and+Norwegian+Stocks+Are+Sinking+the+S%26amp%3BP+500.+Pricing+May+Be+an+Issue.&amp;spage=&amp;sid=ProQ%3Aabiglobal&amp;author=Palumbo,,"ABI/INFORM Collection, Research Library"
Warren Buffett's Apple stake is worth $169 billion - more than the value of many S&P 500 companies,,3067843938,Newspapers,"Theron, Mohamed", Berkshire Hathaway Inc," Copyright Insider, Inc. Jun 14, 2024", News," Jun 14, 2024"," trending-uk , finance , warren-buffett , berkshire-hathaway , apple , apple-stock , tech-stocks , ai , chat-gpt , openai , stock-portfolio , billionaires , sp-500",,, English, English,, New York,"Jun 14, 2024",Business Insider,2024,,https://esearch.ut.edu/login?url=https://www.proquest.com/newspapers/warren-buffetts-apple-stake-is-worth-169-billion/docview/3067843938/se-2?accountid=14762,https://ut.primo.exlibrisgroup.com/openurl/01UTAMPA_INST/01UTAMPA_INST:SpartanSearch?genre=article&amp;issn=&amp;title=Warren+Buffett%27s+Apple+stake+is+worth+%24169+billion+-%26%23xa0%3Bmore+than+the+value+of+many+S%26amp%3BP+500+companies&amp;volume=&amp;issue=&amp;date=2024&amp;atitle=Warren+Buffett%27s+Apple+stake+is+worth+%24169+billion+-%26nbsp%3Bmore+than+the+value+of+many+S%26amp%3BP+500+companies&amp;spage=&amp;sid=ProQ%3Aabidateline&amp;author=Theron,,ABI/INFORM Collection
"Tech Sector Powers S&P 500, Nasdaq To Record Levels",,3067632841,Newspapers,"Dezember, Ryan",," Copyright 2024 Dow Jones & Company, Inc. All Rights Reserved.", News," Jun 14, 2024",,0099-9660,, English, English,," New York, N.Y.","Jun 14, 2024",Wall Street Journal,2024,,https://esearch.ut.edu/login?url=https://www.proquest.com/newspapers/tech-sector-powers-s-amp-p-500-nasdaq-record/docview/3067632841/se-2?accountid=14762,https://ut.primo.exlibrisgroup.com/openurl/01UTAMPA_INST/01UTAMPA_INST:SpartanSearch?genre=article&amp;issn=00999660&amp;title=Tech+Sector+Powers+S%26amp%3BP+500%2C+Nasdaq+To+Record+Levels&amp;volume=&amp;issue=&amp;date=2024&amp;atitle=Tech+Sector+Powers+S%26amp%3BP+500%2C+Nasdaq+To+Record+Levels&amp;spage=B.9&amp;sid=ProQ%3Aabiglobal&amp;author=Dezember,,ABI/INFORM Collection
Apple Stock Had Historic Tuesday. S&P 500 Would Have Dropped Without Its Gain.,,3066787570,Newspapers,"Bary, Andrew", NVidia Corp," Copyright 2024 Dow Jones & Company, Inc. All Rights Reserved.", News," Jun 12, 2024",,,, English, English,, New York,"Jun 12, 2024",Barron's (Online),2024,,https://esearch.ut.edu/login?url=https://www.proquest.com/newspapers/apple-stock-had-historic-tuesday-s-amp-p-500/docview/3066787570/se-2?accountid=14762,https://ut.primo.exlibrisgroup.com/openurl/01UTAMPA_INST/01UTAMPA_INST:SpartanSearch?genre=article&amp;issn=&amp;title=Apple+Stock+Had+Historic+Tuesday.+S%26amp%3BP+500+Would+Have+Dropped+Without+Its+Gain.&amp;volume=&amp;issue=&amp;date=2024&amp;atitle=Apple+Stock+Had+Historic+Tuesday.+S%26amp%3BP+500+Would+Have+Dropped+Without+Its+Gain.&amp;spage=&amp;sid=ProQ%3Aabiglobal&amp;author=Bary,,"ABI/INFORM Collection, Research Library"
'Black Swan' investor sees the S&P 500 jumping another 12% - followed by the worst crash since 1929,,3066772704,Newspapers,"Theron, Mohamed",," Copyright Insider, Inc. Jun 12, 2024", News," Jun 12, 2024"," mi-exclusive , markets , stocks , black-swan , mark-spitznagel , universa-investments , sp-500 , stock-market-outlook , stock-market-bubble , stock-market-crash , recession , federal-reserve , interest-rates , nassim-taleb , great-recession , great-depression , trending-uk",,, English, English,, New York,"Jun 12, 2024",Business Insider,2024,,https://esearch.ut.edu/login?url=https://www.proquest.com/newspapers/black-swan-investor-sees-s-amp-p-500-jumping/docview/3066772704/se-2?accountid=14762,https://ut.primo.exlibrisgroup.com/openurl/01UTAMPA_INST/01UTAMPA_INST:SpartanSearch?genre=article&amp;issn=&amp;title=%27Black+Swan%27+investor+sees+the+S%26amp%3BP+500+jumping+another+12%25+-+followed+by+the+worst+crash+since+1929&amp;volume=&amp;issue=&amp;date=2024&amp;atitle=%27Black+Swan%27+investor+sees+the+S%26amp%3BP+500+jumping+another+12%25+-+followed+by+the+worst+crash+since+1929&amp;spage=&amp;sid=ProQ%3Aabidateline&amp;author=Theron,,ABI/INFORM Collection
"AI Investments Boost Technology Stocks --- S&P 500, Nasdaq extend highs, led by record-breaking day for shares of Apple",,3066622364,Newspapers,"Goldfarb, Sam",," Copyright 2024 Dow Jones & Company, Inc. All Rights Reserved.", News," Jun 12, 2024",,0099-9660,, English, English,," New York, N.Y.","Jun 12, 2024",Wall Street Journal,2024,,https://esearch.ut.edu/login?url=https://www.proquest.com/newspapers/ai-investments-boost-technology-stocks-s-amp-p/docview/3066622364/se-2?accountid=14762,https://ut.primo.exlibrisgroup.com/openurl/01UTAMPA_INST/01UTAMPA_INST:SpartanSearch?genre=article&amp;issn=00999660&amp;title=AI+Investments+Boost+Technology+Stocks+---+S%26amp%3BP+500%2C+Nasdaq+extend+highs%2C+led+by+record-breaking+day+for+shares+of+Apple&amp;volume=&amp;issue=&amp;date=2024&amp;atitle=AI+Investments+Boost+Technology+Stocks+---+S%26amp%3BP+500%2C+Nasdaq+extend+highs%2C+led+by+record-breaking+day+for+shares+of+Apple&amp;spage=B.11&amp;sid=ProQ%3Aabiglobal&amp;author=Goldfarb,,ABI/INFORM Collection
"Stock market today: S&P 500 closes at a record high as investors await the latest Fed decision, May CPI",,3066502844,Newspapers,"De Mott, Filip",," Copyright Insider, Inc. Jun 11, 2024", News," Jun 11, 2024"," mi-exclusive , daily-market-wrap , stock-market , apple , fed-rate-cuts , fomc",,, English, English,, New York,"Jun 11, 2024",Business Insider,2024,,https://esearch.ut.edu/login?url=https://www.proquest.com/newspapers/stock-market-today-s-amp-p-500-closes-at-record/docview/3066502844/se-2?accountid=14762,https://ut.primo.exlibrisgroup.com/openurl/01UTAMPA_INST/01UTAMPA_INST:SpartanSearch?genre=article&amp;issn=&amp;title=Stock+market+today%3A+S%26amp%3BP+500+closes+at+a+record+high+as+investors+await+the+latest+Fed+decision%2C+May+CPI&amp;volume=&amp;issue=&amp;date=2024&amp;atitle=Stock+market+today%3A+S%26amp%3BP+500+closes+at+a+record+high+as+investors+await+the+latest+Fed+decision%2C+May+CPI&amp;spage=&amp;sid=ProQ%3Aabidateline&amp;author=De+Mott,,ABI/INFORM Collection
ChatGPT Rescued the S&P 500. The Next Hero Is Standing By.,,3066501801,Newspapers,"Salisbury, Ian"," Bank of America Corp , Bank of America Securities"," Copyright 2024 Dow Jones & Company, Inc. All Rights Reserved.", News," Jun 11, 2024",,,, English, English,, New York,"Jun 11, 2024",Barron's (Online),2024,,https://esearch.ut.edu/login?url=https://www.proquest.com/newspapers/chatgpt-rescued-s-amp-p-500-next-hero-is-standing/docview/3066501801/se-2?accountid=14762,https://ut.primo.exlibrisgroup.com/openurl/01UTAMPA_INST/01UTAMPA_INST:SpartanSearch?genre=article&amp;issn=&amp;title=ChatGPT+Rescued+the+S%26amp%3BP+500.+The+Next+Hero+Is+Standing+By.&amp;volume=&amp;issue=&amp;date=2024&amp;atitle=ChatGPT+Rescued+the+S%26amp%3BP+500.+The+Next+Hero+Is+Standing+By.&amp;spage=&amp;sid=ProQ%3Aabiglobal&amp;author=Salisbury,,"ABI/INFORM Collection, Research Library"
This basket of highly profitable healthcare stocks compiled by Piper Sandler has crushed the S&P 500 by 22% over the last year. Here are the 7 stocks on the list.,,3066272558,Newspapers,"Edwards, William",," Copyright Insider, Inc. Jun 11, 2024", News," Jun 11, 2024"," bi-prime , investing , stock-picks , stock-recommendations , investing-advice , healthcare-stocks , healthcare-sector , piper-sandler , michael-kantrowitz , quality-stocks",,, English, English,, New York,"Jun 11, 2024",Business Insider,2024,,https://esearch.ut.edu/login?url=https://www.proquest.com/newspapers/this-basket-highly-profitable-healthcare-stocks/docview/3066272558/se-2?accountid=14762,https://ut.primo.exlibrisgroup.com/openurl/01UTAMPA_INST/01UTAMPA_INST:SpartanSearch?genre=article&amp;issn=&amp;title=This+basket+of+highly+profitable+healthcare+stocks+compiled+by+Piper+Sandler+has+crushed+the+S%26amp%3BP+500+by+22%25+over+the+last+year.+Here+are+the+7+stocks+on+the+list.&amp;volume=&amp;issue=&amp;date=2024&amp;atitle=This+basket+of+highly+profitable+healthcare+stocks+compiled+by+Piper+Sandler+has+crushed+the+S%26amp%3BP+500+by+22%25+over+the+last+year.+Here+are+the+7+stocks+on+the+list.&amp;spage=&amp;sid=ProQ%3Aabidateline&amp;author=Edwards,,ABI/INFORM Collection
"Stock market today: S&P 500 and Nasdaq close at record highs ahead of Fed meeting, May inflation report",,3066075034,Newspapers,"Fox, Matthew",," Copyright Insider, Inc. Jun 10, 2024", News," Jun 10, 2024"," mi-exclusive , stock-market-today , stock-market-news , stock-market-news-today , stock-market , sp-500 , nasdaq-100 , dow-jones-industrial-average",,, English, English,, New York,"Jun 10, 2024",Business Insider,2024,,https://esearch.ut.edu/login?url=https://www.proquest.com/newspapers/stock-market-today-s-amp-p-500-nasdaq-close-at/docview/3066075034/se-2?accountid=14762,https://ut.primo.exlibrisgroup.com/openurl/01UTAMPA_INST/01UTAMPA_INST:SpartanSearch?genre=article&amp;issn=&amp;title=Stock+market+today%3A+S%26amp%3BP+500+and+Nasdaq+close+at+record+highs+ahead+of+Fed+meeting%2C+May+inflation+report&amp;volume=&amp;issue=&amp;date=2024&amp;atitle=Stock+market+today%3A+S%26amp%3BP+500+and+Nasdaq+close+at+record+highs+ahead+of+Fed+meeting%2C+May+inflation+report&amp;spage=&amp;sid=ProQ%3Aabidateline&amp;author=Fox,,ABI/INFORM Collection
"KKR, CrowdStrike Stocks Pop. Why Joining the S&P 500 Is Better Than the Dow.",,3066057131,Newspapers,"Dattilo, Emily",," Copyright 2024 Dow Jones & Company, Inc. All Rights Reserved.", News," Jun 10, 2024",,,, English, English,, New York,"Jun 10, 2024",Barron's (Online),2024,,https://esearch.ut.edu/login?url=https://www.proquest.com/newspapers/kkr-crowdstrike-stocks-pop-why-joining-s-amp-p/docview/3066057131/se-2?accountid=14762,https://ut.primo.exlibrisgroup.com/openurl/01UTAMPA_INST/01UTAMPA_INST:SpartanSearch?genre=article&amp;issn=&amp;title=KKR%2C+CrowdStrike+Stocks+Pop.+Why+Joining+the+S%26amp%3BP+500+Is+Better+Than+the+Dow.&amp;volume=&amp;issue=&amp;date=2024&amp;atitle=KKR%2C+CrowdStrike+Stocks+Pop.+Why+Joining+the+S%26amp%3BP+500+Is+Better+Than+the+Dow.&amp;spage=&amp;sid=ProQ%3Aabiglobal&amp;author=Dattilo,,"ABI/INFORM Collection, Research Library"
Dell and 4 More Stocks That Could Be Added to the S&P 500 Next,,3066012647,Newspapers,"Bary, Andrew", Coinbase Inc," Copyright 2024 Dow Jones & Company, Inc. All Rights Reserved.", News," Jun 10, 2024",,,, English, English,, New York,"Jun 10, 2024",Barron's (Online),2024,,https://esearch.ut.edu/login?url=https://www.proquest.com/newspapers/dell-4-more-stocks-that-could-be-added-s-amp-p/docview/3066012647/se-2?accountid=14762,https://ut.primo.exlibrisgroup.com/openurl/01UTAMPA_INST/01UTAMPA_INST:SpartanSearch?genre=article&amp;issn=&amp;title=Dell+and+4+More+Stocks+That+Could+Be+Added+to+the+S%26amp%3BP+500+Next&amp;volume=&amp;issue=&amp;date=2024&amp;atitle=Dell+and+4+More+Stocks+That+Could+Be+Added+to+the+S%26amp%3BP+500+Next&amp;spage=&amp;sid=ProQ%3Aabiglobal&amp;author=Bary,,"ABI/INFORM Collection, Research Library"
Retail traders push India stock option volumes above S&P 500: Derivatives. Froth fears Small investors join stampede after south Asian country's equities index hits record high,,3076470345,Newspapers,"Steer, George;Kay, Chris", Bank of America Corp," Copyright The Financial Times Limited Jun 8, 2024", News," Jun 8, 2024",,0307-1766,, English, English,, London (UK),"Jun 8, 2024",Financial Times,2024,,https://esearch.ut.edu/login?url=https://www.proquest.com/newspapers/retail-traders-push-india-stock-option-volumes/docview/3076470345/se-2?accountid=14762,https://ut.primo.exlibrisgroup.com/openurl/01UTAMPA_INST/01UTAMPA_INST:SpartanSearch?genre=article&amp;issn=03071766&amp;title=Retail+traders+push+India+stock+option+volumes+above+S%26amp%3BP+500&amp;volume=&amp;issue=&amp;date=2024&amp;atitle=Retail+traders+push+India+stock+option+volumes+above+S%26amp%3BP+500%3A+Derivatives.+Froth+fears+Small+investors+join+stampede+after+south+Asian+country%27s+equities+index+hits+record+high&amp;spage=19&amp;sid=ProQ%3Aabiglobal&amp;author=Steer,,ABI/INFORM Collection
GoDaddy and CrowdStrike Will Join the S&P 500 Later This Month,,3065613349,Newspapers,"Palumbo, Angela", Crowdstrike," Copyright 2024 Dow Jones & Company, Inc. All Rights Reserved.", News," Jun 8, 2024",,,, English, English,, New York,"Jun 8, 2024",Barron's (Online),2024,,https://esearch.ut.edu/login?url=https://www.proquest.com/newspapers/godaddy-crowdstrike-will-join-s-amp-p-500-later/docview/3065613349/se-2?accountid=14762,https://ut.primo.exlibrisgroup.com/openurl/01UTAMPA_INST/01UTAMPA_INST:SpartanSearch?genre=article&amp;issn=&amp;title=GoDaddy+and+CrowdStrike+Will+Join+the+S%26amp%3BP+500+Later+This+Month&amp;volume=&amp;issue=&amp;date=2024&amp;atitle=GoDaddy+and+CrowdStrike+Will+Join+the+S%26amp%3BP+500+Later+This+Month&amp;spage=&amp;sid=ProQ%3Aabiglobal&amp;author=Palumbo,,"ABI/INFORM Collection, Research Library"
Tech-Stock Pullback Weighs on S&P 500 --- Declines in Nvidia and Apple were offset in part by gains in other areas,,3065166848,Newspapers,"Langley, Karen"," J M Smucker Co , NVidia Corp"," Copyright 2024 Dow Jones & Company, Inc. All Rights Reserved.", News," Jun 7, 2024",,0099-9660,, English, English,," New York, N.Y.","Jun 7, 2024",Wall Street Journal,2024,,https://esearch.ut.edu/login?url=https://www.proquest.com/newspapers/tech-stock-pullback-weighs-on-s-amp-p-500/docview/3065166848/se-2?accountid=14762,https://ut.primo.exlibrisgroup.com/openurl/01UTAMPA_INST/01UTAMPA_INST:SpartanSearch?genre=article&amp;issn=00999660&amp;title=Tech-Stock+Pullback+Weighs+on+S%26amp%3BP+500+---+Declines+in+Nvidia+and+Apple+were+offset+in+part+by+gains+in+other+areas&amp;volume=&amp;issue=&amp;date=2024&amp;atitle=Tech-Stock+Pullback+Weighs+on+S%26amp%3BP+500+---+Declines+in+Nvidia+and+Apple+were+offset+in+part+by+gains+in+other+areas&amp;spage=B.9&amp;sid=ProQ%3Aabiglobal&amp;author=Langley,,ABI/INFORM Collection
"Microsoft, Apple, and Nvidia Dominate the S&P 500 Like No Trio Ever Has",,3064926821,Newspapers,"La Monica, Paul R", NVidia Corp," Copyright 2024 Dow Jones & Company, Inc. All Rights Reserved.", News," Jun 6, 2024",,,, English, English,, New York,"Jun 6, 2024",Barron's (Online),2024,,https://esearch.ut.edu/login?url=https://www.proquest.com/newspapers/microsoft-apple-nvidia-dominate-s-amp-p-500-like/docview/3064926821/se-2?accountid=14762,https://ut.primo.exlibrisgroup.com/openurl/01UTAMPA_INST/01UTAMPA_INST:SpartanSearch?genre=article&amp;issn=&amp;title=Microsoft%2C+Apple%2C+and+Nvidia+Dominate+the+S%26amp%3BP+500+Like+No+Trio+Ever+Has&amp;volume=&amp;issue=&amp;date=2024&amp;atitle=Microsoft%2C+Apple%2C+and+Nvidia+Dominate+the+S%26amp%3BP+500+Like+No+Trio+Ever+Has&amp;spage=&amp;sid=ProQ%3Aabiglobal&amp;author=La+Monica,,"ABI/INFORM Collection, Research Library"
Stock market today: S&P 500 closes at record high as rate cut hopes rise and Nvidia surges,,3064690167,Newspapers,"Sor, Jennifer", NVidia Corp," Copyright Insider, Inc. Jun 5, 2024", News," Jun 5, 2024"," mi-exclusive , stock-market-today , stock-market-news , fed-rate-cuts , fed-rate-cuts-outlook , fed-rate-cuts-2024",,, English, English,, New York,"Jun 5, 2024",Business Insider,2024,,https://esearch.ut.edu/login?url=https://www.proquest.com/newspapers/stock-market-today-s-amp-p-500-closes-at-record/docview/3064690167/se-2?accountid=14762,https://ut.primo.exlibrisgroup.com/openurl/01UTAMPA_INST/01UTAMPA_INST:SpartanSearch?genre=article&amp;issn=&amp;title=Stock+market+today%3A+S%26amp%3BP+500+closes+at+record+high+as+rate+cut+hopes+rise+and+Nvidia+surges&amp;volume=&amp;issue=&amp;date=2024&amp;atitle=Stock+market+today%3A+S%26amp%3BP+500+closes+at+record+high+as+rate+cut+hopes+rise+and+Nvidia+surges&amp;spage=&amp;sid=ProQ%3Aabidateline&amp;author=Sor,,ABI/INFORM Collection
"The $3 Trillion Club— Microsoft, Apple, and Nvidia—Make Up 20% of the S&P 500",,3064639037,Newspapers,"La Monica, Paul R", NVidia Corp," Copyright 2024 Dow Jones & Company, Inc. All Rights Reserved.", News," Jun 5, 2024",,,, English, English,, New York,"Jun 5, 2024",Barron's (Online),2024,,https://esearch.ut.edu/login?url=https://www.proquest.com/newspapers/3-trillion-club-microsoft-apple-nvidia-make-up-20/docview/3064639037/se-2?accountid=14762,https://ut.primo.exlibrisgroup.com/openurl/01UTAMPA_INST/01UTAMPA_INST:SpartanSearch?genre=article&amp;issn=&amp;title=The+%243+Trillion+Club%E2%80%94+Microsoft%2C+Apple%2C+and+Nvidia%E2%80%94Make+Up+20%25+of+the+S%26amp%3BP+500&amp;volume=&amp;issue=&amp;date=2024&amp;atitle=The+%243+Trillion+Club%26mdash%3B+Microsoft%2C+Apple%2C+and+Nvidia%26mdash%3BMake+Up+20%25+of+the+S%26amp%3BP+500&amp;spage=&amp;sid=ProQ%3Aabiglobal&amp;author=La+Monica,,"ABI/INFORM Collection, Research Library"
"Brace for a 10% slide in the S&P 500 as stagflation makes the Fed unlikely to cut rates, Stifel says",,3064236878,Newspapers,"Sor, Jennifer",," Copyright Insider, Inc. Jun 4, 2024", News," Jun 4, 2024"," mi-exclusive , stock-market-outlook , stock-market-sell-off , stock-market-correction , bear-market , sp-500 , s-p-500-outlook , s-and-p-500-prediction , stifel , stagflation , economy , inflation , fed-rate-cuts",,, English, English,, New York,"Jun 4, 2024",Business Insider,2024,,https://esearch.ut.edu/login?url=https://www.proquest.com/newspapers/brace-10-slide-s-amp-p-500-as-stagflation-makes/docview/3064236878/se-2?accountid=14762,https://ut.primo.exlibrisgroup.com/openurl/01UTAMPA_INST/01UTAMPA_INST:SpartanSearch?genre=article&amp;issn=&amp;title=Brace+for+a+10%25+slide+in+the+S%26amp%3BP+500+as+stagflation+makes+the+Fed+unlikely+to+cut+rates%2C+Stifel+says&amp;volume=&amp;issue=&amp;date=2024&amp;atitle=Brace+for+a+10%25+slide+in+the+S%26amp%3BP+500+as+stagflation+makes+the+Fed+unlikely+to+cut+rates%2C+Stifel+says&amp;spage=&amp;sid=ProQ%3Aabidateline&amp;author=Sor,,ABI/INFORM Collection
"S&P 500 Rises, Energy Stocks Falter --- Return of meme- stock mania pushes GameStop and other shares higher",,3064016276,Newspapers,"Grant, Charley", GameStop Corp," Copyright 2024 Dow Jones & Company, Inc. All Rights Reserved.", News," Jun 4, 2024",,0099-9660,, English, English,," New York, N.Y.","Jun 4, 2024",Wall Street Journal,2024,,https://esearch.ut.edu/login?url=https://www.proquest.com/newspapers/s-amp-p-500-rises-energy-stocks-falter-return/docview/3064016276/se-2?accountid=14762,https://ut.primo.exlibrisgroup.com/openurl/01UTAMPA_INST/01UTAMPA_INST:SpartanSearch?genre=article&amp;issn=00999660&amp;title=S%26amp%3BP+500+Rises%2C+Energy+Stocks+Falter+---+Return+of+meme-+stock+mania+pushes+GameStop+and+other+shares+higher&amp;volume=&amp;issue=&amp;date=2024&amp;atitle=S%26amp%3BP+500+Rises%2C+Energy+Stocks+Falter+---+Return+of+meme-+stock+mania+pushes+GameStop+and+other+shares+higher&amp;spage=B.9&amp;sid=ProQ%3Aabiglobal&amp;author=Grant,,ABI/INFORM Collection
"The S&P 500 could climb 23% next year if Treasury yields fall and AI momentum stays strong, research firm says",,3063704997,Newspapers,"Sor, Jennifer",," Copyright Insider, Inc. Jun 3, 2024", News," Jun 3, 2024"," mi-exclusive , stock-market-outlook , stock-market-crash , sp-500 , s-p-500-outlook , s-and-p-500-prediction , ai , artificial-intelligence , treasury-yields , fed-rate-cuts , fed-rate-cuts-2024 , fed-rate-cuts-forecast",,, English, English,, New York,"Jun 3, 2024",Business Insider,2024,,https://esearch.ut.edu/login?url=https://www.proquest.com/newspapers/s-amp-p-500-could-climb-23-next-year-if-treasury/docview/3063704997/se-2?accountid=14762,https://ut.primo.exlibrisgroup.com/openurl/01UTAMPA_INST/01UTAMPA_INST:SpartanSearch?genre=article&amp;issn=&amp;title=The+S%26amp%3BP+500+could+climb+23%25+next+year+if+Treasury+yields+fall+and+AI+momentum+stays+strong%2C+research+firm+says&amp;volume=&amp;issue=&amp;date=2024&amp;atitle=The+S%26amp%3BP+500+could+climb+23%25+next+year+if+Treasury+yields+fall+and+AI+momentum+stays+strong%2C+research+firm+says&amp;spage=&amp;sid=ProQ%3Aabidateline&amp;author=Sor,,ABI/INFORM Collection
S&P 500 losing steam going into June,,3063330066,Newspapers,Teo,, © 2024 Singapore Press Holdings, News," Jun 3, 2024",,,, English, English,, Singapore,"Jun 3, 2024",The Business Times,2024,,https://esearch.ut.edu/login?url=https://www.proquest.com/newspapers/s-amp-p-500-losing-steam-going-into-june/docview/3063330066/se-2?accountid=14762,https://ut.primo.exlibrisgroup.com/openurl/01UTAMPA_INST/01UTAMPA_INST:SpartanSearch?genre=article&amp;issn=&amp;title=S%26amp%3BP+500+losing+steam+going+into+June&amp;volume=&amp;issue=&amp;date=2024&amp;atitle=S%26amp%3BP+500+losing+steam+going+into+June&amp;spage=&amp;sid=ProQ%3Aabitrade&amp;author=Teo,,ABI/INFORM Collection
S&P 500 Valuations Are Nuts. Why People Are Still Buying.,,3063213057,Newspapers,"Vanjani, Karishma",," Copyright 2024 Dow Jones & Company, Inc. All Rights Reserved.", News," Jun 3, 2024",,,, English, English,, New York,"Jun 3, 2024",Barron's (Online),2024,,https://esearch.ut.edu/login?url=https://www.proquest.com/newspapers/s-amp-p-500-valuations-are-nuts-why-people-still/docview/3063213057/se-2?accountid=14762,https://ut.primo.exlibrisgroup.com/openurl/01UTAMPA_INST/01UTAMPA_INST:SpartanSearch?genre=article&amp;issn=&amp;title=S%26amp%3BP+500+Valuations+Are+Nuts.+Why+People+Are+Still+Buying.&amp;volume=&amp;issue=&amp;date=2024&amp;atitle=S%26amp%3BP+500+Valuations+Are+Nuts.+Why+People+Are+Still+Buying.&amp;spage=&amp;sid=ProQ%3Aabiglobal&amp;author=Vanjani,,"ABI/INFORM Collection, Research Library"
A 32-year market vet shares 2 charts showing stocks could be entering a major market peak - and warns a coming recession will send the S&P 500 plummeting more than 60%,,3062857471,Newspapers,"Edwards, William",," Copyright Insider, Inc. Jun 1, 2024", News," Jun 1, 2024"," bi-prime , investing , stock-market-crash , recession , jon-wolfenbarger , s-p-500-outlook",,, English, English,, New York,"Jun 1, 2024",Business Insider,2024,,https://esearch.ut.edu/login?url=https://www.proquest.com/newspapers/32-year-market-vet-shares-2-charts-showing-stocks/docview/3062857471/se-2?accountid=14762,https://ut.primo.exlibrisgroup.com/openurl/01UTAMPA_INST/01UTAMPA_INST:SpartanSearch?genre=article&amp;issn=&amp;title=A+32-year+market+vet+shares+2+charts+showing+stocks+could+be+entering+a+major+market+peak+-+and+warns+a+coming+recession+will+send+the+S%26amp%3BP+500+plummeting+more+than+60%25&amp;volume=&amp;issue=&amp;date=2024&amp;atitle=A+32-year+market+vet+shares+2+charts+showing+stocks+could+be+entering+a+major+market+peak+-+and+warns+a+coming+recession+will+send+the+S%26amp%3BP+500+plummeting+more+than+60%25&amp;spage=&amp;sid=ProQ%3Aabidateline&amp;author=Edwards,,ABI/INFORM Collection
First Solar Is S&P 500's Best Performer in May. A Tech Stock Did the Worst.,,3062704040,Newspapers,"Palumbo, Angela;Dattilo, Emily;Hamilton, Anita",," Copyright 2024 Dow Jones & Company, Inc. All Rights Reserved.", News," May 31, 2024",,,, English, English,, New York,"May 31, 2024",Barron's (Online),2024,,https://esearch.ut.edu/login?url=https://www.proquest.com/newspapers/first-solar-is-s-amp-p-500s-best-performer-may/docview/3062704040/se-2?accountid=14762,https://ut.primo.exlibrisgroup.com/openurl/01UTAMPA_INST/01UTAMPA_INST:SpartanSearch?genre=article&amp;issn=&amp;title=First+Solar+Is+S%26amp%3BP+500%27s+Best+Performer+in+May.+A+Tech+Stock+Did+the+Worst.&amp;volume=&amp;issue=&amp;date=2024&amp;atitle=First+Solar+Is+S%26amp%3BP+500%27s+Best+Performer+in+May.+A+Tech+Stock+Did+the+Worst.&amp;spage=&amp;sid=ProQ%3Aabiglobal&amp;author=Palumbo,,"ABI/INFORM Collection, Research Library"
Rising Bond Yields Weigh On Stocks --- All 11 sectors of S&P 500 close lower; Treasury auction sees weak demand,,3061571386,Newspapers,"Ostroff, Caitlin",," Copyright 2024 Dow Jones & Company, Inc. All Rights Reserved.", News," May 30, 2024",,0099-9660,, English, English,," New York, N.Y.","May 30, 2024",Wall Street Journal,2024,,https://esearch.ut.edu/login?url=https://www.proquest.com/newspapers/rising-bond-yields-weigh-on-stocks-all-11-sectors/docview/3061571386/se-2?accountid=14762,https://ut.primo.exlibrisgroup.com/openurl/01UTAMPA_INST/01UTAMPA_INST:SpartanSearch?genre=article&amp;issn=00999660&amp;title=Rising+Bond+Yields+Weigh+On+Stocks+---+All+11+sectors+of+S%26amp%3BP+500+close+lower%3B+Treasury+auction+sees+weak+demand&amp;volume=&amp;issue=&amp;date=2024&amp;atitle=Rising+Bond+Yields+Weigh+On+Stocks+---+All+11+sectors+of+S%26amp%3BP+500+close+lower%3B+Treasury+auction+sees+weak+demand&amp;spage=B.1&amp;sid=ProQ%3Aabiglobal&amp;author=Ostroff,,ABI/INFORM Collection
Bulls Are Banking on S&P 500 Earnings Growth. There's a Problem.,,3061543250,Newspapers,"Vanjani, Karishma",," Copyright 2024 Dow Jones & Company, Inc. All Rights Reserved.", News," May 30, 2024",,,, English, English,, New York,"May 30, 2024",Barron's (Online),2024,,https://esearch.ut.edu/login?url=https://www.proquest.com/newspapers/bulls-are-banking-on-s-amp-p-500-earnings-growth/docview/3061543250/se-2?accountid=14762,https://ut.primo.exlibrisgroup.com/openurl/01UTAMPA_INST/01UTAMPA_INST:SpartanSearch?genre=article&amp;issn=&amp;title=Bulls+Are+Banking+on+S%26amp%3BP+500+Earnings+Growth.+There%27s+a+Problem.&amp;volume=&amp;issue=&amp;date=2024&amp;atitle=Bulls+Are+Banking+on+S%26amp%3BP+500+Earnings+Growth.+There%27s+a+Problem.&amp;spage=&amp;sid=ProQ%3Aabiglobal&amp;author=Vanjani,,"ABI/INFORM Collection, Research Library"
"The S&P 500 could plunge as much as 70% this cycle as markets hit a 'motherlode' of FOMO extremes, famed fund manager says",,3061284058,Newspapers,"De Mott, Filip",," Copyright Insider, Inc. May 29, 2024", News," May 29, 2024"," mi-exclusive , bear-market , investor-fomo , hussman-strategic-advisors , john-hussman , stock-market-crash",,, English, English,, New York,"May 29, 2024",Business Insider,2024,,https://esearch.ut.edu/login?url=https://www.proquest.com/newspapers/s-amp-p-500-could-plunge-as-much-70-this-cycle/docview/3061284058/se-2?accountid=14762,https://ut.primo.exlibrisgroup.com/openurl/01UTAMPA_INST/01UTAMPA_INST:SpartanSearch?genre=article&amp;issn=&amp;title=The+S%26amp%3BP+500+could+plunge+as+much+as+70%25+this+cycle+as+markets+hit+a+%27motherlode%27+of+FOMO+extremes%2C+famed+fund+manager+says&amp;volume=&amp;issue=&amp;date=2024&amp;atitle=The+S%26amp%3BP+500+could+plunge+as+much+as+70%25+this+cycle+as+markets+hit+a+%27motherlode%27+of+FOMO+extremes%2C+famed+fund+manager+says&amp;spage=&amp;sid=ProQ%3Aabidateline&amp;author=De+Mott,,ABI/INFORM Collection
"The S&P 500 will climb another 6% by year-end as recession risk subsides, UBS says",,3060808738,Newspapers,"De Mott, Filip", UBS AG," Copyright Insider, Inc. May 28, 2024", News," May 28, 2024"," mi-exclusive , s-p-prediction , s-p-record , bull-run , earnings-growth-2024 , recession-risks , ubs",,, English, English,, New York,"May 28, 2024",Business Insider,2024,,https://esearch.ut.edu/login?url=https://www.proquest.com/newspapers/s-amp-p-500-will-climb-another-6-year-end-as/docview/3060808738/se-2?accountid=14762,https://ut.primo.exlibrisgroup.com/openurl/01UTAMPA_INST/01UTAMPA_INST:SpartanSearch?genre=article&amp;issn=&amp;title=The+S%26amp%3BP+500+will+climb+another+6%25+by+year-end+as+recession+risk+subsides%2C+UBS+says&amp;volume=&amp;issue=&amp;date=2024&amp;atitle=The+S%26amp%3BP+500+will+climb+another+6%25+by+year-end+as+recession+risk+subsides%2C+UBS+says&amp;spage=&amp;sid=ProQ%3Aabidateline&amp;author=De+Mott,,ABI/INFORM Collection
A hedge fund manager beating the S&P 500 through April warns stocks could 'easily' drop 20-30% as inflation and interest rates stay elevated - and shares 5 economically resilient picks he's betting on,,3059853907,Newspapers,"Edwards, William"," Dollar General Corp , Chemed Corp"," Copyright Insider, Inc. May 25, 2024", News," May 25, 2024"," bi-prime , investing , stock-market-crash , stock-market-bubble , recession , recession-outlook , lukasz-tomicki , lrt-capital-management",,, English, English,, New York,"May 25, 2024",Business Insider,2024,,https://esearch.ut.edu/login?url=https://www.proquest.com/newspapers/hedge-fund-manager-beating-s-amp-p-500-through/docview/3059853907/se-2?accountid=14762,https://ut.primo.exlibrisgroup.com/openurl/01UTAMPA_INST/01UTAMPA_INST:SpartanSearch?genre=article&amp;issn=&amp;title=A+hedge+fund+manager+beating+the+S%26amp%3BP+500+through+April+warns+stocks+could+%27easily%27+drop+20-30%25+as+inflation+and+interest+rates+stay+elevated+-+and+shares+5+economically+resilient+picks+he%27s+betting+on&amp;volume=&amp;issue=&amp;date=2024&amp;atitle=A+hedge+fund+manager+beating+the+S%26amp%3BP+500+through+April+warns+stocks+could+%27easily%27+drop+20-30%25+as+inflation+and+interest+rates+stay+elevated+-+and+shares+5+economically+resilient+picks+he%27s+betting+on&amp;spage=&amp;sid=ProQ%3Aabidateline&amp;author=Edwards,,ABI/INFORM Collection
"EXCHANGE --- Friday's Markets: S&P 500, Nasdaq Notch Weekly Gains --- Dow snaps winning streak as several of its components had a tough week",,3059711935,Newspapers,"Langley, Karen",," Copyright 2024 Dow Jones & Company, Inc. All Rights Reserved.", News," May 25, 2024",,0099-9660,, English, English,," New York, N.Y.","May 25, 2024",Wall Street Journal,2024,,https://esearch.ut.edu/login?url=https://www.proquest.com/newspapers/exchange-fridays-markets-s-amp-p-500-nasdaq-notch/docview/3059711935/se-2?accountid=14762,https://ut.primo.exlibrisgroup.com/openurl/01UTAMPA_INST/01UTAMPA_INST:SpartanSearch?genre=article&amp;issn=00999660&amp;title=EXCHANGE+---+Friday%27s+Markets%3A+S%26amp%3BP+500%2C+Nasdaq+Notch+Weekly+Gains+---+Dow+snaps+winning+streak+as+several+of+its+components+had+a+tough+week&amp;volume=&amp;issue=&amp;date=2024&amp;atitle=EXCHANGE+---+Friday%27s+Markets%3A+S%26amp%3BP+500%2C+Nasdaq+Notch+Weekly+Gains+---+Dow+snaps+winning+streak+as+several+of+its+components+had+a+tough+week&amp;spage=B.11&amp;sid=ProQ%3Aabiglobal&amp;author=Langley,,ABI/INFORM Collection
TurboTax's Intuit Is the S&P 500's Worst Performer Friday. Analysts Still Like the Stock.,,3059434072,Newspapers,"Palumbo, Angela",," Copyright 2024 Dow Jones & Company, Inc. All Rights Reserved.", News," May 24, 2024",,,, English, English,, New York,"May 24, 2024",Barron's (Online),2024,,https://esearch.ut.edu/login?url=https://www.proquest.com/newspapers/turbotaxs-intuit-is-s-amp-p-500s-worst-performer/docview/3059434072/se-2?accountid=14762,https://ut.primo.exlibrisgroup.com/openurl/01UTAMPA_INST/01UTAMPA_INST:SpartanSearch?genre=article&amp;issn=&amp;title=TurboTax%27s+Intuit+Is+the+S%26amp%3BP+500%27s+Worst+Performer+Friday.+Analysts+Still+Like+the+Stock.&amp;volume=&amp;issue=&amp;date=2024&amp;atitle=TurboTax%27s+Intuit+Is+the+S%26amp%3BP+500%27s+Worst+Performer+Friday.+Analysts+Still+Like+the+Stock.&amp;spage=&amp;sid=ProQ%3Aabiglobal&amp;author=Palumbo,,"ABI/INFORM Collection, Research Library"
"Workday Is the Worst Performer in the S&P 500. Guidance Was So Downbeat, Even Salesforce Stock Is Dropping.",,3059405936,Newspapers,"Dattilo, Emily",," Copyright 2024 Dow Jones & Company, Inc. All Rights Reserved.", News," May 24, 2024",,,, English, English,, New York,"May 24, 2024",Barron's (Online),2024,,https://esearch.ut.edu/login?url=https://www.proquest.com/newspapers/workday-is-worst-performer-s-amp-p-500-guidance/docview/3059405936/se-2?accountid=14762,https://ut.primo.exlibrisgroup.com/openurl/01UTAMPA_INST/01UTAMPA_INST:SpartanSearch?genre=article&amp;issn=&amp;title=Workday+Is+the+Worst+Performer+in+the+S%26amp%3BP+500.+Guidance+Was+So+Downbeat%2C+Even+Salesforce+Stock+Is+Dropping.&amp;volume=&amp;issue=&amp;date=2024&amp;atitle=Workday+Is+the+Worst+Performer+in+the+S%26amp%3BP+500.+Guidance+Was+So+Downbeat%2C+Even+Salesforce+Stock+Is+Dropping.&amp;spage=&amp;sid=ProQ%3Aabiglobal&amp;author=Dattilo,,"ABI/INFORM Collection, Research Library"
"S&P 500, Nasdaq Reach Records, Fueling May Rally",,3057579659,Newspapers,"Grant, Charley", NVidia Corp," Copyright 2024 Dow Jones & Company, Inc. All Rights Reserved.", News," May 22, 2024",,0099-9660,, English, English,," New York, N.Y.","May 22, 2024",Wall Street Journal,2024,,https://esearch.ut.edu/login?url=https://www.proquest.com/newspapers/s-amp-p-500-nasdaq-reach-records-fueling-may/docview/3057579659/se-2?accountid=14762,https://ut.primo.exlibrisgroup.com/openurl/01UTAMPA_INST/01UTAMPA_INST:SpartanSearch?genre=article&amp;issn=00999660&amp;title=S%26amp%3BP+500%2C+Nasdaq+Reach+Records%2C+Fueling+May+Rally&amp;volume=&amp;issue=&amp;date=2024&amp;atitle=S%26amp%3BP+500%2C+Nasdaq+Reach+Records%2C+Fueling+May+Rally&amp;spage=B.12&amp;sid=ProQ%3Aabiglobal&amp;author=Grant,,ABI/INFORM Collection
Stock market today: S&P 500 edges higher to new record as traders brace for Nvidia earnings,,3057331975,Newspapers,"De Mott, Filip", NVidia Corp," Copyright Insider, Inc. May 21, 2024", News," May 21, 2024"," mi-exclusive , daily-market-wrap , nvidia-earnings , stock-rally , stock-market-record , fed-rate-cuts , fedspeak",,, English, English,, New York,"May 21, 2024",Business Insider,2024,,https://esearch.ut.edu/login?url=https://www.proquest.com/newspapers/stock-market-today-s-amp-p-500-edges-higher-new/docview/3057331975/se-2?accountid=14762,https://ut.primo.exlibrisgroup.com/openurl/01UTAMPA_INST/01UTAMPA_INST:SpartanSearch?genre=article&amp;issn=&amp;title=Stock+market+today%3A+S%26amp%3BP+500+edges+higher+to+new+record+as+traders+brace+for+Nvidia+earnings&amp;volume=&amp;issue=&amp;date=2024&amp;atitle=Stock+market+today%3A+S%26amp%3BP+500+edges+higher+to+new+record+as+traders+brace+for+Nvidia+earnings&amp;spage=&amp;sid=ProQ%3Aabidateline&amp;author=De+Mott,,ABI/INFORM Collection
Keysight Technologies Is the S&P 500's Worst Performer. It Isn't Because of Earnings.,,3057179586,Newspapers,"Dattilo, Emily",," Copyright 2024 Dow Jones & Company, Inc. All Rights Reserved.", News," May 21, 2024",,,, English, English,, New York,"May 21, 2024",Barron's (Online),2024,,https://esearch.ut.edu/login?url=https://www.proquest.com/newspapers/keysight-technologies-is-s-amp-p-500s-worst/docview/3057179586/se-2?accountid=14762,https://ut.primo.exlibrisgroup.com/openurl/01UTAMPA_INST/01UTAMPA_INST:SpartanSearch?genre=article&amp;issn=&amp;title=Keysight+Technologies+Is+the+S%26amp%3BP+500%27s+Worst+Performer.+It+Isn%27t+Because+of+Earnings.&amp;volume=&amp;issue=&amp;date=2024&amp;atitle=Keysight+Technologies+Is+the+S%26amp%3BP+500%27s+Worst+Performer.+It+Isn%27t+Because+of+Earnings.&amp;spage=&amp;sid=ProQ%3Aabiglobal&amp;author=Dattilo,,"ABI/INFORM Collection, Research Library"
Technology-Stock Investors Drive Up Nasdaq to Record --- S&P 500 edges higher but ends just short of new high; Dow finishes lower,,3057001805,Newspapers,"Dezember, Ryan",," Copyright 2024 Dow Jones & Company, Inc. All Rights Reserved.", News," May 21, 2024",,0099-9660,, English, English,," New York, N.Y.","May 21, 2024",Wall Street Journal,2024,,https://esearch.ut.edu/login?url=https://www.proquest.com/newspapers/technology-stock-investors-drive-up-nasdaq-record/docview/3057001805/se-2?accountid=14762,https://ut.primo.exlibrisgroup.com/openurl/01UTAMPA_INST/01UTAMPA_INST:SpartanSearch?genre=article&amp;issn=00999660&amp;title=Technology-Stock+Investors+Drive+Up+Nasdaq+to+Record+---+S%26amp%3BP+500+edges+higher+but+ends+just+short+of+new+high%3B+Dow+finishes+lower&amp;volume=&amp;issue=&amp;date=2024&amp;atitle=Technology-Stock+Investors+Drive+Up+Nasdaq+to+Record+---+S%26amp%3BP+500+edges+higher+but+ends+just+short+of+new+high%3B+Dow+finishes+lower&amp;spage=B.11&amp;sid=ProQ%3Aabiglobal&amp;author=Dezember,,ABI/INFORM Collection
"A top Wall Street bear has turned bullish on stocks, boosting his S&P 500 price target by 20%",,3056757344,Newspapers,"Fox, Matthew", Morgan Stanley," Copyright Insider, Inc. May 20, 2024", News," May 20, 2024"," mi-exclusive , stock-market-outlook , stock-market-analysis , stock-market , sp-500 , analyst-note , markets",,, English, English,, New York,"May 20, 2024",Business Insider,2024,,https://esearch.ut.edu/login?url=https://www.proquest.com/newspapers/top-wall-street-bear-has-turned-bullish-on-stocks/docview/3056757344/se-2?accountid=14762,https://ut.primo.exlibrisgroup.com/openurl/01UTAMPA_INST/01UTAMPA_INST:SpartanSearch?genre=article&amp;issn=&amp;title=A+top+Wall+Street+bear+has+turned+bullish+on+stocks%2C+boosting+his+S%26amp%3BP+500+price+target+by+20%25&amp;volume=&amp;issue=&amp;date=2024&amp;atitle=A+top+Wall+Street+bear+has+turned+bullish+on+stocks%2C+boosting+his+S%26amp%3BP+500+price+target+by+20%25&amp;spage=&amp;sid=ProQ%3Aabidateline&amp;author=Fox,,ABI/INFORM Collection
Norwegian Cruise Line Is S&P 500's Top Performer. It Lifted Guidance Twice This Month.,,3056691027,Newspapers,"Dattilo, Emily",," Copyright 2024 Dow Jones & Company, Inc. All Rights Reserved.", News," May 20, 2024",,,, English, English,, New York,"May 20, 2024",Barron's (Online),2024,,https://esearch.ut.edu/login?url=https://www.proquest.com/newspapers/norwegian-cruise-line-is-s-amp-p-500s-top/docview/3056691027/se-2?accountid=14762,https://ut.primo.exlibrisgroup.com/openurl/01UTAMPA_INST/01UTAMPA_INST:SpartanSearch?genre=article&amp;issn=&amp;title=Norwegian+Cruise+Line+Is+S%26amp%3BP+500%27s+Top+Performer.+It+Lifted+Guidance+Twice+This+Month.&amp;volume=&amp;issue=&amp;date=2024&amp;atitle=Norwegian+Cruise+Line+Is+S%26amp%3BP+500%27s+Top+Performer.+It+Lifted+Guidance+Twice+This+Month.&amp;spage=&amp;sid=ProQ%3Aabiglobal&amp;author=Dattilo,,"ABI/INFORM Collection, Research Library"
The Stock Market Celebrated Inflation Too Soon. Why an Exhausted S&P 500 Is Set to Drop.,,3055931449,Newspapers,"Sonenshine, Jacob",," Copyright 2024 Dow Jones & Company, Inc. All Rights Reserved.", News," May 17, 2024",,,, English, English,, New York,"May 17, 2024",Barron's (Online),2024,,https://esearch.ut.edu/login?url=https://www.proquest.com/newspapers/stock-market-celebrated-inflation-too-soon-why/docview/3055931449/se-2?accountid=14762,https://ut.primo.exlibrisgroup.com/openurl/01UTAMPA_INST/01UTAMPA_INST:SpartanSearch?genre=article&amp;issn=&amp;title=The+Stock+Market+Celebrated+Inflation+Too+Soon.+Why+an+Exhausted+S%26amp%3BP+500+Is+Set+to+Drop.&amp;volume=&amp;issue=&amp;date=2024&amp;atitle=The+Stock+Market+Celebrated+Inflation+Too+Soon.+Why+an+Exhausted+S%26amp%3BP+500+Is+Set+to+Drop.&amp;spage=&amp;sid=ProQ%3Aabiglobal&amp;author=Sonenshine,,"ABI/INFORM Collection, Research Library"
Emerging Market Stocks Are Breaking Out. They Could Beat the S&P 500 From Here.,,3055505467,Newspapers,"Sonenshine, Jacob",," Copyright 2024 Dow Jones & Company, Inc. All Rights Reserved.", News," May 16, 2024",,,, English, English,, New York,"May 16, 2024",Barron's (Online),2024,,https://esearch.ut.edu/login?url=https://www.proquest.com/newspapers/emerging-market-stocks-are-breaking-out-they/docview/3055505467/se-2?accountid=14762,https://ut.primo.exlibrisgroup.com/openurl/01UTAMPA_INST/01UTAMPA_INST:SpartanSearch?genre=article&amp;issn=&amp;title=Emerging+Market+Stocks+Are+Breaking+Out.+They+Could+Beat+the+S%26amp%3BP+500+From+Here.&amp;volume=&amp;issue=&amp;date=2024&amp;atitle=Emerging+Market+Stocks+Are+Breaking+Out.+They+Could+Beat+the+S%26amp%3BP+500+From+Here.&amp;spage=&amp;sid=ProQ%3Aabiglobal&amp;author=Sonenshine,,"ABI/INFORM Collection, Research Library"
Bitcoin Gains as Inflation Cheer Sends S&P 500 to Record Highs. Technical Signs Flash Green.,,3055384293,Newspapers,"Denton, Jack",," Copyright 2024 Dow Jones & Company, Inc. All Rights Reserved.", News," May 16, 2024",,,, English, English,, New York,"May 16, 2024",Barron's (Online),2024,,https://esearch.ut.edu/login?url=https://www.proquest.com/newspapers/bitcoin-gains-as-inflation-cheer-sends-s-amp-p/docview/3055384293/se-2?accountid=14762,https://ut.primo.exlibrisgroup.com/openurl/01UTAMPA_INST/01UTAMPA_INST:SpartanSearch?genre=article&amp;issn=&amp;title=Bitcoin+Gains+as+Inflation+Cheer+Sends+S%26amp%3BP+500+to+Record+Highs.+Technical+Signs+Flash+Green.&amp;volume=&amp;issue=&amp;date=2024&amp;atitle=Bitcoin+Gains+as+Inflation+Cheer+Sends+S%26amp%3BP+500+to+Record+Highs.+Technical+Signs+Flash+Green.&amp;spage=&amp;sid=ProQ%3Aabiglobal&amp;author=Denton,,"ABI/INFORM Collection, Research Library"
Stock market today: S&P 500 closes at a record high as stocks rise on cooler April inflation,,3055144583,Newspapers,"Sor, Jennifer",," Copyright Insider, Inc. May 15, 2024", News," May 15, 2024"," mi-exclusive , stock-market-news-today , daily-market-wrap , inflation , sp-500 , s-p-500-record-high , inflation-report , stock-market-rally , us-inflation-outlook , cpi , fed-rate-cuts , fed-rate-cuts-outlook , recession-outlook",,, English, English,, New York,"May 15, 2024",Business Insider,2024,,https://esearch.ut.edu/login?url=https://www.proquest.com/newspapers/stock-market-today-s-amp-p-500-closes-at-record/docview/3055144583/se-2?accountid=14762,https://ut.primo.exlibrisgroup.com/openurl/01UTAMPA_INST/01UTAMPA_INST:SpartanSearch?genre=article&amp;issn=&amp;title=Stock+market+today%3A+S%26amp%3BP+500+closes+at+a+record+high+as+stocks+rise+on+cooler+April+inflation&amp;volume=&amp;issue=&amp;date=2024&amp;atitle=Stock+market+today%3A+S%26amp%3BP+500+closes+at+a+record+high+as+stocks+rise+on+cooler+April+inflation&amp;spage=&amp;sid=ProQ%3Aabidateline&amp;author=Sor,,ABI/INFORM Collection
A stock trader who consistently beats the S&P 500 and returned 118% in his best year shares how he's investing his money in 2024 - and what ETF he would add to his portfolio if he was a 'set and forget' investor,,3055053001,Newspapers,"Elkins, Kathleen",," Copyright Insider, Inc. May 15, 2024", News," May 15, 2024"," bi-prime , investing , stock-market-investing , active-investing , etfs , small-caps , small-cap-investing , investment-strategy",,, English, English,, New York,"May 15, 2024",Business Insider,2024,,https://esearch.ut.edu/login?url=https://www.proquest.com/newspapers/stock-trader-who-consistently-beats-s-amp-p-500/docview/3055053001/se-2?accountid=14762,https://ut.primo.exlibrisgroup.com/openurl/01UTAMPA_INST/01UTAMPA_INST:SpartanSearch?genre=article&amp;issn=&amp;title=A+stock+trader+who+consistently+beats+the+S%26amp%3BP+500+and+returned+118%25+in+his+best+year+shares+how+he%27s+investing+his+money+in+2024+-+and+what+ETF+he+would+add+to+his+portfolio+if+he+was+a+%27set+and+forget%27+investor&amp;volume=&amp;issue=&amp;date=2024&amp;atitle=A+stock+trader+who+consistently+beats+the+S%26amp%3BP+500+and+returned+118%25+in+his+best+year+shares+how+he%27s+investing+his+money+in+2024+-+and+what+ETF+he+would+add+to+his+portfolio+if+he+was+a+%27set+and+forget%27+investor&amp;spage=&amp;sid=ProQ%3Aabidateline&amp;author=Elkins,,ABI/INFORM Collection
"Nasdaq Hits Record, S&P 500 Closes In --- A surprisingly strong report on consumer prices could damp rally",,3054698220,Newspapers,"Pitcher, Jack"," Wall Street Journal , GameStop Corp"," Copyright 2024 Dow Jones & Company, Inc. All Rights Reserved.", News," May 15, 2024",,0099-9660,, English, English,," New York, N.Y.","May 15, 2024",Wall Street Journal,2024,,https://esearch.ut.edu/login?url=https://www.proquest.com/newspapers/nasdaq-hits-record-s-amp-p-500-closes/docview/3054698220/se-2?accountid=14762,https://ut.primo.exlibrisgroup.com/openurl/01UTAMPA_INST/01UTAMPA_INST:SpartanSearch?genre=article&amp;issn=00999660&amp;title=Nasdaq+Hits+Record%2C+S%26amp%3BP+500+Closes+In+---+A+surprisingly+strong+report+on+consumer+prices+could+damp+rally&amp;volume=&amp;issue=&amp;date=2024&amp;atitle=Nasdaq+Hits+Record%2C+S%26amp%3BP+500+Closes+In+---+A+surprisingly+strong+report+on+consumer+prices+could+damp+rally&amp;spage=B.11&amp;sid=ProQ%3Aabiglobal&amp;author=Pitcher,,ABI/INFORM Collection
The S&P 500 just flashed a bullish signal that suggests the stock market will hit record highs this summer,,3054475105,Newspapers,"Fox, Matthew"," Bank of America Corp , New York Stock Exchange--NYSE"," Copyright Insider, Inc. May 14, 2024", News," May 14, 2024"," mi-exclusive , stock-market-outlook , stock-market-analysis , stock-market , sp-500 , technical-analysis",,, English, English,, New York,"May 14, 2024",Business Insider,2024,,https://esearch.ut.edu/login?url=https://www.proquest.com/newspapers/s-amp-p-500-just-flashed-bullish-signal-that/docview/3054475105/se-2?accountid=14762,https://ut.primo.exlibrisgroup.com/openurl/01UTAMPA_INST/01UTAMPA_INST:SpartanSearch?genre=article&amp;issn=&amp;title=The+S%26amp%3BP+500+just+flashed+a+bullish+signal+that+suggests+the+stock+market+will+hit+record+highs+this+summer&amp;volume=&amp;issue=&amp;date=2024&amp;atitle=The+S%26amp%3BP+500+just+flashed+a+bullish+signal+that+suggests+the+stock+market+will+hit+record+highs+this+summer&amp;spage=&amp;sid=ProQ%3Aabidateline&amp;author=Fox,,ABI/INFORM Collection
"4 reasons why the S&P 500 has another 5% upside this year, UBS says",,3054475102,Newspapers,"De Mott, Filip", UBS AG," Copyright Insider, Inc. May 14, 2024", News," May 14, 2024"," mi-exclusive , s-p500 , stock-rally , ubs-research , goldilocks-scenario , ai-investments",,, English, English,, New York,"May 14, 2024",Business Insider,2024,,https://esearch.ut.edu/login?url=https://www.proquest.com/newspapers/4-reasons-why-s-amp-p-500-has-another-5-upside/docview/3054475102/se-2?accountid=14762,https://ut.primo.exlibrisgroup.com/openurl/01UTAMPA_INST/01UTAMPA_INST:SpartanSearch?genre=article&amp;issn=&amp;title=4+reasons+why+the+S%26amp%3BP+500+has+another+5%25+upside+this+year%2C+UBS+says&amp;volume=&amp;issue=&amp;date=2024&amp;atitle=4+reasons+why+the+S%26amp%3BP+500+has+another+5%25+upside+this+year%2C+UBS+says&amp;spage=&amp;sid=ProQ%3Aabidateline&amp;author=De+Mott,,ABI/INFORM Collection
The S&P 500 Is Flying High. Why One Strategist Says It Can't Last.,,3054160362,Newspapers,"Rivas, Teresa",," Copyright 2024 Dow Jones & Company, Inc. All Rights Reserved.", News," May 13, 2024",,,, English, English,, New York,"May 13, 2024",Barron's (Online),2024,,https://esearch.ut.edu/login?url=https://www.proquest.com/newspapers/s-amp-p-500-is-flying-high-why-one-strategist/docview/3054160362/se-2?accountid=14762,https://ut.primo.exlibrisgroup.com/openurl/01UTAMPA_INST/01UTAMPA_INST:SpartanSearch?genre=article&amp;issn=&amp;title=The+S%26amp%3BP+500+Is+Flying+High.+Why+One+Strategist+Says+It+Can%27t+Last.&amp;volume=&amp;issue=&amp;date=2024&amp;atitle=The+S%26amp%3BP+500+Is+Flying+High.+Why+One+Strategist+Says+It+Can%27t+Last.&amp;spage=&amp;sid=ProQ%3Aabiglobal&amp;author=Rivas,,"ABI/INFORM Collection, Research Library"
S&P 500 breaks downwards trendline,,3053930535,Newspapers,Chan,, © 2024 Singapore Press Holdings, News," May 13, 2024",,,, English, English,, Singapore,"May 13, 2024",The Business Times,2024,,https://esearch.ut.edu/login?url=https://www.proquest.com/newspapers/s-amp-p-500-breaks-downwards-trendline/docview/3053930535/se-2?accountid=14762,https://ut.primo.exlibrisgroup.com/openurl/01UTAMPA_INST/01UTAMPA_INST:SpartanSearch?genre=article&amp;issn=&amp;title=S%26amp%3BP+500+breaks+downwards+trendline&amp;volume=&amp;issue=&amp;date=2024&amp;atitle=S%26amp%3BP+500+breaks+downwards+trendline&amp;spage=&amp;sid=ProQ%3Aabitrade&amp;author=Chan,,ABI/INFORM Collection
Wall Street rises to pull S&P 500 back within 1% of its record,,3058285725,Newspapers,"Choe, Stan",," Copyright Philadelphia Tribune May 10, 2024", News," May 10, 2024",,0746-956X,, English, English, 9B," Philadelphia, Pa.","May 10, 2024",Philadelphia Tribune,2024,,https://esearch.ut.edu/login?url=https://www.proquest.com/newspapers/wall-street-rises-pull-s-amp-p-500-back-within-1/docview/3058285725/se-2?accountid=14762,https://ut.primo.exlibrisgroup.com/openurl/01UTAMPA_INST/01UTAMPA_INST:SpartanSearch?genre=article&amp;issn=0746956X&amp;title=Wall+Street+rises+to+pull+S%26amp%3BP+500+back+within+1%25+of+its+record&amp;volume=&amp;issue=&amp;date=2024&amp;atitle=Wall+Street+rises+to+pull+S%26amp%3BP+500+back+within+1%25+of+its+record&amp;spage=9B&amp;sid=ProQ%3Aethnicnewswatch&amp;author=Choe,,Ethnic NewsWatch Collection
S&P 500 within 1% of its record,,3055075808,Newspapers,,," Copyright Billings Gazette May 10, 2024", News," May 10, 2024"," finance , the economy , banking , stock exchange",2372-868X,, English, English,," Billings, Mont.","May 10, 2024",The Billings Gazette,2024,,https://esearch.ut.edu/login?url=https://www.proquest.com/newspapers/s-amp-p-500-within-1-record/docview/3055075808/se-2?accountid=14762,https://ut.primo.exlibrisgroup.com/openurl/01UTAMPA_INST/01UTAMPA_INST:SpartanSearch?genre=article&amp;issn=2372868X&amp;title=S%26amp%3BP+500+within+1%25+of+its+record&amp;volume=&amp;issue=&amp;date=2024&amp;atitle=S%26amp%3BP+500+within+1%25+of+its+record&amp;spage=&amp;sid=ProQ%3Aabidateline&amp;author=,,ABI/INFORM Collection
"Gen Digital Is S&P 500's Top Performer After Buyback News, Earnings",,3053159677,Newspapers,"Dattilo, Emily",," Copyright 2024 Dow Jones & Company, Inc. All Rights Reserved.", News," May 10, 2024",,,, English, English,, New York,"May 10, 2024",Barron's (Online),2024,,https://esearch.ut.edu/login?url=https://www.proquest.com/newspapers/gen-digital-is-s-amp-p-500s-top-performer-after/docview/3053159677/se-2?accountid=14762,https://ut.primo.exlibrisgroup.com/openurl/01UTAMPA_INST/01UTAMPA_INST:SpartanSearch?genre=article&amp;issn=&amp;title=Gen+Digital+Is+S%26amp%3BP+500%27s+Top+Performer+After+Buyback+News%2C+Earnings&amp;volume=&amp;issue=&amp;date=2024&amp;atitle=Gen+Digital+Is+S%26amp%3BP+500%27s+Top+Performer+After+Buyback+News%2C+Earnings&amp;spage=&amp;sid=ProQ%3Aabiglobal&amp;author=Dattilo,,"ABI/INFORM Collection, Research Library"
Why the Dow Keeps Outperforming the S&P 500 This Month,,3052755560,Newspapers,"Smith, Connor",," Copyright 2024 Dow Jones & Company, Inc. All Rights Reserved.", News," May 9, 2024",,,, English, English,, New York,"May 9, 2024",Barron's (Online),2024,,https://esearch.ut.edu/login?url=https://www.proquest.com/newspapers/why-dow-keeps-outperforming-s-amp-p-500-this/docview/3052755560/se-2?accountid=14762,https://ut.primo.exlibrisgroup.com/openurl/01UTAMPA_INST/01UTAMPA_INST:SpartanSearch?genre=article&amp;issn=&amp;title=Why+the+Dow+Keeps+Outperforming+the+S%26amp%3BP+500+This+Month&amp;volume=&amp;issue=&amp;date=2024&amp;atitle=Why+the+Dow+Keeps+Outperforming+the+S%26amp%3BP+500+This+Month&amp;spage=&amp;sid=ProQ%3Aabiglobal&amp;author=Smith,,"ABI/INFORM Collection, Research Library"
"Markets & Finance -- Wednesday's Markets: Blue Chips Extend Longest Win Streak of Year to 6 Days --- S&P 500 falls slightly, ending four straight days of gains; Nasdaq drops",,3052360786,Newspapers,Vicky Ge Huang, Shopify Inc," Copyright 2024 Dow Jones & Company, Inc. All Rights Reserved.", News," May 9, 2024",,0099-9660,, English, English,," New York, N.Y.","May 9, 2024",Wall Street Journal,2024,,https://esearch.ut.edu/login?url=https://www.proquest.com/newspapers/markets-amp-finance-wednesdays-blue-chips-extend/docview/3052360786/se-2?accountid=14762,https://ut.primo.exlibrisgroup.com/openurl/01UTAMPA_INST/01UTAMPA_INST:SpartanSearch?genre=article&amp;issn=00999660&amp;title=Markets+%26amp%3B+Finance+--+Wednesday%27s+Markets%3A+Blue+Chips+Extend+Longest+Win+Streak+of+Year+to+6+Days+---+S%26amp%3BP+500+falls+slightly%2C+ending+four+straight+days+of+gains%3B+Nasdaq+drops&amp;volume=&amp;issue=&amp;date=2024&amp;atitle=Markets+%26amp%3B+Finance+--+Wednesday%27s+Markets%3A+Blue+Chips+Extend+Longest+Win+Streak+of+Year+to+6+Days+---+S%26amp%3BP+500+falls+slightly%2C+ending+four+straight+days+of+gains%3B+Nasdaq+drops&amp;spage=B.10&amp;sid=ProQ%3Aabiglobal&amp;author=Vicky+Ge+Huang,,ABI/INFORM Collection
"Nvidia, Tesla, Microsoft Losses Didn't Stop the S&P 500's Winning Streak. Why That's a Big Deal and 5 Other Things to Know Today.",,3051884679,Newspapers,," Rivian Automotive LLC , TikTok Inc , Anheuser-Busch InBev , NVidia Corp"," Copyright 2024 Dow Jones & Company, Inc. All Rights Reserved.", News," May 8, 2024",,,, English, English,, New York,"May 8, 2024",Barron's (Online),2024,,https://esearch.ut.edu/login?url=https://www.proquest.com/newspapers/nvidia-tesla-microsoft-losses-didnt-stop-s-amp-p/docview/3051884679/se-2?accountid=14762,https://ut.primo.exlibrisgroup.com/openurl/01UTAMPA_INST/01UTAMPA_INST:SpartanSearch?genre=article&amp;issn=&amp;title=Nvidia%2C+Tesla%2C+Microsoft+Losses+Didn%27t+Stop+the+S%26amp%3BP+500%27s+Winning+Streak.+Why+That%27s+a+Big+Deal+and+5+Other+Things+to+Know+Today.&amp;volume=&amp;issue=&amp;date=2024&amp;atitle=Nvidia%2C+Tesla%2C+Microsoft+Losses+Didn%27t+Stop+the+S%26amp%3BP+500%27s+Winning+Streak.+Why+That%27s+a+Big+Deal+and+5+Other+Things+to+Know+Today.&amp;spage=&amp;sid=ProQ%3Aabiglobal&amp;author=,,"ABI/INFORM Collection, Research Library"
Builders FirstSource Is Worst S&P 500 Stock Tuesday. Here's Why.,,3051498883,Newspapers,"Palumbo, Angela", Builders FirstSource Inc," Copyright 2024 Dow Jones & Company, Inc. All Rights Reserved.", News," May 7, 2024",,,, English, English,, New York,"May 7, 2024",Barron's (Online),2024,,https://esearch.ut.edu/login?url=https://www.proquest.com/newspapers/builders-firstsource-is-worst-s-amp-p-500-stock/docview/3051498883/se-2?accountid=14762,https://ut.primo.exlibrisgroup.com/openurl/01UTAMPA_INST/01UTAMPA_INST:SpartanSearch?genre=article&amp;issn=&amp;title=Builders+FirstSource+Is+Worst+S%26amp%3BP+500+Stock+Tuesday.+Here%27s+Why.&amp;volume=&amp;issue=&amp;date=2024&amp;atitle=Builders+FirstSource+Is+Worst+S%26amp%3BP+500+Stock+Tuesday.+Here%27s+Why.&amp;spage=&amp;sid=ProQ%3Aabiglobal&amp;author=Palumbo,,"ABI/INFORM Collection, Research Library"
"Vistra to Join S&P 500 Index, Replacing Pioneer Natural Resources",,3050307800,Newspapers,"Bary, Andrew",," Copyright 2024 Dow Jones & Company, Inc. All Rights Reserved.", News," May 3, 2024",,,, English, English,, New York,"May 3, 2024",Barron's (Online),2024,,https://esearch.ut.edu/login?url=https://www.proquest.com/newspapers/vistra-join-s-amp-p-500-index-replacing-pioneer/docview/3050307800/se-2?accountid=14762,https://ut.primo.exlibrisgroup.com/openurl/01UTAMPA_INST/01UTAMPA_INST:SpartanSearch?genre=article&amp;issn=&amp;title=Vistra+to+Join+S%26amp%3BP+500+Index%2C+Replacing+Pioneer+Natural+Resources&amp;volume=&amp;issue=&amp;date=2024&amp;atitle=Vistra+to+Join+S%26amp%3BP+500+Index%2C+Replacing+Pioneer+Natural+Resources&amp;spage=&amp;sid=ProQ%3Aabiglobal&amp;author=Bary,,"ABI/INFORM Collection, Research Library"
Make No Mistake—the Fed Isn't the Market's Friend. The S&P 500 Will Lose Steam.,,3050262051,Newspapers,"Sonenshine, Jacob",," Copyright 2024 Dow Jones & Company, Inc. All Rights Reserved.", News," May 3, 2024",,,, English, English,, New York,"May 3, 2024",Barron's (Online),2024,,https://esearch.ut.edu/login?url=https://www.proquest.com/newspapers/make-no-mistake-fed-isnt-markets-friend-s-amp-p/docview/3050262051/se-2?accountid=14762,https://ut.primo.exlibrisgroup.com/openurl/01UTAMPA_INST/01UTAMPA_INST:SpartanSearch?genre=article&amp;issn=&amp;title=Make+No+Mistake%E2%80%94the+Fed+Isn%27t+the+Market%27s+Friend.+The+S%26amp%3BP+500+Will+Lose+Steam.&amp;volume=&amp;issue=&amp;date=2024&amp;atitle=Make+No+Mistake%26mdash%3Bthe+Fed+Isn%27t+the+Market%27s+Friend.+The+S%26amp%3BP+500+Will+Lose+Steam.&amp;spage=&amp;sid=ProQ%3Aabiglobal&amp;author=Sonenshine,,"ABI/INFORM Collection, Research Library"
Trucking Stock Leads S&P 500 After Blowout Earnings,,3049786211,Newspapers,"Root, Al",," Copyright 2024 Dow Jones & Company, Inc. All Rights Reserved.", News," May 2, 2024",,,, English, English,, New York,"May 2, 2024",Barron's (Online),2024,,https://esearch.ut.edu/login?url=https://www.proquest.com/newspapers/trucking-stock-leads-s-amp-p-500-after-blowout/docview/3049786211/se-2?accountid=14762,https://ut.primo.exlibrisgroup.com/openurl/01UTAMPA_INST/01UTAMPA_INST:SpartanSearch?genre=article&amp;issn=&amp;title=Trucking+Stock+Leads+S%26amp%3BP+500+After+Blowout+Earnings&amp;volume=&amp;issue=&amp;date=2024&amp;atitle=Trucking+Stock+Leads+S%26amp%3BP+500+After+Blowout+Earnings&amp;spage=&amp;sid=ProQ%3Aabiglobal&amp;author=Root,,"ABI/INFORM Collection, Research Library"
"How This Hedge Fund Beats the S&P 500 With 20 or So Quality Stocks; Dev Kantesaria of Valley Forge Capital Management seeks companies with pricing power and operating leverage. Why Fair Isaac, ASML also fit the bill.",,3049773849,Newspapers,"Sonenshine, Jacob"," Moodys Investors Service Inc , Fair Isaac Corp , ASML"," Copyright 2024 Dow Jones & Company, Inc. All Rights Reserved.", News," May 2, 2024",,,, English, English,, New York,"May 2, 2024",Barron's (Online),2024,,https://esearch.ut.edu/login?url=https://www.proquest.com/newspapers/how-this-hedge-fund-beats-s-amp-p-500-with-20-so/docview/3049773849/se-2?accountid=14762,https://ut.primo.exlibrisgroup.com/openurl/01UTAMPA_INST/01UTAMPA_INST:SpartanSearch?genre=article&amp;issn=&amp;title=How+This+Hedge+Fund+Beats+the+S%26amp%3BP+500+With+20+or+So+Quality+Stocks%3B+Dev+Kantesaria+of+Valley+Forge+Capital+Management+seeks+companies+with+pricing+power+and+operating+leverage.+Why+Fair+Isaac%2C+ASML+also+fit+the+bill.&amp;volume=&amp;issue=&amp;date=2024&amp;atitle=How+This+Hedge+Fund+Beats+the+S%26amp%3BP+500+With+20+or+So+Quality+Stocks%3B+Dev+Kantesaria+of+Valley+Forge+Capital+Management+seeks+companies+with+pricing+power+and+operating+leverage.+Why+Fair+Isaac%2C+ASML+also+fit+the+bill.&amp;spage=&amp;sid=ProQ%3Aabiglobal&amp;author=Sonenshine,,"ABI/INFORM Collection, Research Library"
S&P 500 Slips After Fed Meeting --- No major surprises from central bank as indexes show measured moves,,3049593145,Newspapers,"Goldfarb, Sam",," Copyright 2024 Dow Jones & Company, Inc. All Rights Reserved.", News," May 2, 2024",,0099-9660,, English, English,," New York, N.Y.","May 2, 2024",Wall Street Journal,2024,,https://esearch.ut.edu/login?url=https://www.proquest.com/newspapers/s-amp-p-500-slips-after-fed-meeting-no-major/docview/3049593145/se-2?accountid=14762,https://ut.primo.exlibrisgroup.com/openurl/01UTAMPA_INST/01UTAMPA_INST:SpartanSearch?genre=article&amp;issn=00999660&amp;title=S%26amp%3BP+500+Slips+After+Fed+Meeting+---+No+major+surprises+from+central+bank+as+indexes+show+measured+moves&amp;volume=&amp;issue=&amp;date=2024&amp;atitle=S%26amp%3BP+500+Slips+After+Fed+Meeting+---+No+major+surprises+from+central+bank+as+indexes+show+measured+moves&amp;spage=&amp;sid=ProQ%3Aabitrade&amp;author=,,ABI/INFORM Collection
"S&P 500 drops on geopolitical woes, US rate cut delay","The S&amp;P 500 fell 3.25% to 4,967.23 on Apr 19, marking its worst three-week stretch since last Sep and slipping below the psychologically important 5,000 level. This decline was fuelled by concerns over geopolitical unrest and comments from the US Federal Reserve hinting at delayed interest rate cuts. As the index dipped, the gold price sat in near-record territory on Apr 19 at US$2,390.86 per ounce. The Dow Jones Industrial Average ended the week at 37,986.40. The S&amp;P TSX Composite Index closed the week 0.4% lower at 21,807.37. The TSX Global Gold Index edged 0.5% higher to 314.33 on the record metal price.",3052805167,Newspapers,"Lazenby, Henry",, Copyright Glacier Resource Innovation Group May 2024, News, May 2024,,0029-3164,5, English, English,," Toronto, Ont.",May 2024,The Northern Miner,2024,110,https://esearch.ut.edu/login?url=https://www.proquest.com/newspapers/s-amp-p-500-drops-on-geopolitical-woes-us-rate/docview/3052805167/se-2?accountid=14762,,https://XQ8CW3DH8D.search.serialssolutions.com/directLink?&amp;atitle=S%26amp%3BP+500+drops+on+geopolitical+woes%2C+US+rate+cut+delay&amp;author=Lazenby%2C+Henry&amp;issn=00293164&amp;title=The+Northern+Miner&amp;volume=110&amp;issue=5&amp;date=2024-05-01&amp;spage=29&amp;id=doi:&amp;sid=ProQ_ss&amp;genre=article,SciTech Premium Collection
Bio-Techne Is the Best Performing Stock in the S&P 500 Wednesday. Here's Why.,,3049344427,Newspapers,"Palumbo, Angela", Bio-Techne Corp," Copyright 2024 Dow Jones & Company, Inc. All Rights Reserved.", News," May 1, 2024",,,, English, English,, New York,"May 1, 2024",Barron's (Online),2024,,https://esearch.ut.edu/login?url=https://www.proquest.com/newspapers/bio-techne-is-best-performing-stock-s-amp-p-500/docview/3049344427/se-2?accountid=14762,https://ut.primo.exlibrisgroup.com/openurl/01UTAMPA_INST/01UTAMPA_INST:SpartanSearch?genre=article&amp;issn=&amp;title=Bio-Techne+Is+the+Best+Performing+Stock+in+the+S%26amp%3BP+500+Wednesday.+Here%27s+Why.&amp;volume=&amp;issue=&amp;date=2024&amp;atitle=Bio-Techne+Is+the+Best+Performing+Stock+in+the+S%26amp%3BP+500+Wednesday.+Here%27s+Why.&amp;spage=&amp;sid=ProQ%3Aabiglobal&amp;author=Palumbo,,"ABI/INFORM Collection, Research Library"
The S&P 500 Now Has a Chip Stock Problem. Here's Where the Index Is Headed.,,3049289861,Newspapers,"Sonenshine, Jacob",," Copyright 2024 Dow Jones & Company, Inc. All Rights Reserved.", News," May 1, 2024",,,, English, English,, New York,"May 1, 2024",Barron's (Online),2024,,https://esearch.ut.edu/login?url=https://www.proquest.com/newspapers/s-amp-p-500-now-has-chip-stock-problem-heres/docview/3049289861/se-2?accountid=14762,https://ut.primo.exlibrisgroup.com/openurl/01UTAMPA_INST/01UTAMPA_INST:SpartanSearch?genre=article&amp;issn=&amp;title=The+S%26amp%3BP+500+Now+Has+a+Chip+Stock+Problem.+Here%27s+Where+the+Index+Is+Headed.&amp;volume=&amp;issue=&amp;date=2024&amp;atitle=The+S%26amp%3BP+500+Now+Has+a+Chip+Stock+Problem.+Here%27s+Where+the+Index+Is+Headed.&amp;spage=&amp;sid=ProQ%3Aabiglobal&amp;author=Sonenshine,,"ABI/INFORM Collection, Research Library"
GE Aerospace Is the S&P 500's Top-Performing Stock in April. Globe Life Is the Worst.,,3048929542,Newspapers,"Palumbo, Angela;Dattilo, Emily"," GE Aerospace , GE Vernova"," Copyright 2024 Dow Jones & Company, Inc. All Rights Reserved.", News," Apr 30, 2024",,,, English, English,, New York,"Apr 30, 2024",Barron's (Online),2024,,https://esearch.ut.edu/login?url=https://www.proquest.com/newspapers/ge-aerospace-is-s-amp-p-500s-top-performing-stock/docview/3048929542/se-2?accountid=14762,https://ut.primo.exlibrisgroup.com/openurl/01UTAMPA_INST/01UTAMPA_INST:SpartanSearch?genre=article&amp;issn=&amp;title=GE+Aerospace+Is+the+S%26amp%3BP+500%27s+Top-Performing+Stock+in+April.+Globe+Life+Is+the+Worst.&amp;volume=&amp;issue=&amp;date=2024&amp;atitle=GE+Aerospace+Is+the+S%26amp%3BP+500%27s+Top-Performing+Stock+in+April.+Globe+Life+Is+the+Worst.&amp;spage=&amp;sid=ProQ%3Aabiglobal&amp;author=Palumbo,,"ABI/INFORM Collection, Research Library"
What Happens to the S&P 500 if the 10-Year Yield Cracks 5%,,3048028803,Newspapers,"Sonenshine, Jacob",," Copyright 2024 Dow Jones & Company, Inc. All Rights Reserved.", News," Apr 29, 2024",,,, English, English,, New York,"Apr 29, 2024",Barron's (Online),2024,,https://esearch.ut.edu/login?url=https://www.proquest.com/newspapers/what-happens-s-amp-p-500-if-10-year-yield-cracks/docview/3048028803/se-2?accountid=14762,https://ut.primo.exlibrisgroup.com/openurl/01UTAMPA_INST/01UTAMPA_INST:SpartanSearch?genre=article&amp;issn=&amp;title=What+Happens+to+the+S%26amp%3BP+500+if+the+10-Year+Yield+Cracks+5%25&amp;volume=&amp;issue=&amp;date=2024&amp;atitle=What+Happens+to+the+S%26amp%3BP+500+if+the+10-Year+Yield+Cracks+5%25&amp;spage=&amp;sid=ProQ%3Aabiglobal&amp;author=Sonenshine,,"ABI/INFORM Collection, Research Library"
A 32-year market vet warns underlying weakness in the labor market is on the verge of showing up in monthly jobs data - and shares an ominous chart showing why the S&P 500 could be set to fall more than 50%,,3047133113,Newspapers,"Edwards, William",," Copyright Insider, Inc. Apr 27, 2024", News," Apr 27, 2024"," bi-prime , investing , stock-market-crash , jon-wolfenbarger , stock-market-bubble , recession , recession-outlook , labor-market , sp-500 , inverted-yield-curve",,, English, English,, New York,"Apr 27, 2024",Business Insider,2024,,https://esearch.ut.edu/login?url=https://www.proquest.com/newspapers/32-year-market-vet-warns-underlying-weakness/docview/3047133113/se-2?accountid=14762,https://ut.primo.exlibrisgroup.com/openurl/01UTAMPA_INST/01UTAMPA_INST:SpartanSearch?genre=article&amp;issn=&amp;title=A+32-year+market+vet+warns+underlying+weakness+in+the+labor+market+is+on+the+verge+of+showing+up+in+monthly+jobs+data+-+and+shares+an+ominous+chart+showing+why+the+S%26amp%3BP+500+could+be+set+to+fall+more+than+50%25&amp;volume=&amp;issue=&amp;date=2024&amp;atitle=A+32-year+market+vet+warns+underlying+weakness+in+the+labor+market+is+on+the+verge+of+showing+up+in+monthly+jobs+data+-+and+shares+an+ominous+chart+showing+why+the+S%26amp%3BP+500+could+be+set+to+fall+more+than+50%25&amp;spage=&amp;sid=ProQ%3Aabidateline&amp;author=Edwards,,ABI/INFORM Collection
S&P 500[...]: MARKET DATA [ASIA REGION],,3059634399,Newspapers,,," Copyright The Financial Times Limited Apr 25, 2024", News," Apr 25, 2024",,0307-1766,, English, English,, London (UK),"Apr 25, 2024",Financial Times,2024,,https://esearch.ut.edu/login?url=https://www.proquest.com/newspapers/s-amp-p-500/docview/3059634399/se-2?accountid=14762,https://ut.primo.exlibrisgroup.com/openurl/01UTAMPA_INST/01UTAMPA_INST:SpartanSearch?genre=article&amp;issn=03071766&amp;title=S%26amp%3BP+500&amp;volume=&amp;issue=&amp;date=2024&amp;atitle=S%26amp%3BP+500%5B...%5D%3A+MARKET+DATA+%5BASIA+REGION%5D&amp;spage=12&amp;sid=ProQ%3Aabiglobal&amp;author=,,ABI/INFORM Collection
"Why the S&P 500 is poised to gain 3% over the next 20 days, says JPMorgan's trading desk",,3045494591,Newspapers,"Fox, Matthew",," Copyright Insider, Inc. Apr 25, 2024", News," Apr 25, 2024"," mi-exclusive , stock-market-outlook , stock-market-analysis , stock-market , sp-500 , analyst-note , markets",,, English, English,, New York,"Apr 25, 2024",Business Insider,2024,,https://esearch.ut.edu/login?url=https://www.proquest.com/newspapers/why-s-amp-p-500-is-poised-gain-3-over-next-20/docview/3045494591/se-2?accountid=14762,https://ut.primo.exlibrisgroup.com/openurl/01UTAMPA_INST/01UTAMPA_INST:SpartanSearch?genre=article&amp;issn=&amp;title=Why+the+S%26amp%3BP+500+is+poised+to+gain+3%25+over+the+next+20+days%2C+says+JPMorgan%27s+trading+desk&amp;volume=&amp;issue=&amp;date=2024&amp;atitle=Why+the+S%26amp%3BP+500+is+poised+to+gain+3%25+over+the+next+20+days%2C+says+JPMorgan%27s+trading+desk&amp;spage=&amp;sid=ProQ%3Aabidateline&amp;author=Fox,,ABI/INFORM Collection
"S&P 500 is at risk of crashing 44% - and selling early could pay off, says elite forecaster",,3044518951,Newspapers,"Theron, Mohamed",," Copyright Insider, Inc. Apr 24, 2024", News," Apr 24, 2024"," trending-uk , finance , economy , stock-market-bubble , stock-market-crash , stock-market-outlook , sp-500 , nasdaq , dot-com-bubble , dot-com-crash , housing-bubble , great-recession , paul-dietrich , b-riley , buffett-indicator , us-markets-and-economy , recession",,, English, English,, New York,"Apr 24, 2024",Business Insider,2024,,https://esearch.ut.edu/login?url=https://www.proquest.com/newspapers/s-amp-p-500-is-at-risk-crashing-44-selling-early/docview/3044518951/se-2?accountid=14762,https://ut.primo.exlibrisgroup.com/openurl/01UTAMPA_INST/01UTAMPA_INST:SpartanSearch?genre=article&amp;issn=&amp;title=S%26amp%3BP+500+is+at+risk+of+crashing+44%25+-+and+selling+early+could+pay+off%2C+says+elite+forecaster&amp;volume=&amp;issue=&amp;date=2024&amp;atitle=S%26amp%3BP+500+is+at+risk+of+crashing+44%25+-+and+selling+early+could+pay+off%2C+says+elite+forecaster&amp;spage=&amp;sid=ProQ%3Aabidateline&amp;author=Theron,,ABI/INFORM Collection
"Teledyne Stock Is S&P 500's Worst Performer After Weak Earnings, Grim Guidance",,3044458660,Newspapers,"Dattilo, Emily",," Copyright 2024 Dow Jones & Company, Inc. All Rights Reserved.", News," Apr 24, 2024",,,, English, English,, New York,"Apr 24, 2024",Barron's (Online),2024,,https://esearch.ut.edu/login?url=https://www.proquest.com/newspapers/teledyne-stock-is-s-amp-p-500s-worst-performer/docview/3044458660/se-2?accountid=14762,https://ut.primo.exlibrisgroup.com/openurl/01UTAMPA_INST/01UTAMPA_INST:SpartanSearch?genre=article&amp;issn=&amp;title=Teledyne+Stock+Is+S%26amp%3BP+500%27s+Worst+Performer+After+Weak+Earnings%2C+Grim+Guidance&amp;volume=&amp;issue=&amp;date=2024&amp;atitle=Teledyne+Stock+Is+S%26amp%3BP+500%27s+Worst+Performer+After+Weak+Earnings%2C+Grim+Guidance&amp;spage=&amp;sid=ProQ%3Aabiglobal&amp;author=Dattilo,,"ABI/INFORM Collection, Research Library"
MSCI and LKQ Are the S&P 500's Leading Decliners Tuesday. Here's Why.,,3043897702,Newspapers,"Palumbo, Angela",," Copyright 2024 Dow Jones & Company, Inc. All Rights Reserved.", News," Apr 23, 2024",,,, English, English,, New York,"Apr 23, 2024",Barron's (Online),2024,,https://esearch.ut.edu/login?url=https://www.proquest.com/newspapers/msci-lkq-are-s-amp-p-500s-leading-decliners/docview/3043897702/se-2?accountid=14762,https://ut.primo.exlibrisgroup.com/openurl/01UTAMPA_INST/01UTAMPA_INST:SpartanSearch?genre=article&amp;issn=&amp;title=MSCI+and+LKQ+Are+the+S%26amp%3BP+500%27s+Leading+Decliners+Tuesday.+Here%27s+Why.&amp;volume=&amp;issue=&amp;date=2024&amp;atitle=MSCI+and+LKQ+Are+the+S%26amp%3BP+500%27s+Leading+Decliners+Tuesday.+Here%27s+Why.&amp;spage=&amp;sid=ProQ%3Aabiglobal&amp;author=Palumbo,,"ABI/INFORM Collection, Research Library"
"The S&P 500 is defying the equity bears, despite doomsayers: Market Minds",,3042424334,Newspapers,,, Copyright (c) 2024 Fairfax Media Publications Pty Limited. www.afr.com. Not available for re-distribution., News," Apr 22, 2024",,0404-2018,, English, English,, Melbourne,"Apr 22, 2024",The Australian Financial Review,2024,,https://esearch.ut.edu/login?url=https://www.proquest.com/newspapers/s-amp-p-500-is-defying-equity-bears-despite/docview/3042424334/se-2?accountid=14762,https://ut.primo.exlibrisgroup.com/openurl/01UTAMPA_INST/01UTAMPA_INST:SpartanSearch?genre=article&amp;issn=04042018&amp;title=The+S%26amp%3BP+500+is+defying+the+equity+bears%2C+despite+doomsayers&amp;volume=&amp;issue=&amp;date=2024&amp;atitle=The+S%26amp%3BP+500+is+defying+the+equity+bears%2C+despite+doomsayers%3A+Market+Minds&amp;spage=25&amp;sid=ProQ%3Aabidateline&amp;author=,,ABI/INFORM Collection
Stock market today: S&P 500 falls for 6th day in a row amid weakness in mega-cap tech,,3041437131,Newspapers,"Fox, Matthew", NVidia Corp," Copyright Insider, Inc. Apr 19, 2024", News," Apr 19, 2024"," mi-exclusive , stock-market-today , stock-market-news-today , stock-market-news , stock-market , sp-500 , nasdaq-100 , dow-jones-industrial-average",,, English, English,, New York,"Apr 19, 2024",Business Insider,2024,,https://esearch.ut.edu/login?url=https://www.proquest.com/newspapers/stock-market-today-s-amp-p-500-falls-6th-day-row/docview/3041437131/se-2?accountid=14762,https://ut.primo.exlibrisgroup.com/openurl/01UTAMPA_INST/01UTAMPA_INST:SpartanSearch?genre=article&amp;issn=&amp;title=Stock+market+today%3A+S%26amp%3BP+500+falls+for+6th+day+in+a+row+amid+weakness+in+mega-cap+tech&amp;volume=&amp;issue=&amp;date=2024&amp;atitle=Stock+market+today%3A+S%26amp%3BP+500+falls+for+6th+day+in+a+row+amid+weakness+in+mega-cap+tech&amp;spage=&amp;sid=ProQ%3Aabidateline&amp;author=Fox,,ABI/INFORM Collection
The S&P 500 Can't Catch a Bid. Why the Index Can Keep Falling.,,3041362185,Newspapers,"Sonenshine, Jacob",," Copyright 2024 Dow Jones & Company, Inc. All Rights Reserved.", News," Apr 19, 2024",,,, English, English,, New York,"Apr 19, 2024",Barron's (Online),2024,,https://esearch.ut.edu/login?url=https://www.proquest.com/newspapers/s-amp-p-500-cant-catch-bid-why-index-can-keep/docview/3041362185/se-2?accountid=14762,https://ut.primo.exlibrisgroup.com/openurl/01UTAMPA_INST/01UTAMPA_INST:SpartanSearch?genre=article&amp;issn=&amp;title=The+S%26amp%3BP+500+Can%27t+Catch+a+Bid.+Why+the+Index+Can+Keep+Falling.&amp;volume=&amp;issue=&amp;date=2024&amp;atitle=The+S%26amp%3BP+500+Can%27t+Catch+a+Bid.+Why+the+Index+Can+Keep+Falling.&amp;spage=&amp;sid=ProQ%3Aabiglobal&amp;author=Sonenshine,,"ABI/INFORM Collection, Research Library"
Generac Is the Top S&P 500 Stock Lately. Why That Points to a Challenge for the CEO.,,3041362184,Newspapers,"Root, Al", Weather Channel LLC," Copyright 2024 Dow Jones & Company, Inc. All Rights Reserved.", News," Apr 19, 2024",,,, English, English,, New York,"Apr 19, 2024",Barron's (Online),2024,,https://esearch.ut.edu/login?url=https://www.proquest.com/newspapers/generac-is-top-s-amp-p-500-stock-lately-why-that/docview/3041362184/se-2?accountid=14762,https://ut.primo.exlibrisgroup.com/openurl/01UTAMPA_INST/01UTAMPA_INST:SpartanSearch?genre=article&amp;issn=&amp;title=Generac+Is+the+Top+S%26amp%3BP+500+Stock+Lately.+Why+That+Points+to+a+Challenge+for+the+CEO.&amp;volume=&amp;issue=&amp;date=2024&amp;atitle=Generac+Is+the+Top+S%26amp%3BP+500+Stock+Lately.+Why+That+Points+to+a+Challenge+for+the+CEO.&amp;spage=&amp;sid=ProQ%3Aabiglobal&amp;author=Root,,"ABI/INFORM Collection, Research Library"
Las Vegas Sands Is Worst Performer in S&P 500 After Earnings Beat. Here's Why.,,3040606779,Newspapers,"Dattilo, Emily", Las Vegas Sands Inc," Copyright 2024 Dow Jones & Company, Inc. All Rights Reserved.", News," Apr 18, 2024",,,, English, English,, New York,"Apr 18, 2024",Barron's (Online),2024,,https://esearch.ut.edu/login?url=https://www.proquest.com/newspapers/las-vegas-sands-is-worst-performer-s-amp-p-500/docview/3040606779/se-2?accountid=14762,https://ut.primo.exlibrisgroup.com/openurl/01UTAMPA_INST/01UTAMPA_INST:SpartanSearch?genre=article&amp;issn=&amp;title=Las+Vegas+Sands+Is+Worst+Performer+in+S%26amp%3BP+500+After+Earnings+Beat.+Here%27s+Why.&amp;volume=&amp;issue=&amp;date=2024&amp;atitle=Las+Vegas+Sands+Is+Worst+Performer+in+S%26amp%3BP+500+After+Earnings+Beat.+Here%27s+Why.&amp;spage=&amp;sid=ProQ%3Aabiglobal&amp;author=Dattilo,,"ABI/INFORM Collection, Research Library"
Stock market today: S&P 500 hits 4-day losing streak as tech stocks weigh down market,,3039986831,Newspapers,"Sor, Jennifer",," Copyright Insider, Inc. Apr 17, 2024", News," Apr 17, 2024"," mi-exclusive , stock-market-today , daily-market-wrap , fed-rate-cuts , fed-rate-cuts-outlook , fed-comments , powell , fed-policy , monetary-policy , interest-rates , inflation , us-inflation-outlook , fed-inflation",,, English, English,, New York,"Apr 17, 2024",Business Insider,2024,,https://esearch.ut.edu/login?url=https://www.proquest.com/newspapers/stock-market-today-s-amp-p-500-hits-4-day-losing/docview/3039986831/se-2?accountid=14762,https://ut.primo.exlibrisgroup.com/openurl/01UTAMPA_INST/01UTAMPA_INST:SpartanSearch?genre=article&amp;issn=&amp;title=Stock+market+today%3A+S%26amp%3BP+500+hits+4-day+losing+streak+as+tech+stocks+weigh+down+market&amp;volume=&amp;issue=&amp;date=2024&amp;atitle=Stock+market+today%3A+S%26amp%3BP+500+hits+4-day+losing+streak+as+tech+stocks+weigh+down+market&amp;spage=&amp;sid=ProQ%3Aabidateline&amp;author=Sor,,ABI/INFORM Collection
"'Volatility could explode': The S&P 500 is ripe for a correction as tensions in the Middle East flare and inflation sticks, experts warn. Here's what to do with your money.",,3039938118,Newspapers,"Edwards, William"," UBS AG , Hamas"," Copyright Insider, Inc. Apr 17, 2024", News," Apr 17, 2024"," bi-prime , investing , stock-market-correction , stock-market-outlook , ubs , sevens-report-research , investing-advice , investing-recommendations , stock-market-advice",,, English, English,, New York,"Apr 17, 2024",Business Insider,2024,,https://esearch.ut.edu/login?url=https://www.proquest.com/newspapers/volatility-could-explode-s-amp-p-500-is-ripe/docview/3039938118/se-2?accountid=14762,https://ut.primo.exlibrisgroup.com/openurl/01UTAMPA_INST/01UTAMPA_INST:SpartanSearch?genre=article&amp;issn=&amp;title=%27Volatility+could+explode%27%3A+The+S%26amp%3BP+500+is+ripe+for+a+correction+as+tensions+in+the+Middle+East+flare+and+inflation+sticks%2C+experts+warn.+Here%27s+what+to+do+with+your+money.&amp;volume=&amp;issue=&amp;date=2024&amp;atitle=%27Volatility+could+explode%27%3A+The+S%26amp%3BP+500+is+ripe+for+a+correction+as+tensions+in+the+Middle+East+flare+and+inflation+sticks%2C+experts+warn.+Here%27s+what+to+do+with+your+money.&amp;spage=&amp;sid=ProQ%3Aabidateline&amp;author=Edwards,,ABI/INFORM Collection
"Brace for the S&P 500 to crash 30% before an even bigger collapse after the election, markets guru David Brady warns",,3039180043,Newspapers,"Theron, Mohamed",," Copyright Insider, Inc. Apr 16, 2024", News," Apr 16, 2024"," trending-uk , finance , stocks , stock-market-outlook , sp-500 , inflation , recession , interest-rates , federal-reserve , us-markets-and-economy , stock-market-bubble , stock-market-crash , david-brady , the-fipest-report , election-2024",,, English, English,, New York,"Apr 16, 2024",Business Insider,2024,,https://esearch.ut.edu/login?url=https://www.proquest.com/newspapers/brace-s-amp-p-500-crash-30-before-even-bigger/docview/3039180043/se-2?accountid=14762,https://ut.primo.exlibrisgroup.com/openurl/01UTAMPA_INST/01UTAMPA_INST:SpartanSearch?genre=article&amp;issn=&amp;title=Brace+for+the+S%26amp%3BP+500+to+crash+30%25+before+an+even+bigger+collapse+after+the+election%2C+markets+guru+David+Brady+warns&amp;volume=&amp;issue=&amp;date=2024&amp;atitle=Brace+for+the+S%26amp%3BP+500+to+crash+30%25+before+an+even+bigger+collapse+after+the+election%2C+markets+guru+David+Brady+warns&amp;spage=&amp;sid=ProQ%3Aabidateline&amp;author=Theron,,ABI/INFORM Collection
M&T Bank Had a Tough Quarter. Why the Stock Is Leading the S&P 500 Today.,,3038606859,Newspapers,"Dattilo, Emily", M & T Bank Corp," Copyright 2024 Dow Jones & Company, Inc. All Rights Reserved.", News," Apr 15, 2024",,,, English, English,, New York,"Apr 15, 2024",Barron's (Online),2024,,https://esearch.ut.edu/login?url=https://www.proquest.com/newspapers/m-amp-t-bank-had-tough-quarter-why-stock-is/docview/3038606859/se-2?accountid=14762,https://ut.primo.exlibrisgroup.com/openurl/01UTAMPA_INST/01UTAMPA_INST:SpartanSearch?genre=article&amp;issn=&amp;title=M%26amp%3BT+Bank+Had+a+Tough+Quarter.+Why+the+Stock+Is+Leading+the+S%26amp%3BP+500+Today.&amp;volume=&amp;issue=&amp;date=2024&amp;atitle=M%26amp%3BT+Bank+Had+a+Tough+Quarter.+Why+the+Stock+Is+Leading+the+S%26amp%3BP+500+Today.&amp;spage=&amp;sid=ProQ%3Aabiglobal&amp;author=Dattilo,,"ABI/INFORM Collection, Research Library"
"Wall Street has a new biggest stock bull, who says tech can push the S&P 500 another 7% higher this year even if the economy flags",,3035173051,Newspapers,"De Mott, Filip", Wells Fargo & Co," Copyright Insider, Inc. Apr 10, 2024", News," Apr 10, 2024"," mi-exclusive , s-p-prediction , s-p-500-record , wells-fargo , stock-market , artificial-intellegence , ai-investing , 2024-elections",,, English, English,, New York,"Apr 10, 2024",Business Insider,2024,,https://esearch.ut.edu/login?url=https://www.proquest.com/newspapers/wall-street-has-new-biggest-stock-bull-who-says/docview/3035173051/se-2?accountid=14762,https://ut.primo.exlibrisgroup.com/openurl/01UTAMPA_INST/01UTAMPA_INST:SpartanSearch?genre=article&amp;issn=&amp;title=Wall+Street+has+a+new+biggest+stock+bull%2C+who+says+tech+can+push+the+S%26amp%3BP+500+another+7%25+higher+this+year+even+if+the+economy+flags&amp;volume=&amp;issue=&amp;date=2024&amp;atitle=Wall+Street+has+a+new+biggest+stock+bull%2C+who+says+tech+can+push+the+S%26amp%3BP+500+another+7%25+higher+this+year+even+if+the+economy+flags&amp;spage=&amp;sid=ProQ%3Aabidateline&amp;author=De+Mott,,ABI/INFORM Collection
There are opportunities outside the 'Magnificent 7' stocks in S&P 500: Savita Subramanian [Market-Expert-View],,3034566029,Newspapers,"Vasudevan, Nishanth",," Copyright Bennett, Coleman & Company Limited Apr 9, 2024", News," Apr 9, 2024",,0971-8680,, English, English,, New Delhi,"Apr 9, 2024",The Economic Times,2024,,https://esearch.ut.edu/login?url=https://www.proquest.com/newspapers/there-are-opportunities-outside-magnificent-7/docview/3034566029/se-2?accountid=14762,https://ut.primo.exlibrisgroup.com/openurl/01UTAMPA_INST/01UTAMPA_INST:SpartanSearch?genre=article&amp;issn=09718680&amp;title=There+are+opportunities+outside+the+%27Magnificent+7%27+stocks+in+S%26amp%3BP+500%3A+Savita+Subramanian&amp;volume=&amp;issue=&amp;date=2024&amp;atitle=There+are+opportunities+outside+the+%27Magnificent+7%27+stocks+in+S%26amp%3BP+500%3A+Savita+Subramanian+%5BMarket-Expert-View%5D&amp;spage=&amp;sid=ProQ%3Aabiglobal&amp;author=Vasudevan,,ABI/INFORM Collection
Don't Put All Your Eggs in the Mag 7 Stocks. These Funds Beat the S&P 500. These stock funds offer investors true diversification—and that will pay off in more growth opportunities and better protection.,,3034463693,Newspapers,"Lewis, Braham", NVidia Corp," Copyright 2024 Dow Jones & Company, Inc. All Rights Reserved.", News," Apr 8, 2024",,,, English, English,, New York,"Apr 8, 2024",Barron's (Online),2024,,https://esearch.ut.edu/login?url=https://www.proquest.com/newspapers/dont-put-all-your-eggs-mag-7-stocks-these-funds/docview/3034463693/se-2?accountid=14762,https://ut.primo.exlibrisgroup.com/openurl/01UTAMPA_INST/01UTAMPA_INST:SpartanSearch?genre=article&amp;issn=&amp;title=Don%27t+Put+All+Your+Eggs+in+the+Mag+7+Stocks.+These+Funds+Beat+the+S%26amp%3BP+500.+These+stock+funds+offer+investors+true+diversification%E2%80%94and+that+will+pay+off+in+more+growth+opportunities+and+better+protection.&amp;volume=&amp;issue=&amp;date=2024&amp;atitle=Don%27t+Put+All+Your+Eggs+in+the+Mag+7+Stocks.+These+Funds+Beat+the+S%26amp%3BP+500.+These+stock+funds+offer+investors+true+diversification%26mdash%3Band+that+will+pay+off+in+more+growth+opportunities+and+better+protection.&amp;spage=&amp;sid=ProQ%3Aabiglobal&amp;author=Lewis,,"ABI/INFORM Collection, Research Library"
Earnings Season to Test Stocks --- S&P 500 companies expected to report third straight quarter of growth,,3034110648,Newspapers,"Miao, Hannah",," Copyright 2024 Dow Jones & Company, Inc. All Rights Reserved.", News," Apr 8, 2024",,0099-9660,, English, English,," New York, N.Y.","Apr 8, 2024",Wall Street Journal,2024,,https://esearch.ut.edu/login?url=https://www.proquest.com/newspapers/earnings-season-test-stocks-s-amp-p-500-companies/docview/3034110648/se-2?accountid=14762,https://ut.primo.exlibrisgroup.com/openurl/01UTAMPA_INST/01UTAMPA_INST:SpartanSearch?genre=article&amp;issn=00999660&amp;title=Earnings+Season+to+Test+Stocks+---+S%26amp%3BP+500+companies+expected+to+report+third+straight+quarter+of+growth&amp;volume=&amp;issue=&amp;date=2024&amp;atitle=Earnings+Season+to+Test+Stocks+---+S%26amp%3BP+500+companies+expected+to+report+third+straight+quarter+of+growth&amp;spage=B.1&amp;sid=ProQ%3Aabiglobal&amp;author=Miao,,ABI/INFORM Collection
EV slowdown takes toll on Tesla as investors park their cash elsewhere: Sector pioneer is second-worst S&amp;P 500 performer this year amid powerful advance of China rivals,,3050755095,Newspapers,"Campbell, Peter;Hickey, Sally;Morris, Stephen",," Copyright The Financial Times Limited Apr 6, 2024"," Opinions , Commentary"," Apr 6, 2024",,0307-1766,, English, English,, London (UK),"Apr 6, 2024",Financial Times,2024,,https://esearch.ut.edu/login?url=https://www.proquest.com/newspapers/ev-slowdown-takes-toll-on-tesla-as-investors-park/docview/3050755095/se-2?accountid=14762,https://ut.primo.exlibrisgroup.com/openurl/01UTAMPA_INST/01UTAMPA_INST:SpartanSearch?genre=unknown&amp;issn=03071766&amp;title=EV+slowdown+takes+toll+on+Tesla+as+investors+park+their+cash+elsewhere&amp;volume=&amp;issue=&amp;date=2024&amp;atitle=EV+slowdown+takes+toll+on+Tesla+as+investors+park+their+cash+elsewhere%3A+Sector+pioneer+is+second-worst+S%26amp%3BP+500+performer+this+year+amid+powerful+advance+of+China+rivals&amp;spage=15&amp;sid=ProQ%3Aabiglobal&amp;author=Campbell,,ABI/INFORM Collection
S&P 500 trackers hit record 27% of equity ETF flows last year: Blue chips. US clout Tally climbs to $137bn as benchmarks are recast by rise of Magnificent Seven,,3050579284,Newspapers,"Johnson, Steve",," Copyright The Financial Times Limited Apr 5, 2024", News," Apr 5, 2024",,0307-1766,, English, English,, London (UK),"Apr 5, 2024",Financial Times,2024,,https://esearch.ut.edu/login?url=https://www.proquest.com/newspapers/s-amp-p-500-trackers-hit-record-27-equity-etf/docview/3050579284/se-2?accountid=14762,https://ut.primo.exlibrisgroup.com/openurl/01UTAMPA_INST/01UTAMPA_INST:SpartanSearch?genre=article&amp;issn=03071766&amp;title=S%26amp%3BP+500+trackers+hit+record+27%25+of+equity+ETF+flows+last+year&amp;volume=&amp;issue=&amp;date=2024&amp;atitle=S%26amp%3BP+500+trackers+hit+record+27%25+of+equity+ETF+flows+last+year%3A+Blue+chips.+US+clout+Tally+climbs+to+%24137bn+as+benchmarks+are+recast+by+rise+of+Magnificent+Seven&amp;spage=13&amp;sid=ProQ%3Aabiglobal&amp;author=Johnson,,ABI/INFORM Collection
"The S&P 500 will soar another 26% by the end of next year as the Fed cuts rates more than expected, research firm says",,3033044914,Newspapers,"Sor, Jennifer",," Copyright Insider, Inc. Apr 5, 2024", News," Apr 5, 2024"," mi-exclusive , stock-market-outlook , sp-500 , s-p-500-outlook , s-and-p-500-prediction , fed-rate-cuts , fed-rate-cuts-outlook , fed-rate-cuts-forecast , stock-market-rally , stock-market-bubble , ai-bubble , capital-economics",,, English, English,, New York,"Apr 5, 2024",Business Insider,2024,,https://esearch.ut.edu/login?url=https://www.proquest.com/newspapers/s-amp-p-500-will-soar-another-26-end-next-year-as/docview/3033044914/se-2?accountid=14762,https://ut.primo.exlibrisgroup.com/openurl/01UTAMPA_INST/01UTAMPA_INST:SpartanSearch?genre=article&amp;issn=&amp;title=The+S%26amp%3BP+500+will+soar+another+26%25+by+the+end+of+next+year+as+the+Fed+cuts+rates+more+than+expected%2C+research+firm+says&amp;volume=&amp;issue=&amp;date=2024&amp;atitle=The+S%26amp%3BP+500+will+soar+another+26%25+by+the+end+of+next+year+as+the+Fed+cuts+rates+more+than+expected%2C+research+firm+says&amp;spage=&amp;sid=ProQ%3Aabidateline&amp;author=Sor,,ABI/INFORM Collection
Spread the Wealth: Stock Funds That Go Beyond the S&P 500; Don't put all your cards in the Magnificent Seven. These stock funds offer investors true diversification—and that will pay off in more growth opportunities and better protection.,,3032874259,Newspapers,"Lewis, Braham", NVidia Corp," Copyright 2024 Dow Jones & Company, Inc. All Rights Reserved.", News," Apr 5, 2024",,,, English, English,, New York,"Apr 5, 2024",Barron's (Online),2024,,https://esearch.ut.edu/login?url=https://www.proquest.com/newspapers/spread-wealth-stock-funds-that-go-beyond-s-amp-p/docview/3032874259/se-2?accountid=14762,https://ut.primo.exlibrisgroup.com/openurl/01UTAMPA_INST/01UTAMPA_INST:SpartanSearch?genre=article&amp;issn=&amp;title=Spread+the+Wealth%3A+Stock+Funds+That+Go+Beyond+the+S%26amp%3BP+500%3B+Don%27t+put+all+your+cards+in+the+Magnificent+Seven.+These+stock+funds+offer+investors+true+diversification%E2%80%94and+that+will+pay+off+in+more+growth+opportunities+and+better+protection.&amp;volume=&amp;issue=&amp;date=2024&amp;atitle=Spread+the+Wealth%3A+Stock+Funds+That+Go+Beyond+the+S%26amp%3BP+500%3B+Don%27t+put+all+your+cards+in+the+Magnificent+Seven.+These+stock+funds+offer+investors+true+diversification%26mdash%3Band+that+will+pay+off+in+more+growth+opportunities+and+better+protection.&amp;spage=&amp;sid=ProQ%3Aabiglobal&amp;author=Lewis,,"ABI/INFORM Collection, Research Library"
"A peak in bitcoin would pressure big tech stocks and drag the S&P 500 lower over the next 6 months, Wall Street strategist says",,3031744467,Newspapers,"Fox, Matthew",," Copyright Insider, Inc. Apr 4, 2024", News," Apr 4, 2024"," mi-exclusive , cryptos , bitcoin , stock-market , nasdaq-100 , stock-market-outlook",,, English, English,, New York,"Apr 4, 2024",Business Insider,2024,,https://esearch.ut.edu/login?url=https://www.proquest.com/newspapers/peak-bitcoin-would-pressure-big-tech-stocks-drag/docview/3031744467/se-2?accountid=14762,https://ut.primo.exlibrisgroup.com/openurl/01UTAMPA_INST/01UTAMPA_INST:SpartanSearch?genre=article&amp;issn=&amp;title=A+peak+in+bitcoin+would+pressure+big+tech+stocks+and+drag+the+S%26amp%3BP+500+lower+over+the+next+6+months%2C+Wall+Street+strategist+says&amp;volume=&amp;issue=&amp;date=2024&amp;atitle=A+peak+in+bitcoin+would+pressure+big+tech+stocks+and+drag+the+S%26amp%3BP+500+lower+over+the+next+6+months%2C+Wall+Street+strategist+says&amp;spage=&amp;sid=ProQ%3Aabidateline&amp;author=Fox,,ABI/INFORM Collection
The CEO of a weight-loss ETF that's crushing the S&P 500 since launching in November shares 4 stocks he sees with over 100% upside in the next 12 months,,3031743713,Newspapers,"Edwards, William"," Bank of America Corp , Novo Nordisk AS , Goldman Sachs Group Inc"," Copyright Insider, Inc. Apr 4, 2024", News," Apr 4, 2024"," bi-prime , investing , stocks-to-buy , stock-picks , stock-picks-to-buy , investing-advice , investing-recommendations , weight-loss-drugs , ozempic , wegovy , mounjaro , stock-recommendations , where-to-invest-now",,, English, English,, New York,"Apr 4, 2024",Business Insider,2024,,https://esearch.ut.edu/login?url=https://www.proquest.com/newspapers/ceo-weight-loss-etf-thats-crushing-s-amp-p-500/docview/3031743713/se-2?accountid=14762,https://ut.primo.exlibrisgroup.com/openurl/01UTAMPA_INST/01UTAMPA_INST:SpartanSearch?genre=article&amp;issn=&amp;title=The+CEO+of+a+weight-loss+ETF+that%27s+crushing+the+S%26amp%3BP+500+since+launching+in+November+shares+4+stocks+he+sees+with+over+100%25+upside+in+the+next+12+months&amp;volume=&amp;issue=&amp;date=2024&amp;atitle=The+CEO+of+a+weight-loss+ETF+that%27s+crushing+the+S%26amp%3BP+500+since+launching+in+November+shares+4+stocks+he+sees+with+over+100%25+upside+in+the+next+12+months&amp;spage=&amp;sid=ProQ%3Aabidateline&amp;author=Edwards,,ABI/INFORM Collection
S&P 500 Snaps Two-Day Losing Streak --- Powell says strong economy hasn't changed Fed's plan for interest-rate cuts,,3031531532,Newspapers,"Grant, Charley", Wall Street Journal," Copyright 2024 Dow Jones & Company, Inc. All Rights Reserved.", News," Apr 4, 2024",,0099-9660,, English, English,," New York, N.Y.","Apr 4, 2024",Wall Street Journal,2024,,https://esearch.ut.edu/login?url=https://www.proquest.com/newspapers/s-amp-p-500-snaps-two-day-losing-streak-powell/docview/3031531532/se-2?accountid=14762,https://ut.primo.exlibrisgroup.com/openurl/01UTAMPA_INST/01UTAMPA_INST:SpartanSearch?genre=article&amp;issn=00999660&amp;title=S%26amp%3BP+500+Snaps+Two-Day+Losing+Streak+---+Powell+says+strong+economy+hasn%27t+changed+Fed%27s+plan+for+interest-rate+cuts&amp;volume=&amp;issue=&amp;date=2024&amp;atitle=S%26amp%3BP+500+Snaps+Two-Day+Losing+Streak+---+Powell+says+strong+economy+hasn%27t+changed+Fed%27s+plan+for+interest-rate+cuts&amp;spage=B.9&amp;sid=ProQ%3Aabiglobal&amp;author=Grant,,ABI/INFORM Collection
Ulta Stock Is Worst Performer in S&P 500 on Wednesday. Why Beauty Companies Are Taking a Hit.,,3031270461,Newspapers,"Palumbo, Angela",," Copyright 2024 Dow Jones & Company, Inc. All Rights Reserved.", News," Apr 3, 2024",,,, English, English,, New York,"Apr 3, 2024",Barron's (Online),2024,,https://esearch.ut.edu/login?url=https://www.proquest.com/newspapers/ulta-stock-is-worst-performer-s-amp-p-500-on/docview/3031270461/se-2?accountid=14762,https://ut.primo.exlibrisgroup.com/openurl/01UTAMPA_INST/01UTAMPA_INST:SpartanSearch?genre=article&amp;issn=&amp;title=Ulta+Stock+Is+Worst+Performer+in+S%26amp%3BP+500+on+Wednesday.+Why+Beauty+Companies+Are+Taking+a+Hit.&amp;volume=&amp;issue=&amp;date=2024&amp;atitle=Ulta+Stock+Is+Worst+Performer+in+S%26amp%3BP+500+on+Wednesday.+Why+Beauty+Companies+Are+Taking+a+Hit.&amp;spage=&amp;sid=ProQ%3Aabiglobal&amp;author=Palumbo,,"ABI/INFORM Collection, Research Library"
Bitcoin Follows the S&P 500 Lower. Watch This Price Level for More Losses.,,3028183252,Newspapers,"Denton, Jack",," Copyright 2024 Dow Jones & Company, Inc. All Rights Reserved.", News," Apr 2, 2024",,,, English, English,, New York,"Apr 2, 2024",Barron's (Online),2024,,https://esearch.ut.edu/login?url=https://www.proquest.com/newspapers/bitcoin-follows-s-amp-p-500-lower-watch-this/docview/3028183252/se-2?accountid=14762,https://ut.primo.exlibrisgroup.com/openurl/01UTAMPA_INST/01UTAMPA_INST:SpartanSearch?genre=article&amp;issn=&amp;title=Bitcoin+Follows+the+S%26amp%3BP+500+Lower.+Watch+This+Price+Level+for+More+Losses.&amp;volume=&amp;issue=&amp;date=2024&amp;atitle=Bitcoin+Follows+the+S%26amp%3BP+500+Lower.+Watch+This+Price+Level+for+More+Losses.&amp;spage=&amp;sid=ProQ%3Aabiglobal&amp;author=Denton,,"ABI/INFORM Collection, Research Library"
Why Micron Is the Top Stock in S&P 500 Today,,3022662707,Newspapers,"Palumbo, Angela",," Copyright 2024 Dow Jones & Company, Inc. All Rights Reserved.", News," Apr 1, 2024",,,, English, English,, New York,"Apr 1, 2024",Barron's (Online),2024,,https://esearch.ut.edu/login?url=https://www.proquest.com/newspapers/why-micron-is-top-stock-s-amp-p-500-today/docview/3022662707/se-2?accountid=14762,https://ut.primo.exlibrisgroup.com/openurl/01UTAMPA_INST/01UTAMPA_INST:SpartanSearch?genre=article&amp;issn=&amp;title=Why+Micron+Is+the+Top+Stock+in+S%26amp%3BP+500+Today&amp;volume=&amp;issue=&amp;date=2024&amp;atitle=Why+Micron+Is+the+Top+Stock+in+S%26amp%3BP+500+Today&amp;spage=&amp;sid=ProQ%3Aabiglobal&amp;author=Palumbo,,"ABI/INFORM Collection, Research Library"
Gold Hits an All-Time High. It's Beating the S&P 500.,,3022565013,Newspapers,"Denton, Jack",," Copyright 2024 Dow Jones & Company, Inc. All Rights Reserved.", News," Apr 1, 2024",,,, English, English,, New York,"Apr 1, 2024",Barron's (Online),2024,,https://esearch.ut.edu/login?url=https://www.proquest.com/newspapers/gold-hits-all-time-high-beating-s-amp-p-500/docview/3022565013/se-2?accountid=14762,https://ut.primo.exlibrisgroup.com/openurl/01UTAMPA_INST/01UTAMPA_INST:SpartanSearch?genre=article&amp;issn=&amp;title=Gold+Hits+an+All-Time+High.+It%27s+Beating+the+S%26amp%3BP+500.&amp;volume=&amp;issue=&amp;date=2024&amp;atitle=Perceived+racial+discrimination+and+health+behavior%3A+Mediation+and+moderation&amp;spage=355&amp;sid=ProQ%3Apsycinfo&amp;author=Gibbons,,"ABI/INFORM Collection, Research Library"
A 32-year market vet warns the S&P 500 is set to fall 50%-70% in the years ahead with valuations at historic highs - and says that an imminently weakening labor market will be the catalyst for the crash,,3015222316,Newspapers,"Edwards, William", Bank of America Corp," Copyright Insider, Inc. Mar 30, 2024", News," Mar 30, 2024"," bi-prime , investing , stock-market-crash , stock-market-bubble , recession , recession-outlook , labor-market , jon-wolfenbarger , stock-market-analysis , s-p-500-outlook",,, English, English,, New York,"Mar 30, 2024",Business Insider,2024,,https://esearch.ut.edu/login?url=https://www.proquest.com/newspapers/32-year-market-vet-warns-s-amp-p-500-is-set-fall/docview/3015222316/se-2?accountid=14762,https://ut.primo.exlibrisgroup.com/openurl/01UTAMPA_INST/01UTAMPA_INST:SpartanSearch?genre=article&amp;issn=&amp;title=A+32-year+market+vet+warns+the+S%26amp%3BP+500+is+set+to+fall+50%25-70%25+in+the+years+ahead+with+valuations+at+historic+highs+-+and+says+that+an+imminently+weakening+labor+market+will+be+the+catalyst+for+the+crash&amp;volume=&amp;issue=&amp;date=2024&amp;atitle=A+32-year+market+vet+warns+the+S%26amp%3BP+500+is+set+to+fall+50%25-70%25+in+the+years+ahead+with+valuations+at+historic+highs+-+and+says+that+an+imminently+weakening+labor+market+will+be+the+catalyst+for+the+crash&amp;spage=&amp;sid=ProQ%3Aabidateline&amp;author=Edwards,,ABI/INFORM Collection
Gold Prices Hit a Record. An 'Overvalued' S&P 500 Could Mean More Gains Are Coming.,,3014031376,Newspapers,"Denton, Jack", UBS AG," Copyright 2024 Dow Jones & Company, Inc. All Rights Reserved.", News," Mar 29, 2024",,,, English, English,, New York,"Mar 29, 2024",Barron's (Online),2024,,https://esearch.ut.edu/login?url=https://www.proquest.com/newspapers/gold-prices-hit-record-overvalued-s-amp-p-500/docview/3014031376/se-2?accountid=14762,https://ut.primo.exlibrisgroup.com/openurl/01UTAMPA_INST/01UTAMPA_INST:SpartanSearch?genre=article&amp;issn=&amp;title=Gold+Prices+Hit+a+Record.+An+%27Overvalued%27+S%26amp%3BP+500+Could+Mean+More+Gains+Are+Coming.&amp;volume=&amp;issue=&amp;date=2024&amp;atitle=Gold+Prices+Hit+a+Record.+An+%27Overvalued%27+S%26amp%3BP+500+Could+Mean+More+Gains+Are+Coming.&amp;spage=&amp;sid=ProQ%3Aabiglobal&amp;author=Denton,,"ABI/INFORM Collection, Research Library"
"Apple Stock 'Warning Signal,' Mag 7 Threat to S&P 500 Rally. And Other Tech News Today.",,3013991595,Newspapers,"Denton, Jack;Keown, Callum"," X.AI Corp , UBS AG , NVidia Corp"," Copyright 2024 Dow Jones & Company, Inc. All Rights Reserved.", News," Mar 29, 2024",,,, English, English,, New York,"Mar 29, 2024",Barron's (Online),2024,,https://esearch.ut.edu/login?url=https://www.proquest.com/newspapers/apple-stock-warning-signal-mag-7-threat-s-amp-p/docview/3013991595/se-2?accountid=14762,https://ut.primo.exlibrisgroup.com/openurl/01UTAMPA_INST/01UTAMPA_INST:SpartanSearch?genre=article&amp;issn=&amp;title=Apple+Stock+%27Warning+Signal%2C%27+Mag+7+Threat+to+S%26amp%3BP+500+Rally.+And+Other+Tech+News+Today.&amp;volume=&amp;issue=&amp;date=2024&amp;atitle=Apple+Stock+%27Warning+Signal%2C%27+Mag+7+Threat+to+S%26amp%3BP+500+Rally.+And+Other+Tech+News+Today.&amp;spage=&amp;sid=ProQ%3Aabiglobal&amp;author=Denton,,"ABI/INFORM Collection, Research Library"
S&P 500 Clinches Best Start To Year Since 2019,,3013991588,Newspapers,"Miao, Hannah", NVidia Corp," Copyright 2024 Dow Jones & Company, Inc. All Rights Reserved.", News," Mar 29, 2024",,0099-9660,, English, English,," New York, N.Y.","Mar 29, 2024",Wall Street Journal,2024,,https://esearch.ut.edu/login?url=https://www.proquest.com/newspapers/s-amp-p-500-clinches-best-start-year-since-2019/docview/3013991588/se-2?accountid=14762,https://ut.primo.exlibrisgroup.com/openurl/01UTAMPA_INST/01UTAMPA_INST:SpartanSearch?genre=article&amp;issn=00999660&amp;title=S%26amp%3BP+500+Clinches+Best+Start+To+Year+Since+2019&amp;volume=&amp;issue=&amp;date=2024&amp;atitle=S%26amp%3BP+500+Clinches+Best+Start+To+Year+Since+2019&amp;spage=A.1&amp;sid=ProQ%3Aabiglobal&amp;author=Miao,,ABI/INFORM Collection
S&P 500 Climbs to Record As Strong First Quarter Ends --- Index notches its best start to year since 2019 and its 22nd high of 2024,,3013991464,Newspapers,"Miao, Hannah",," Copyright 2024 Dow Jones & Company, Inc. All Rights Reserved.", News," Mar 29, 2024",,0099-9660,, English, English,," New York, N.Y.","Mar 29, 2024",Wall Street Journal,2024,,https://esearch.ut.edu/login?url=https://www.proquest.com/newspapers/s-amp-p-500-climbs-record-as-strong-first-quarter/docview/3013991464/se-2?accountid=14762,https://ut.primo.exlibrisgroup.com/openurl/01UTAMPA_INST/01UTAMPA_INST:SpartanSearch?genre=article&amp;issn=00999660&amp;title=S%26amp%3BP+500+Climbs+to+Record+As+Strong+First+Quarter+Ends+---+Index+notches+its+best+start+to+year+since+2019+and+its+22nd+high+of+2024&amp;volume=&amp;issue=&amp;date=2024&amp;atitle=S%26amp%3BP+500+Climbs+to+Record+As+Strong+First+Quarter+Ends+---+Index+notches+its+best+start+to+year+since+2019+and+its+22nd+high+of+2024&amp;spage=B.9&amp;sid=ProQ%3Aabiglobal&amp;author=Miao,,ABI/INFORM Collection
S&P 500's Top Stock This Year Rode the AI Boom. This EV Maker Had a Rough First Quarter.,,3013991510,Newspapers,"Palumbo, Angela;Dattilo, Emily", NVidia Corp," Copyright 2024 Dow Jones & Company, Inc. All Rights Reserved.", News," Mar 28, 2024",,,, English, English,, New York,"Mar 28, 2024",Barron's (Online),2024,,https://esearch.ut.edu/login?url=https://www.proquest.com/newspapers/s-amp-p-500s-top-stock-this-year-rode-ai-boom-ev/docview/3013991510/se-2?accountid=14762,https://ut.primo.exlibrisgroup.com/openurl/01UTAMPA_INST/01UTAMPA_INST:SpartanSearch?genre=article&amp;issn=&amp;title=S%26amp%3BP+500%27s+Top+Stock+This+Year+Rode+the+AI+Boom.+This+EV+Maker+Had+a+Rough+First+Quarter.&amp;volume=&amp;issue=&amp;date=2024&amp;atitle=S%26amp%3BP+500%27s+Top+Stock+This+Year+Rode+the+AI+Boom.+This+EV+Maker+Had+a+Rough+First+Quarter.&amp;spage=&amp;sid=ProQ%3Aabiglobal&amp;author=Palumbo,,"ABI/INFORM Collection, Research Library"
Estée Lauder Is S&P 500's Top Performer. It's a 'Cinderella Story.',,3013991487,Newspapers,"Dattilo, Emily",," Copyright 2024 Dow Jones & Company, Inc. All Rights Reserved.", News," Mar 28, 2024",,,, English, English,, New York,"Mar 28, 2024",Barron's (Online),2024,,https://esearch.ut.edu/login?url=https://www.proquest.com/newspapers/estée-lauder-is-s-amp-p-500s-top-performer/docview/3013991487/se-2?accountid=14762,https://ut.primo.exlibrisgroup.com/openurl/01UTAMPA_INST/01UTAMPA_INST:SpartanSearch?genre=article&amp;issn=&amp;title=Est%C3%A9e+Lauder+Is+S%26amp%3BP+500%27s+Top+Performer.+It%27s+a+%27Cinderella+Story.%27&amp;volume=&amp;issue=&amp;date=2024&amp;atitle=Est%26eacute%3Be+Lauder+Is+S%26amp%3BP+500%27s+Top+Performer.+It%27s+a+%27Cinderella+Story.%27&amp;spage=&amp;sid=ProQ%3Aabiglobal&amp;author=Dattilo,,"ABI/INFORM Collection, Research Library"
"Don't Worry About S&P 500 at Record Highs, Says UBS. What History Says Is Next.",,3003421154,Newspapers,"Denton, Jack", UBS AG," Copyright 2024 Dow Jones & Company, Inc. All Rights Reserved.", News," Mar 28, 2024",,,, English, English,, New York,"Mar 28, 2024",Barron's (Online),2024,,https://esearch.ut.edu/login?url=https://www.proquest.com/newspapers/dont-worry-about-s-amp-p-500-at-record-highs-says/docview/3003421154/se-2?accountid=14762,https://ut.primo.exlibrisgroup.com/openurl/01UTAMPA_INST/01UTAMPA_INST:SpartanSearch?genre=article&amp;issn=&amp;title=Don%27t+Worry+About+S%26amp%3BP+500+at+Record+Highs%2C+Says+UBS.+What+History+Says+Is+Next.&amp;volume=&amp;issue=&amp;date=2024&amp;atitle=Don%27t+Worry+About+S%26amp%3BP+500+at+Record+Highs%2C+Says+UBS.+What+History+Says+Is+Next.&amp;spage=&amp;sid=ProQ%3Aabiglobal&amp;author=Denton,,"ABI/INFORM Collection, Research Library"
These GE and 3M Spinoffs Are Set to Join the S&P 500,,3003374453,Newspapers,"Moyer, Liz;Root, Al"," General Electric Co , GE Vernova"," Copyright 2024 Dow Jones & Company, Inc. All Rights Reserved.", News," Mar 28, 2024",,,, English, English,, New York,"Mar 28, 2024",Barron's (Online),2024,,https://esearch.ut.edu/login?url=https://www.proquest.com/newspapers/these-ge-3m-spinoffs-are-set-join-s-amp-p-500/docview/3003374453/se-2?accountid=14762,https://ut.primo.exlibrisgroup.com/openurl/01UTAMPA_INST/01UTAMPA_INST:SpartanSearch?genre=article&amp;issn=&amp;title=These+GE+and+3M+Spinoffs+Are+Set+to+Join+the+S%26amp%3BP+500&amp;volume=&amp;issue=&amp;date=2024&amp;atitle=These+GE+and+3M+Spinoffs+Are+Set+to+Join+the+S%26amp%3BP+500&amp;spage=&amp;sid=ProQ%3Aabiglobal&amp;author=Moyer,,"ABI/INFORM Collection, Research Library"
"Indian stock market: 10 key things that changed for market overnight - Gift Nifty, S&P 500's record close to oil prices",,3000380999,Newspapers,,," Copyright HT Digital Streams Limited Mar 28, 2024", News," Mar 28, 2024",,,, English, English,, New Delhi,"Mar 28, 2024",Mint,2024,,https://esearch.ut.edu/login?url=https://www.proquest.com/newspapers/indian-stock-market-10-key-things-that-changed/docview/3000380999/se-2?accountid=14762,https://ut.primo.exlibrisgroup.com/openurl/01UTAMPA_INST/01UTAMPA_INST:SpartanSearch?genre=article&amp;issn=&amp;title=Indian+stock+market%3A+10+key+things+that+changed+for+market+overnight+-+Gift+Nifty%2C+S%26amp%3BP+500%27s+record+close+to+oil+prices&amp;volume=&amp;issue=&amp;date=2024&amp;atitle=Indian+stock+market%3A+10+key+things+that+changed+for+market+overnight+-+Gift+Nifty%2C+S%26amp%3BP+500%27s+record+close+to+oil+prices&amp;spage=&amp;sid=ProQ%3Aabiglobal&amp;author=,,ABI/INFORM Collection
These GE and 3M Spinoffs Are Set to Join the S&P 500,,2994543596,Newspapers,"Moyer, Liz"," General Electric Co , GE Vernova"," Copyright 2024 Dow Jones & Company, Inc. All Rights Reserved.", News," Mar 27, 2024",,,, English, English,, New York,"Mar 27, 2024",Barron's (Online),2024,,https://esearch.ut.edu/login?url=https://www.proquest.com/newspapers/these-ge-3m-spinoffs-are-set-join-s-amp-p-500/docview/2994543596/se-2?accountid=14762,https://ut.primo.exlibrisgroup.com/openurl/01UTAMPA_INST/01UTAMPA_INST:SpartanSearch?genre=article&amp;issn=&amp;title=These+GE+and+3M+Spinoffs+Are+Set+to+Join+the+S%26amp%3BP+500&amp;volume=&amp;issue=&amp;date=2024&amp;atitle=These+GE+and+3M+Spinoffs+Are+Set+to+Join+the+S%26amp%3BP+500&amp;spage=&amp;sid=ProQ%3Aabiglobal&amp;author=Moyer,,"ABI/INFORM Collection, Research Library"
Cintas Is the Best Performer in the S&P 500 Wednesday. It's Raising Guidance After an Earnings Beat.,,2987118545,Newspapers,"Palumbo, Angela",," Copyright 2024 Dow Jones & Company, Inc. All Rights Reserved.", News," Mar 27, 2024",,,, English, English,, New York,"Mar 27, 2024",Barron's (Online),2024,,https://esearch.ut.edu/login?url=https://www.proquest.com/newspapers/cintas-is-best-performer-s-amp-p-500-wednesday/docview/2987118545/se-2?accountid=14762,https://ut.primo.exlibrisgroup.com/openurl/01UTAMPA_INST/01UTAMPA_INST:SpartanSearch?genre=article&amp;issn=&amp;title=Cintas+Is+the+Best+Performer+in+the+S%26amp%3BP+500+Wednesday.+It%27s+Raising+Guidance+After+an+Earnings+Beat.&amp;volume=&amp;issue=&amp;date=2024&amp;atitle=Cintas+Is+the+Best+Performer+in+the+S%26amp%3BP+500+Wednesday.+It%27s+Raising+Guidance+After+an+Earnings+Beat.&amp;spage=&amp;sid=ProQ%3Aabiglobal&amp;author=Palumbo,,"ABI/INFORM Collection, Research Library"
"A 34% gain in the S&P 500 by the end of 2026 is possible with stocks in the middle innings of a long-term bull market, BofA technical strategist says",,2974356466,Newspapers,"Fox, Matthew", Bank of America Corp," Copyright Insider, Inc. Mar 25, 2024", News," Mar 25, 2024"," mi-exclusive , stock-market-outlook , stock-market-analysis , stock-market , analyst-note , technical-analysis",,, English, English,, New York,"Mar 25, 2024",Business Insider,2024,,https://esearch.ut.edu/login?url=https://www.proquest.com/newspapers/34-gain-s-amp-p-500-end-2026-is-possible-with/docview/2974356466/se-2?accountid=14762,https://ut.primo.exlibrisgroup.com/openurl/01UTAMPA_INST/01UTAMPA_INST:SpartanSearch?genre=article&amp;issn=&amp;title=A+34%25+gain+in+the+S%26amp%3BP+500+by+the+end+of+2026+is+possible+with+stocks+in+the+middle+innings+of+a+long-term+bull+market%2C+BofA+technical+strategist+says&amp;volume=&amp;issue=&amp;date=2024&amp;atitle=A+34%25+gain+in+the+S%26amp%3BP+500+by+the+end+of+2026+is+possible+with+stocks+in+the+middle+innings+of+a+long-term+bull+market%2C+BofA+technical+strategist+says&amp;spage=&amp;sid=ProQ%3Aabidateline&amp;author=Fox,,ABI/INFORM Collection
"The S&P 500 will rally another 5% this year as profit growth thrives, new biggest Wall Street bull SocGen says",,2972756976,Newspapers,"Soni, Aruni", Societe Generale," Copyright Insider, Inc. Mar 21, 2024", News," Mar 21, 2024"," mi-exclusive , us-stock-market , sp-500 , spx , s-p-500-target , societe-generale , bullish-call",,, English, English,, New York,"Mar 21, 2024",Business Insider,2024,,https://esearch.ut.edu/login?url=https://www.proquest.com/newspapers/s-amp-p-500-will-rally-another-5-this-year-as/docview/2972756976/se-2?accountid=14762,https://ut.primo.exlibrisgroup.com/openurl/01UTAMPA_INST/01UTAMPA_INST:SpartanSearch?genre=article&amp;issn=&amp;title=The+S%26amp%3BP+500+will+rally+another+5%25+this+year+as+profit+growth+thrives%2C+new+biggest+Wall+Street+bull+SocGen+says&amp;volume=&amp;issue=&amp;date=2024&amp;atitle=The+S%26amp%3BP+500+will+rally+another+5%25+this+year+as+profit+growth+thrives%2C+new+biggest+Wall+Street+bull+SocGen+says&amp;spage=&amp;sid=ProQ%3Aabidateline&amp;author=Soni,,ABI/INFORM Collection
67% of companies in the S&P 500 may be inaccurately valued; reveals Interbrand’s report,,2972730954,Newspapers,"Online, BrandWagon", Interbrand," Copyright 2024 IE Online Media Services Pvt. Ltd., distributed by Contify.com", News," Mar 21, 2024",,,, English, English,, New Delhi,"Mar 21, 2024",Financial Express,2024,,https://esearch.ut.edu/login?url=https://www.proquest.com/newspapers/67-companies-s-amp-p-500-may-be-inaccurately/docview/2972730954/se-2?accountid=14762,https://ut.primo.exlibrisgroup.com/openurl/01UTAMPA_INST/01UTAMPA_INST:SpartanSearch?genre=article&amp;issn=&amp;title=67%25+of+companies+in+the+S%26amp%3BP+500+may+be+inaccurately+valued%3B+reveals+Interbrand%E2%80%99s+report&amp;volume=&amp;issue=&amp;date=2024&amp;atitle=67%25+of+companies+in+the+S%26amp%3BP+500+may+be+inaccurately+valued%3B+reveals+Interbrand%26rsquo%3Bs+report&amp;spage=&amp;sid=ProQ%3Aabitrade&amp;author=Online,,ABI/INFORM Collection
"S&P 500 Climbs to Record Before Fed --- Ten of 11 industry sectors gain; Energy is leader, pushed up by rising oil prices",,2968734845,Newspapers,"Ostroff, Caitlin",," Copyright 2024 Dow Jones & Company, Inc. All Rights Reserved.", News," Mar 20, 2024",,0099-9660,, English, English,," New York, N.Y.","Mar 20, 2024",Wall Street Journal,2024,,https://esearch.ut.edu/login?url=https://www.proquest.com/newspapers/s-amp-p-500-climbs-record-before-fed-ten-11/docview/2968734845/se-2?accountid=14762,https://ut.primo.exlibrisgroup.com/openurl/01UTAMPA_INST/01UTAMPA_INST:SpartanSearch?genre=article&amp;issn=00999660&amp;title=S%26amp%3BP+500+Climbs+to+Record+Before+Fed+---+Ten+of+11+industry+sectors+gain%3B+Energy+is+leader%2C+pushed+up+by+rising+oil+prices&amp;volume=&amp;issue=&amp;date=2024&amp;atitle=S%26amp%3BP+500+Climbs+to+Record+Before+Fed+---+Ten+of+11+industry+sectors+gain%3B+Energy+is+leader%2C+pushed+up+by+rising+oil+prices&amp;spage=B.13&amp;sid=ProQ%3Aabiglobal&amp;author=Ostroff,,ABI/INFORM Collection
International Paper Is the S&P 500's Top Stock on Tuesday. Here's Why.,,2967143966,Newspapers,"Palumbo, Angela",," Copyright 2024 Dow Jones & Company, Inc. All Rights Reserved.", News," Mar 19, 2024",,,, English, English,, New York,"Mar 19, 2024",Barron's (Online),2024,,https://esearch.ut.edu/login?url=https://www.proquest.com/newspapers/international-paper-is-s-amp-p-500s-top-stock-on/docview/2967143966/se-2?accountid=14762,https://ut.primo.exlibrisgroup.com/openurl/01UTAMPA_INST/01UTAMPA_INST:SpartanSearch?genre=article&amp;issn=&amp;title=International+Paper+Is+the+S%26amp%3BP+500%27s+Top+Stock+on+Tuesday.+Here%27s+Why.&amp;volume=&amp;issue=&amp;date=2024&amp;atitle=International+Paper+Is+the+S%26amp%3BP+500%27s+Top+Stock+on+Tuesday.+Here%27s+Why.&amp;spage=&amp;sid=ProQ%3Aabiglobal&amp;author=Palumbo,,"ABI/INFORM Collection, Research Library"
"Tesla is the biggest S&P 500 loser this year, down even more than Boeing",,2961247023,Newspapers,"Glover, George", Boeing Co," Copyright Insider, Inc. Mar 18, 2024", News," Mar 18, 2024"," transportation , tech , markets , stocks , tesla , tsla , elon-musk , boeing , stock-market-analysis , stock-market-outlook , stock-market-strategy , investing-analysis , investing-outlook , investing-strategy , trending-uk",,, English, English,, New York,"Mar 18, 2024",Business Insider,2024,,https://esearch.ut.edu/login?url=https://www.proquest.com/newspapers/tesla-is-biggest-s-amp-p-500-loser-this-year-down/docview/2961247023/se-2?accountid=14762,https://ut.primo.exlibrisgroup.com/openurl/01UTAMPA_INST/01UTAMPA_INST:SpartanSearch?genre=article&amp;issn=&amp;title=Tesla+is+the+biggest+S%26amp%3BP+500+loser+this+year%2C+down+even+more+than+Boeing&amp;volume=&amp;issue=&amp;date=2024&amp;atitle=Tesla+is+the+biggest+S%26amp%3BP+500+loser+this+year%2C+down+even+more+than+Boeing&amp;spage=&amp;sid=ProQ%3Aabidateline&amp;author=Glover,,ABI/INFORM Collection
"Super Micro Computer Stock Joins the S&P 500, and Other Technology News Today",,2958220519,Newspapers,"Clark, Adam", Qualcomm Inc," Copyright 2024 Dow Jones & Company, Inc. All Rights Reserved.", News," Mar 18, 2024",,,, English, English,, New York,"Mar 18, 2024",Barron's (Online),2024,,https://esearch.ut.edu/login?url=https://www.proquest.com/newspapers/super-micro-computer-stock-joins-s-amp-p-500/docview/2958220519/se-2?accountid=14762,https://ut.primo.exlibrisgroup.com/openurl/01UTAMPA_INST/01UTAMPA_INST:SpartanSearch?genre=article&amp;issn=&amp;title=Super+Micro+Computer+Stock+Joins+the+S%26amp%3BP+500%2C+and+Other+Technology+News+Today&amp;volume=&amp;issue=&amp;date=2024&amp;atitle=Super+Micro+Computer+Stock+Joins+the+S%26amp%3BP+500%2C+and+Other+Technology+News+Today&amp;spage=&amp;sid=ProQ%3Aabiglobal&amp;author=Clark,,"ABI/INFORM Collection, Research Library"
"Newest S&P 500 Entrant Makes AI Splash --- Shares of server maker Super Micro skyrocket, topping even those of Nvidia",,2958155882,Newspapers,"Fitch, Asa;Glickman, Ben", NVidia Corp," Copyright 2024 Dow Jones & Company, Inc. All Rights Reserved.", News," Mar 18, 2024",,0099-9660,, English, English,," New York, N.Y.","Mar 18, 2024",Wall Street Journal,2024,,https://esearch.ut.edu/login?url=https://www.proquest.com/newspapers/newest-s-amp-p-500-entrant-makes-ai-splash-shares/docview/2958155882/se-2?accountid=14762,https://ut.primo.exlibrisgroup.com/openurl/01UTAMPA_INST/01UTAMPA_INST:SpartanSearch?genre=article&amp;issn=00999660&amp;title=Newest+S%26amp%3BP+500+Entrant+Makes+AI+Splash+---+Shares+of+server+maker+Super+Micro+skyrocket%2C+topping+even+those+of+Nvidia&amp;volume=&amp;issue=&amp;date=2024&amp;atitle=Newest+S%26amp%3BP+500+Entrant+Makes+AI+Splash+---+Shares+of+server+maker+Super+Micro+skyrocket%2C+topping+even+those+of+Nvidia&amp;spage=A.1&amp;sid=ProQ%3Aabiglobal&amp;author=Fitch,,ABI/INFORM Collection
"Delta Air Lines, Ford, GM, and Walgreens Are the Cheapest Stocks in the S&P 500",,2958152165,Newspapers,"Bary, Andrew"," Synchrony Financial , JPMorgan Chase & Co , Delta Air Lines Inc , Walgreen Co , General Motors Corp"," Copyright 2024 Dow Jones & Company, Inc. All Rights Reserved.", News," Mar 18, 2024",,,, English, English,, New York,"Mar 18, 2024",Barron's (Online),2024,,https://esearch.ut.edu/login?url=https://www.proquest.com/newspapers/delta-air-lines-ford-gm-walgreens-are-cheapest/docview/2958152165/se-2?accountid=14762,https://ut.primo.exlibrisgroup.com/openurl/01UTAMPA_INST/01UTAMPA_INST:SpartanSearch?genre=article&amp;issn=&amp;title=Delta+Air+Lines%2C+Ford%2C+GM%2C+and+Walgreens+Are+the+Cheapest+Stocks+in+the+S%26amp%3BP+500&amp;volume=&amp;issue=&amp;date=2024&amp;atitle=Delta+Air+Lines%2C+Ford%2C+GM%2C+and+Walgreens+Are+the+Cheapest+Stocks+in+the+S%26amp%3BP+500&amp;spage=&amp;sid=ProQ%3Aabiglobal&amp;author=Bary,,"ABI/INFORM Collection, Research Library"
EXCHANGE --- Friday's Markets: S&P 500 Drops for Second Straight Week --- Investors await Fed meeting for clarity on rates amid hot inflation readings,,2957666765,Newspapers,"Miao, Hannah",," Copyright 2024 Dow Jones & Company, Inc. All Rights Reserved.", News," Mar 16, 2024",,0099-9660,, English, English,," New York, N.Y.","Mar 16, 2024",Wall Street Journal,2024,,https://esearch.ut.edu/login?url=https://www.proquest.com/newspapers/exchange-fridays-markets-s-amp-p-500-drops-second/docview/2957666765/se-2?accountid=14762,https://ut.primo.exlibrisgroup.com/openurl/01UTAMPA_INST/01UTAMPA_INST:SpartanSearch?genre=article&amp;issn=00999660&amp;title=EXCHANGE+---+Friday%27s+Markets%3A+S%26amp%3BP+500+Drops+for+Second+Straight+Week+---+Investors+await+Fed+meeting+for+clarity+on+rates+amid+hot+inflation+readings&amp;volume=&amp;issue=&amp;date=2024&amp;atitle=EXCHANGE+---+Friday%27s+Markets%3A+S%26amp%3BP+500+Drops+for+Second+Straight+Week+---+Investors+await+Fed+meeting+for+clarity+on+rates+amid+hot+inflation+readings&amp;spage=B.11&amp;sid=ProQ%3Aabiglobal&amp;author=Miao,,ABI/INFORM Collection
"S&P 500 is 'bizarrely overvalued' and could crash 49% as recession sets in, elite strategist says",,2957282780,Newspapers,"Theron, Mohamed",," Copyright Insider, Inc. Mar 15, 2024", News," Mar 15, 2024"," mi-exclusive , markets , stocks , stock-market-outlook , stock-market-bubble , stock-market-crash , sp-500 , big-tech , tech-stocks , b-riley , federal-reserve , interest-rates , market-speculation , warren-buffett , buffett-indicator , paul-dietrich",,, English, English,, New York,"Mar 15, 2024",Business Insider,2024,,https://esearch.ut.edu/login?url=https://www.proquest.com/newspapers/s-amp-p-500-is-bizarrely-overvalued-could-crash/docview/2957282780/se-2?accountid=14762,https://ut.primo.exlibrisgroup.com/openurl/01UTAMPA_INST/01UTAMPA_INST:SpartanSearch?genre=article&amp;issn=&amp;title=S%26amp%3BP+500+is+%27bizarrely+overvalued%27+and+could+crash+49%25+as+recession+sets+in%2C+elite+strategist+says&amp;volume=&amp;issue=&amp;date=2024&amp;atitle=S%26amp%3BP+500+is+%27bizarrely+overvalued%27+and+could+crash+49%25+as+recession+sets+in%2C+elite+strategist+says&amp;spage=&amp;sid=ProQ%3Aabidateline&amp;author=Theron,,ABI/INFORM Collection
Tesla and Boeing Are the Worst Stocks in the S&P 500 This Year. They're Paying for Decisions Made Years Ago.,,2956542356,Newspapers,"Root, Al", Boeing Co," Copyright 2024 Dow Jones & Company, Inc. All Rights Reserved.", News," Mar 14, 2024",,,, English, English,, New York,"Mar 14, 2024",Barron's (Online),2024,,https://esearch.ut.edu/login?url=https://www.proquest.com/newspapers/tesla-boeing-are-worst-stocks-s-amp-p-500-this/docview/2956542356/se-2?accountid=14762,https://ut.primo.exlibrisgroup.com/openurl/01UTAMPA_INST/01UTAMPA_INST:SpartanSearch?genre=article&amp;issn=&amp;title=Tesla+and+Boeing+Are+the+Worst+Stocks+in+the+S%26amp%3BP+500+This+Year.+They%27re+Paying+for+Decisions+Made+Years+Ago.&amp;volume=&amp;issue=&amp;date=2024&amp;atitle=Tesla+and+Boeing+Are+the+Worst+Stocks+in+the+S%26amp%3BP+500+This+Year.+They%27re+Paying+for+Decisions+Made+Years+Ago.&amp;spage=&amp;sid=ProQ%3Aabiglobal&amp;author=Root,,"ABI/INFORM Collection, Research Library"
"Chip-Stock Selloff Hits S&P 500 --- Four of 11 industry sectors finish in red, with information technology off 1.1%",,2956529056,Newspapers,"Grant, Charley",," Copyright 2024 Dow Jones & Company, Inc. All Rights Reserved.", News," Mar 14, 2024",,0099-9660,, English, English,," New York, N.Y.","Mar 14, 2024",Wall Street Journal,2024,,https://esearch.ut.edu/login?url=https://www.proquest.com/newspapers/chip-stock-selloff-hits-s-amp-p-500-four-11/docview/2956529056/se-2?accountid=14762,https://ut.primo.exlibrisgroup.com/openurl/01UTAMPA_INST/01UTAMPA_INST:SpartanSearch?genre=article&amp;issn=00999660&amp;title=Chip-Stock+Selloff+Hits+S%26amp%3BP+500+---+Four+of+11+industry+sectors+finish+in+red%2C+with+information+technology+off+1.1%25&amp;volume=&amp;issue=&amp;date=2024&amp;atitle=Chip-Stock+Selloff+Hits+S%26amp%3BP+500+---+Four+of+11+industry+sectors+finish+in+red%2C+with+information+technology+off+1.1%25&amp;spage=B.11&amp;sid=ProQ%3Aabiglobal&amp;author=Grant,,ABI/INFORM Collection
Stock market today: US futures flatline after S&P 500 hits another record high,,2956079482,Newspapers,"Thompson, Polly", NVidia Corp," Copyright Insider, Inc. Mar 13, 2024", News," Mar 13, 2024"," mi-exclusive , markets , stocks , markets-wrap , stock-market-analysis , stock-market-outlook , investing-strategy , nvidia , apple",,, English, English,, New York,"Mar 13, 2024",Business Insider,2024,,https://esearch.ut.edu/login?url=https://www.proquest.com/newspapers/stock-market-today-us-futures-flatline-after-s/docview/2956079482/se-2?accountid=14762,https://ut.primo.exlibrisgroup.com/openurl/01UTAMPA_INST/01UTAMPA_INST:SpartanSearch?genre=article&amp;issn=&amp;title=Stock+market+today%3A+US+futures+flatline+after+S%26amp%3BP+500+hits+another+record+high&amp;volume=&amp;issue=&amp;date=2024&amp;atitle=Stock+market+today%3A+US+futures+flatline+after+S%26amp%3BP+500+hits+another+record+high&amp;spage=&amp;sid=ProQ%3Aabidateline&amp;author=Thompson,,ABI/INFORM Collection
Stocks Rally Despite Hot Report on Consumer Prices --- S&P 500 sets record close above 5175 as tech shares lead broad march higher,,2956011982,Newspapers,"Uberti, David",," Copyright 2024 Dow Jones & Company, Inc. All Rights Reserved.", News," Mar 13, 2024",,0099-9660,, English, English,," New York, N.Y.","Mar 13, 2024",Wall Street Journal,2024,,https://esearch.ut.edu/login?url=https://www.proquest.com/newspapers/stocks-rally-despite-hot-report-on-consumer/docview/2956011982/se-2?accountid=14762,https://ut.primo.exlibrisgroup.com/openurl/01UTAMPA_INST/01UTAMPA_INST:SpartanSearch?genre=article&amp;issn=00999660&amp;title=Stocks+Rally+Despite+Hot+Report+on+Consumer+Prices+---+S%26amp%3BP+500+sets+record+close+above+5175+as+tech+shares+lead+broad+march+higher&amp;volume=&amp;issue=&amp;date=2024&amp;atitle=Stocks+Rally+Despite+Hot+Report+on+Consumer+Prices+---+S%26amp%3BP+500+sets+record+close+above+5175+as+tech+shares+lead+broad+march+higher&amp;spage=B.11&amp;sid=ProQ%3Aabiglobal&amp;author=Uberti,,ABI/INFORM Collection
"Morgan Stanley's CIO sticks by his forecast for a 13% S&P 500 sell-off, says FOMO-driven investors make records unsustainable",,2955519720,Newspapers,"Fox, Matthew", Morgan Stanley," Copyright Insider, Inc. Mar 12, 2024", News," Mar 12, 2024"," mi-exclusive , stock-market-outlook , stock-market-analysis , stock-market , analyst-note , markets",,, English, English,, New York,"Mar 12, 2024",Business Insider,2024,,https://esearch.ut.edu/login?url=https://www.proquest.com/newspapers/morgan-stanleys-cio-sticks-his-forecast-13-s-amp/docview/2955519720/se-2?accountid=14762,https://ut.primo.exlibrisgroup.com/openurl/01UTAMPA_INST/01UTAMPA_INST:SpartanSearch?genre=article&amp;issn=&amp;title=Morgan+Stanley%27s+CIO+sticks+by+his+forecast+for+a+13%25+S%26amp%3BP+500+sell-off%2C+says+FOMO-driven+investors+make+records+unsustainable&amp;volume=&amp;issue=&amp;date=2024&amp;atitle=Morgan+Stanley%27s+CIO+sticks+by+his+forecast+for+a+13%25+S%26amp%3BP+500+sell-off%2C+says+FOMO-driven+investors+make+records+unsustainable&amp;spage=&amp;sid=ProQ%3Aabidateline&amp;author=Fox,,ABI/INFORM Collection
Tech Shares Push S&P 500 to a Record --- Major indexes rise for second day in a row ahead of monthly jobs report,,2942037635,Newspapers,"Banerji, Gunjan", Wall Street Journal," Copyright 2024 Dow Jones & Company, Inc. All Rights Reserved.", News," Mar 8, 2024",,0099-9660,, English, English,," New York, N.Y.","Mar 8, 2024",Wall Street Journal,2024,,https://esearch.ut.edu/login?url=https://www.proquest.com/newspapers/tech-shares-push-s-amp-p-500-record-major-indexes/docview/2942037635/se-2?accountid=14762,https://ut.primo.exlibrisgroup.com/openurl/01UTAMPA_INST/01UTAMPA_INST:SpartanSearch?genre=article&amp;issn=00999660&amp;title=Tech+Shares+Push+S%26amp%3BP+500+to+a+Record+---+Major+indexes+rise+for+second+day+in+a+row+ahead+of+monthly+jobs+report&amp;volume=&amp;issue=&amp;date=2024&amp;atitle=Tech+Shares+Push+S%26amp%3BP+500+to+a+Record+---+Major+indexes+rise+for+second+day+in+a+row+ahead+of+monthly+jobs+report&amp;spage=B.11&amp;sid=ProQ%3Aabiglobal&amp;author=Banerji,,ABI/INFORM Collection
Will the Stock Market Keep Going Up? What to Know as the S&P 500 Hits New Highs. Hope for interest-rate cuts has been replaced by stronger economic growth as fuel for stocks.,,2942017053,Newspapers,"Jasinski, Nicholas"," Federal Open Market Committee--FOMC , NVidia Corp"," Copyright 2024 Dow Jones & Company, Inc. All Rights Reserved.", News," Mar 8, 2024",,,, English, English,, New York,"Mar 8, 2024",Barron's (Online),2024,,https://esearch.ut.edu/login?url=https://www.proquest.com/newspapers/will-stock-market-keep-going-up-what-know-as-s/docview/2942017053/se-2?accountid=14762,https://ut.primo.exlibrisgroup.com/openurl/01UTAMPA_INST/01UTAMPA_INST:SpartanSearch?genre=article&amp;issn=&amp;title=Will+the+Stock+Market+Keep+Going+Up%3F+What+to+Know+as+the+S%26amp%3BP+500+Hits+New+Highs.+Hope+for+interest-rate+cuts+has+been+replaced+by+stronger+economic+growth+as+fuel+for+stocks.&amp;volume=&amp;issue=&amp;date=2024&amp;atitle=Will+the+Stock+Market+Keep+Going+Up%3F+What+to+Know+as+the+S%26amp%3BP+500+Hits+New+Highs.+Hope+for+interest-rate+cuts+has+been+replaced+by+stronger+economic+growth+as+fuel+for+stocks.&amp;spage=&amp;sid=ProQ%3Aabiglobal&amp;author=Jasinski,,"ABI/INFORM Collection, Research Library"
"US stock market: S&P 500, Nasdaq hit record highs as Powell signals rate cuts ahead",,2941495040,Newspapers,,," Copyright HT Digital Streams Limited Mar 8, 2024", News," Mar 8, 2024",,,, English, English,, New Delhi,"Mar 8, 2024",Mint,2024,,https://esearch.ut.edu/login?url=https://www.proquest.com/newspapers/us-stock-market-s-amp-p-500-nasdaq-hit-record/docview/2941495040/se-2?accountid=14762,https://ut.primo.exlibrisgroup.com/openurl/01UTAMPA_INST/01UTAMPA_INST:SpartanSearch?genre=article&amp;issn=&amp;title=US+stock+market%3A+S%26amp%3BP+500%2C+Nasdaq+hit+record+highs+as+Powell+signals+rate+cuts+ahead&amp;volume=&amp;issue=&amp;date=2024&amp;atitle=US+stock+market%3A+S%26amp%3BP+500%2C+Nasdaq+hit+record+highs+as+Powell+signals+rate+cuts+ahead&amp;spage=&amp;sid=ProQ%3Aabiglobal&amp;author=,,ABI/INFORM Collection
"Stock market today: S&P 500, Nasdaq notch records as Powell reiterates rate cuts are coming",,2938579168,Newspapers,"Rosen, Phil",," Copyright Insider, Inc. Mar 7, 2024", News," Mar 7, 2024"," mi-exclusive , markets , financial-markets , stock-market , tech-stocks , federal-reserve , jerome-powell , inflation-federal-reserve , interest-rates , rate-cuts",,, English, English,, New York,"Mar 7, 2024",Business Insider,2024,,https://esearch.ut.edu/login?url=https://www.proquest.com/newspapers/stock-market-today-s-amp-p-500-nasdaq-notch/docview/2938579168/se-2?accountid=14762,https://ut.primo.exlibrisgroup.com/openurl/01UTAMPA_INST/01UTAMPA_INST:SpartanSearch?genre=article&amp;issn=&amp;title=Stock+market+today%3A+S%26amp%3BP+500%2C+Nasdaq+notch+records+as+Powell+reiterates+rate+cuts+are+coming&amp;volume=&amp;issue=&amp;date=2024&amp;atitle=Stock+market+today%3A+S%26amp%3BP+500%2C+Nasdaq+notch+records+as+Powell+reiterates+rate+cuts+are+coming&amp;spage=&amp;sid=ProQ%3Aabidateline&amp;author=Rosen,,ABI/INFORM Collection
Stock market today: S&P 500 hits record as Powell reaffirms rate cuts,,2938539923,Newspapers,"Rosen, Phil",," Copyright Insider, Inc. Mar 7, 2024", News," Mar 7, 2024"," mi-exclusive , markets , stock-market , jerome-powell , federal-reserve , interest-rates , investors , financial-markets , testimony , jobs , labor-market",,, English, English,, New York,"Mar 7, 2024",Business Insider,2024,,https://esearch.ut.edu/login?url=https://www.proquest.com/newspapers/stock-market-today-s-amp-p-500-hits-record-as/docview/2938539923/se-2?accountid=14762,https://ut.primo.exlibrisgroup.com/openurl/01UTAMPA_INST/01UTAMPA_INST:SpartanSearch?genre=article&amp;issn=&amp;title=Stock+market+today%3A+S%26amp%3BP+500+hits+record+as+Powell+reaffirms+rate+cuts&amp;volume=&amp;issue=&amp;date=2024&amp;atitle=Stock+market+today%3A+S%26amp%3BP+500+hits+record+as+Powell+reaffirms+rate+cuts&amp;spage=&amp;sid=ProQ%3Aabidateline&amp;author=Rosen,,ABI/INFORM Collection
"S&P 500 might crash 60%, a recession is looming, and speculation is rife, warns elite technical analyst Milton Berg",,2937866140,Newspapers,"Theron, Mohamed",," Copyright Insider, Inc. Mar 6, 2024", News," Mar 6, 2024"," mi-exclusive , markets , stocks , stock-market-outlook , sp-500 , milton-berg , recession , stock-market-bubble , stock-market-crash , speculation , nvidia-stock , leading-economic-index , inverted-yield-curve , forward-guidance , john-hussman , jeremy-grantham , dot-com-bubble , wall-street-crash",,, English, English,, New York,"Mar 6, 2024",Business Insider,2024,,https://esearch.ut.edu/login?url=https://www.proquest.com/newspapers/s-amp-p-500-might-crash-60-recession-is-looming/docview/2937866140/se-2?accountid=14762,https://ut.primo.exlibrisgroup.com/openurl/01UTAMPA_INST/01UTAMPA_INST:SpartanSearch?genre=article&amp;issn=&amp;title=S%26amp%3BP+500+might+crash+60%25%2C+a+recession+is+looming%2C+and+speculation+is+rife%2C+warns+elite+technical+analyst+Milton+Berg&amp;volume=&amp;issue=&amp;date=2024&amp;atitle=S%26amp%3BP+500+might+crash+60%25%2C+a+recession+is+looming%2C+and+speculation+is+rife%2C+warns+elite+technical+analyst+Milton+Berg&amp;spage=&amp;sid=ProQ%3Aabidateline&amp;author=Theron,,ABI/INFORM Collection
Tesla Is No Longer One of the Top 10 Most Valuable S&P 500 Companies,,2937599305,Newspapers,"Root, Al;Steiner, Rupert", Morgan Stanley," Copyright 2024 Dow Jones & Company, Inc. All Rights Reserved.", News," Mar 6, 2024",,,, English, English,, New York,"Mar 6, 2024",Barron's (Online),2024,,https://esearch.ut.edu/login?url=https://www.proquest.com/newspapers/tesla-is-no-longer-one-top-10-most-valuable-s-amp/docview/2937599305/se-2?accountid=14762,https://ut.primo.exlibrisgroup.com/openurl/01UTAMPA_INST/01UTAMPA_INST:SpartanSearch?genre=article&amp;issn=&amp;title=Tesla+Is+No+Longer+One+of+the+Top+10+Most+Valuable+S%26amp%3BP+500+Companies&amp;volume=&amp;issue=&amp;date=2024&amp;atitle=Tesla+Is+No+Longer+One+of+the+Top+10+Most+Valuable+S%26amp%3BP+500+Companies&amp;spage=&amp;sid=ProQ%3Aabiglobal&amp;author=Root,,"ABI/INFORM Collection, Research Library"
"Big Tech Stocks Pull Down Nasdaq, S&P 500",,2937547948,Newspapers,"Langley, Karen", NVidia Corp," Copyright 2024 Dow Jones & Company, Inc. All Rights Reserved.", News," Mar 6, 2024",,0099-9660,, English, English,," New York, N.Y.","Mar 6, 2024",Wall Street Journal,2024,,https://esearch.ut.edu/login?url=https://www.proquest.com/newspapers/big-tech-stocks-pull-down-nasdaq-s-amp-p-500/docview/2937547948/se-2?accountid=14762,https://ut.primo.exlibrisgroup.com/openurl/01UTAMPA_INST/01UTAMPA_INST:SpartanSearch?genre=article&amp;issn=00999660&amp;title=Big+Tech+Stocks+Pull+Down+Nasdaq%2C+S%26amp%3BP+500&amp;volume=&amp;issue=&amp;date=2024&amp;atitle=Big+Tech+Stocks+Pull+Down+Nasdaq%2C+S%26amp%3BP+500&amp;spage=B.1&amp;sid=ProQ%3Aabiglobal&amp;author=Langley,,ABI/INFORM Collection
Why BofA Sees the S&P 500 Climbing to 5400,,2935175884,Newspapers,"Rivas, Teresa",," Copyright 2024 Dow Jones & Company, Inc. All Rights Reserved.", News," Mar 4, 2024",,,, English, English,, New York,"Mar 4, 2024",Barron's (Online),2024,,https://esearch.ut.edu/login?url=https://www.proquest.com/newspapers/why-bofa-sees-s-amp-p-500-climbing-5400/docview/2935175884/se-2?accountid=14762,https://ut.primo.exlibrisgroup.com/openurl/01UTAMPA_INST/01UTAMPA_INST:SpartanSearch?genre=article&amp;issn=&amp;title=Why+BofA+Sees+the+S%26amp%3BP+500+Climbing+to+5400&amp;volume=&amp;issue=&amp;date=2024&amp;atitle=Why+BofA+Sees+the+S%26amp%3BP+500+Climbing+to+5400&amp;spage=&amp;sid=ProQ%3Aabiglobal&amp;author=Rivas,,"ABI/INFORM Collection, Research Library"
"Bank of America says the S&P 500 rally has 5% further to run this year, but sees a near-term pullback first",,2934426517,Newspapers,"De Mott, Filip", Bank of America Corp," Copyright Insider, Inc. Mar 4, 2024", News," Mar 4, 2024"," mi-exclusive , s-p-analysis , price-target , sp-500 , bank-of-america , s-p-correction , earnings , stock-market-analysis",,, English, English,, New York,"Mar 4, 2024",Business Insider,2024,,https://esearch.ut.edu/login?url=https://www.proquest.com/newspapers/bank-america-says-s-amp-p-500-rally-has-5-further/docview/2934426517/se-2?accountid=14762,https://ut.primo.exlibrisgroup.com/openurl/01UTAMPA_INST/01UTAMPA_INST:SpartanSearch?genre=article&amp;issn=&amp;title=Bank+of+America+says+the+S%26amp%3BP+500+rally+has+5%25+further+to+run+this+year%2C+but+sees+a+near-term+pullback+first&amp;volume=&amp;issue=&amp;date=2024&amp;atitle=Bank+of+America+says+the+S%26amp%3BP+500+rally+has+5%25+further+to+run+this+year%2C+but+sees+a+near-term+pullback+first&amp;spage=&amp;sid=ProQ%3Aabidateline&amp;author=De+Mott,,ABI/INFORM Collection
Super Micro Stock and Deckers Surge. They're Joining the S&P 500 Index.,,2934354480,Newspapers,"Bary, Andrew",," Copyright 2024 Dow Jones & Company, Inc. All Rights Reserved.", News," Mar 4, 2024",,,, English, English,, New York,"Mar 4, 2024",Barron's (Online),2024,,https://esearch.ut.edu/login?url=https://www.proquest.com/newspapers/super-micro-stock-deckers-surge-theyre-joining-s/docview/2934354480/se-2?accountid=14762,https://ut.primo.exlibrisgroup.com/openurl/01UTAMPA_INST/01UTAMPA_INST:SpartanSearch?genre=article&amp;issn=&amp;title=Super+Micro+Stock+and+Deckers+Surge.+They%27re+Joining+the+S%26amp%3BP+500+Index.&amp;volume=&amp;issue=&amp;date=2024&amp;atitle=Super+Micro+Stock+and+Deckers+Surge.+They%27re+Joining+the+S%26amp%3BP+500+Index.&amp;spage=&amp;sid=ProQ%3Aabiglobal&amp;author=Bary,,"ABI/INFORM Collection, Research Library"
"The S&P 500 is at an all-time high, but you should stay invested",,2934182120,Newspapers,, NVidia Corp, © 2024 Singapore Press Holdings, News," Mar 4, 2024",,,, English, English,, Singapore,"Mar 4, 2024",The Business Times,2024,,https://esearch.ut.edu/login?url=https://www.proquest.com/newspapers/s-amp-p-500-is-at-all-time-high-you-should-stay/docview/2934182120/se-2?accountid=14762,https://ut.primo.exlibrisgroup.com/openurl/01UTAMPA_INST/01UTAMPA_INST:SpartanSearch?genre=article&amp;issn=&amp;title=The+S%26amp%3BP+500+is+at+an+all-time+high%2C+but+you+should+stay+invested&amp;volume=&amp;issue=&amp;date=2024&amp;atitle=The+S%26amp%3BP+500+is+at+an+all-time+high%2C+but+you+should+stay+invested&amp;spage=&amp;sid=ProQ%3Aabitrade&amp;author=,,ABI/INFORM Collection
S&P 500 posts 15th record this year,,3022522070,Newspapers,"Nazareth, Rita;Bloomberg News", UBS AG," Copyright Billings Gazette Mar 3, 2024", News," Mar 3, 2024"," the economy , finance , social science , trade , banking , stock exchange , politics , accounting",2372-868X,, English, English,," Billings, Mont.","Mar 3, 2024",The Billings Gazette,2024,,https://esearch.ut.edu/login?url=https://www.proquest.com/newspapers/s-amp-p-500-posts-15th-record-this-year/docview/3022522070/se-2?accountid=14762,https://ut.primo.exlibrisgroup.com/openurl/01UTAMPA_INST/01UTAMPA_INST:SpartanSearch?genre=article&amp;issn=2372868X&amp;title=S%26amp%3BP+500+posts+15th+record+this+year&amp;volume=&amp;issue=&amp;date=2024&amp;atitle=S%26amp%3BP+500+posts+15th+record+this+year&amp;spage=&amp;sid=ProQ%3Aabidateline&amp;author=Nazareth,,ABI/INFORM Collection
Indian stock market: 5 key things that changed for market over the weekend - Gifty Nifty to S&P 500 ends at record,,2933663921,Newspapers,,," Copyright HT Digital Streams Limited Mar 2, 2024", News," Mar 2, 2024",,,, English, English,, New Delhi,"Mar 2, 2024",Mint,2024,,https://esearch.ut.edu/login?url=https://www.proquest.com/newspapers/indian-stock-market-5-key-things-that-changed/docview/2933663921/se-2?accountid=14762,https://ut.primo.exlibrisgroup.com/openurl/01UTAMPA_INST/01UTAMPA_INST:SpartanSearch?genre=article&amp;issn=&amp;title=Indian+stock+market%3A+5+key+things+that+changed+for+market+over+the+weekend+-+Gifty+Nifty+to+S%26amp%3BP+500+ends+at+record&amp;volume=&amp;issue=&amp;date=2024&amp;atitle=Indian+stock+market%3A+5+key+things+that+changed+for+market+over+the+weekend+-+Gifty+Nifty+to+S%26amp%3BP+500+ends+at+record&amp;spage=&amp;sid=ProQ%3Aabiglobal&amp;author=,,ABI/INFORM Collection
"Super Micro, Deckers to Join S&P 500 Index, Replacing Whirlpool, Zions Bancorp",,2933612347,Newspapers,"Bary, Andrew", Zions Bancorp," Copyright 2024 Dow Jones & Company, Inc. All Rights Reserved.", News," Mar 1, 2024",,,, English, English,, New York,"Mar 1, 2024",Barron's (Online),2024,,https://esearch.ut.edu/login?url=https://www.proquest.com/newspapers/super-micro-deckers-join-s-amp-p-500-index/docview/2933612347/se-2?accountid=14762,https://ut.primo.exlibrisgroup.com/openurl/01UTAMPA_INST/01UTAMPA_INST:SpartanSearch?genre=article&amp;issn=&amp;title=Super+Micro%2C+Deckers+to+Join+S%26amp%3BP+500+Index%2C+Replacing+Whirlpool%2C+Zions+Bancorp&amp;volume=&amp;issue=&amp;date=2024&amp;atitle=Super+Micro%2C+Deckers+to+Join+S%26amp%3BP+500+Index%2C+Replacing+Whirlpool%2C+Zions+Bancorp&amp;spage=&amp;sid=ProQ%3Aabiglobal&amp;author=Bary,,"ABI/INFORM Collection, Research Library"
"Nasdaq Notches a Record Close --- Dow, S&P 500 turn in their best first two months of a year since 2019",,2933315478,Newspapers,"Grant, Charley",," Copyright 2024 Dow Jones & Company, Inc. All Rights Reserved.", News," Mar 1, 2024",,0099-9660,, English, English,," New York, N.Y.","Mar 1, 2024",Wall Street Journal,2024,,https://esearch.ut.edu/login?url=https://www.proquest.com/newspapers/nasdaq-notches-record-close-dow-s-amp-p-500-turn/docview/2933315478/se-2?accountid=14762,https://ut.primo.exlibrisgroup.com/openurl/01UTAMPA_INST/01UTAMPA_INST:SpartanSearch?genre=article&amp;issn=00999660&amp;title=Nasdaq+Notches+a+Record+Close+---+Dow%2C+S%26amp%3BP+500+turn+in+their+best+first+two+months+of+a+year+since+2019&amp;volume=&amp;issue=&amp;date=2024&amp;atitle=Nasdaq+Notches+a+Record+Close+---+Dow%2C+S%26amp%3BP+500+turn+in+their+best+first+two+months+of+a+year+since+2019&amp;spage=B.1&amp;sid=ProQ%3Aabiglobal&amp;author=Grant,,ABI/INFORM Collection
Hormel Foods Is the S&P 500's Top Stock. Shoppers Are Going Nuts for Planters.,,2933021824,Newspapers,"Palumbo, Angela", Hormel Foods Corp," Copyright 2024 Dow Jones & Company, Inc. All Rights Reserved.", News," Feb 29, 2024",,,, English, English,, New York,"Feb 29, 2024",Barron's (Online),2024,,https://esearch.ut.edu/login?url=https://www.proquest.com/newspapers/hormel-foods-is-s-amp-p-500s-top-stock-shoppers/docview/2933021824/se-2?accountid=14762,https://ut.primo.exlibrisgroup.com/openurl/01UTAMPA_INST/01UTAMPA_INST:SpartanSearch?genre=article&amp;issn=&amp;title=Hormel+Foods+Is+the+S%26amp%3BP+500%27s+Top+Stock.+Shoppers+Are+Going+Nuts+for+Planters.&amp;volume=&amp;issue=&amp;date=2024&amp;atitle=Hormel+Foods+Is+the+S%26amp%3BP+500%27s+Top+Stock.+Shoppers+Are+Going+Nuts+for+Planters.&amp;spage=&amp;sid=ProQ%3Aabiglobal&amp;author=Palumbo,,"ABI/INFORM Collection, Research Library"
An ETF that tracks the stock trades of Democrats in Congress has been beating the S&P 500 on the strength of Magnificent 7 tech bets,,2932499917,Newspapers,"Fox, Matthew"," Congress , NVidia Corp"," Copyright Insider, Inc. Feb 28, 2024", News," Feb 28, 2024"," mi-exclusive , stock-market , trading , markets , finance , congress-trading",,, English, English,, New York,"Feb 28, 2024",Business Insider,2024,,https://esearch.ut.edu/login?url=https://www.proquest.com/newspapers/etf-that-tracks-stock-trades-democrats-congress/docview/2932499917/se-2?accountid=14762,https://ut.primo.exlibrisgroup.com/openurl/01UTAMPA_INST/01UTAMPA_INST:SpartanSearch?genre=article&amp;issn=&amp;title=An+ETF+that+tracks+the+stock+trades+of+Democrats+in+Congress+has+been+beating+the+S%26amp%3BP+500+on+the+strength+of+Magnificent+7+tech+bets&amp;volume=&amp;issue=&amp;date=2024&amp;atitle=An+ETF+that+tracks+the+stock+trades+of+Democrats+in+Congress+has+been+beating+the+S%26amp%3BP+500+on+the+strength+of+Magnificent+7+tech+bets&amp;spage=&amp;sid=ProQ%3Aabidateline&amp;author=Fox,,ABI/INFORM Collection
Taser Maker Axon Is Top Stock in S&P 500 Today. Here's Why.,,2932491113,Newspapers,"Dattilo, Emily",," Copyright 2024 Dow Jones & Company, Inc. All Rights Reserved.", News," Feb 28, 2024",,,, English, English,, New York,"Feb 28, 2024",Barron's (Online),2024,,https://esearch.ut.edu/login?url=https://www.proquest.com/newspapers/taser-maker-axon-is-top-stock-s-amp-p-500-today/docview/2932491113/se-2?accountid=14762,https://ut.primo.exlibrisgroup.com/openurl/01UTAMPA_INST/01UTAMPA_INST:SpartanSearch?genre=article&amp;issn=&amp;title=Taser+Maker+Axon+Is+Top+Stock+in+S%26amp%3BP+500+Today.+Here%27s+Why.&amp;volume=&amp;issue=&amp;date=2024&amp;atitle=Taser+Maker+Axon+Is+Top+Stock+in+S%26amp%3BP+500+Today.+Here%27s+Why.&amp;spage=&amp;sid=ProQ%3Aabiglobal&amp;author=Dattilo,,"ABI/INFORM Collection, Research Library"
"What's Behind the S&P 500's Spectacular Gains, in 4 Charts",,2931067892,Newspapers,"Liu, Evie", NVidia Corp," Copyright 2024 Dow Jones & Company, Inc. All Rights Reserved.", News," Feb 24, 2024",,,, English, English,, New York,"Feb 24, 2024",Barron's (Online),2024,,https://esearch.ut.edu/login?url=https://www.proquest.com/newspapers/whats-behind-s-amp-p-500s-spectacular-gains-4/docview/2931067892/se-2?accountid=14762,https://ut.primo.exlibrisgroup.com/openurl/01UTAMPA_INST/01UTAMPA_INST:SpartanSearch?genre=article&amp;issn=&amp;title=What%27s+Behind+the+S%26amp%3BP+500%27s+Spectacular+Gains%2C+in+4+Charts&amp;volume=&amp;issue=&amp;date=2024&amp;atitle=What%27s+Behind+the+S%26amp%3BP+500%27s+Spectacular+Gains%2C+in+4+Charts&amp;spage=&amp;sid=ProQ%3Aabiglobal&amp;author=Liu,,"ABI/INFORM Collection, Research Library"
"US stocks close mixed as tech rally cools after a brief S&P 500 surge past 5,100",,2930934531,Newspapers,"Soni, Aruni", NVidia Corp," Copyright Insider, Inc. Feb 23, 2024", News," Feb 23, 2024"," mi-exclusive , stock-market-news-today , sp-500 , record-highs , tech-stocks , nvidia , spx",,, English, English,, New York,"Feb 23, 2024",Business Insider,2024,,https://esearch.ut.edu/login?url=https://www.proquest.com/newspapers/us-stocks-close-mixed-as-tech-rally-cools-after/docview/2930934531/se-2?accountid=14762,https://ut.primo.exlibrisgroup.com/openurl/01UTAMPA_INST/01UTAMPA_INST:SpartanSearch?genre=article&amp;issn=&amp;title=US+stocks+close+mixed+as+tech+rally+cools+after+a+brief+S%26amp%3BP+500+surge+past+5%2C100&amp;volume=&amp;issue=&amp;date=2024&amp;atitle=US+stocks+close+mixed+as+tech+rally+cools+after+a+brief+S%26amp%3BP+500+surge+past+5%2C100&amp;spage=&amp;sid=ProQ%3Aabidateline&amp;author=Soni,,ABI/INFORM Collection
"World markets today: US stocks surge on robust Nvidia results, S&P 500 up 1.31%, Nasdaq climbs 2.13%",,2929998619,Newspapers,, NVidia Corp," Copyright HT Digital Streams Limited Feb 22, 2024", News," Feb 22, 2024",,,, English, English,, New Delhi,"Feb 22, 2024",Mint,2024,,https://esearch.ut.edu/login?url=https://www.proquest.com/newspapers/world-markets-today-us-stocks-surge-on-robust/docview/2929998619/se-2?accountid=14762,https://ut.primo.exlibrisgroup.com/openurl/01UTAMPA_INST/01UTAMPA_INST:SpartanSearch?genre=article&amp;issn=&amp;title=World+markets+today%3A+US+stocks+surge+on+robust+Nvidia+results%2C+S%26amp%3BP+500+up+1.31%25%2C+Nasdaq+climbs+2.13%25&amp;volume=&amp;issue=&amp;date=2024&amp;atitle=World+markets+today%3A+US+stocks+surge+on+robust+Nvidia+results%2C+S%26amp%3BP+500+up+1.31%25%2C+Nasdaq+climbs+2.13%25&amp;spage=&amp;sid=ProQ%3Aabiglobal&amp;author=,,ABI/INFORM Collection
Etsy Stock Is S&P 500's Worst Performer Thursday. Why Analysts See Room for Hope.,,2929681633,Newspapers,"Vanjani, Karishma",," Copyright 2024 Dow Jones & Company, Inc. All Rights Reserved.", News," Feb 22, 2024",,,, English, English,, New York,"Feb 22, 2024",Barron's (Online),2024,,https://esearch.ut.edu/login?url=https://www.proquest.com/newspapers/etsy-stock-is-s-amp-p-500s-worst-performer/docview/2929681633/se-2?accountid=14762,https://ut.primo.exlibrisgroup.com/openurl/01UTAMPA_INST/01UTAMPA_INST:SpartanSearch?genre=article&amp;issn=&amp;title=Etsy+Stock+Is+S%26amp%3BP+500%27s+Worst+Performer+Thursday.+Why+Analysts+See+Room+for+Hope.&amp;volume=&amp;issue=&amp;date=2024&amp;atitle=Etsy+Stock+Is+S%26amp%3BP+500%27s+Worst+Performer+Thursday.+Why+Analysts+See+Room+for+Hope.&amp;spage=&amp;sid=ProQ%3Aabiglobal&amp;author=Vanjani,,"ABI/INFORM Collection, Research Library"
Bitcoin Rises as Crypto Traders Look to the S&P 500 and Nvidia,,2929413042,Newspapers,"Denton, Jack", NVidia Corp," Copyright 2024 Dow Jones & Company, Inc. All Rights Reserved.", News," Feb 22, 2024",,,, English, English,, New York,"Feb 22, 2024",Barron's (Online),2024,,https://esearch.ut.edu/login?url=https://www.proquest.com/newspapers/bitcoin-rises-as-crypto-traders-look-s-amp-p-500/docview/2929413042/se-2?accountid=14762,https://ut.primo.exlibrisgroup.com/openurl/01UTAMPA_INST/01UTAMPA_INST:SpartanSearch?genre=article&amp;issn=&amp;title=Bitcoin+Rises+as+Crypto+Traders+Look+to+the+S%26amp%3BP+500+and+Nvidia&amp;volume=&amp;issue=&amp;date=2024&amp;atitle=Bitcoin+Rises+as+Crypto+Traders+Look+to+the+S%26amp%3BP+500+and+Nvidia&amp;spage=&amp;sid=ProQ%3Aabiglobal&amp;author=Denton,,"ABI/INFORM Collection, Research Library"
"UBS says hot, demand-driven inflation is positive for stocks, raises its S&P 500 target to a Wall Street high",,2928627947,Newspapers,"Soni, Aruni", UBS AG," Copyright Insider, Inc. Feb 20, 2024", News," Feb 20, 2024"," mi-exclusive , sp-500 , s-p-500-outlook , stock-market , ubs , inflation",,, English, English,, New York,"Feb 20, 2024",Business Insider,2024,,https://esearch.ut.edu/login?url=https://www.proquest.com/newspapers/ubs-says-hot-demand-driven-inflation-is-positive/docview/2928627947/se-2?accountid=14762,https://ut.primo.exlibrisgroup.com/openurl/01UTAMPA_INST/01UTAMPA_INST:SpartanSearch?genre=article&amp;issn=&amp;title=UBS+says+hot%2C+demand-driven+inflation+is+positive+for+stocks%2C+raises+its+S%26amp%3BP+500+target+to+a+Wall+Street+high&amp;volume=&amp;issue=&amp;date=2024&amp;atitle=UBS+says+hot%2C+demand-driven+inflation+is+positive+for+stocks%2C+raises+its+S%26amp%3BP+500+target+to+a+Wall+Street+high&amp;spage=&amp;sid=ProQ%3Aabidateline&amp;author=Soni,,ABI/INFORM Collection
Goldman Sachs now sees the S&P 500 climbing another 4% this year on mega-cap earnings strength,,2928627907,Newspapers,"Fox, Matthew", Goldman Sachs Group Inc," Copyright Insider, Inc. Feb 20, 2024", News," Feb 20, 2024"," mi-exclusive , stock-market-outlook , stock-market-analysis , stock-market , analyst-note , markets , sp-500",,, English, English,, New York,"Feb 20, 2024",Business Insider,2024,,https://esearch.ut.edu/login?url=https://www.proquest.com/newspapers/goldman-sachs-now-sees-s-amp-p-500-climbing/docview/2928627907/se-2?accountid=14762,https://ut.primo.exlibrisgroup.com/openurl/01UTAMPA_INST/01UTAMPA_INST:SpartanSearch?genre=article&amp;issn=&amp;title=Goldman+Sachs+now+sees+the+S%26amp%3BP+500+climbing+another+4%25+this+year+on+mega-cap+earnings+strength&amp;volume=&amp;issue=&amp;date=2024&amp;atitle=Goldman+Sachs+now+sees+the+S%26amp%3BP+500+climbing+another+4%25+this+year+on+mega-cap+earnings+strength&amp;spage=&amp;sid=ProQ%3Aabidateline&amp;author=Fox,,ABI/INFORM Collection
Goldman Ignores the Fed and Lifts Target for S&P 500 Stocks,,2928158492,Newspapers,"Swint, Brian",," Copyright 2024 Dow Jones & Company, Inc. All Rights Reserved.", News," Feb 19, 2024",,,, English, English,, New York,"Feb 19, 2024",Barron's (Online),2024,,https://esearch.ut.edu/login?url=https://www.proquest.com/newspapers/goldman-ignores-fed-lifts-target-s-amp-p-500/docview/2928158492/se-2?accountid=14762,https://ut.primo.exlibrisgroup.com/openurl/01UTAMPA_INST/01UTAMPA_INST:SpartanSearch?genre=article&amp;issn=&amp;title=Goldman+Ignores+the+Fed+and+Lifts+Target+for+S%26amp%3BP+500+Stocks&amp;volume=&amp;issue=&amp;date=2024&amp;atitle=Goldman+Ignores+the+Fed+and+Lifts+Target+for+S%26amp%3BP+500+Stocks&amp;spage=&amp;sid=ProQ%3Aabiglobal&amp;author=Swint,,"ABI/INFORM Collection, Research Library"
Bitcoin Is Rising. Presidents Day and S&P 500 Closure May Usher in More Gains.,,2928158491,Newspapers,"Denton, Jack",," Copyright 2024 Dow Jones & Company, Inc. All Rights Reserved.", News," Feb 19, 2024",,,, English, English,, New York,"Feb 19, 2024",Barron's (Online),2024,,https://esearch.ut.edu/login?url=https://www.proquest.com/newspapers/bitcoin-is-rising-presidents-day-s-amp-p-500/docview/2928158491/se-2?accountid=14762,https://ut.primo.exlibrisgroup.com/openurl/01UTAMPA_INST/01UTAMPA_INST:SpartanSearch?genre=article&amp;issn=&amp;title=Bitcoin+Is+Rising.+Presidents+Day+and+S%26amp%3BP+500+Closure+May+Usher+in+More+Gains.&amp;volume=&amp;issue=&amp;date=2024&amp;atitle=Bitcoin+Is+Rising.+Presidents+Day+and+S%26amp%3BP+500+Closure+May+Usher+in+More+Gains.&amp;spage=&amp;sid=ProQ%3Aabiglobal&amp;author=Denton,,"ABI/INFORM Collection, Research Library"
S&P 500 shows strong momentum after record close,,2928147395,Newspapers,Chan,, © 2024 Singapore Press Holdings, News," Feb 19, 2024",,,, English, English,, Singapore,"Feb 19, 2024",The Business Times,2024,,https://esearch.ut.edu/login?url=https://www.proquest.com/newspapers/s-amp-p-500-shows-strong-momentum-after-record/docview/2928147395/se-2?accountid=14762,https://ut.primo.exlibrisgroup.com/openurl/01UTAMPA_INST/01UTAMPA_INST:SpartanSearch?genre=article&amp;issn=&amp;title=S%26amp%3BP+500+shows+strong+momentum+after+record+close&amp;volume=&amp;issue=&amp;date=2024&amp;atitle=S%26amp%3BP+500+shows+strong+momentum+after+record+close&amp;spage=&amp;sid=ProQ%3Aabitrade&amp;author=Chan,,ABI/INFORM Collection
A hedge-fund manager overseeing $120 million shares 4 recession-proof stocks he's betting on for 2024 - and warns the S&P 500 is priced for perfection,,2927985717,Newspapers,"Edwards, William",," Copyright Insider, Inc. Feb 18, 2024", News," Feb 18, 2024"," bi-prime , investing , stocks-to-buy , stock-market-outlook , lukasz-tomicki , lrt-capital-management",,, English, English,, New York,"Feb 18, 2024",Business Insider,2024,,https://esearch.ut.edu/login?url=https://www.proquest.com/newspapers/hedge-fund-manager-overseeing-120-million-shares/docview/2927985717/se-2?accountid=14762,https://ut.primo.exlibrisgroup.com/openurl/01UTAMPA_INST/01UTAMPA_INST:SpartanSearch?genre=article&amp;issn=&amp;title=A+hedge-fund+manager+overseeing+%24120+million+shares+4+recession-proof+stocks+he%27s+betting+on+for+2024+-+and+warns+the+S%26amp%3BP+500+is+priced+for+perfection&amp;volume=&amp;issue=&amp;date=2024&amp;atitle=A+hedge-fund+manager+overseeing+%24120+million+shares+4+recession-proof+stocks+he%27s+betting+on+for+2024+-+and+warns+the+S%26amp%3BP+500+is+priced+for+perfection&amp;spage=&amp;sid=ProQ%3Aabidateline&amp;author=Edwards,,ABI/INFORM Collection
"The S&P 500 could rise as high as 5600, and these 8 ETFs are poised for big upside along the way: Bank of America",,2927985554,Newspapers,"Reeth, Mark"," Bank of America Corp , New York Stock Exchange--NYSE"," Copyright Insider, Inc. Feb 18, 2024", News," Feb 18, 2024"," features , bi-prime , investing , stock-market , etf , etfs , etf-strategy , bank-of-america",,, English, English,, New York,"Feb 18, 2024",Business Insider,2024,,https://esearch.ut.edu/login?url=https://www.proquest.com/newspapers/s-amp-p-500-could-rise-as-high-5600-these-8-etfs/docview/2927985554/se-2?accountid=14762,https://ut.primo.exlibrisgroup.com/openurl/01UTAMPA_INST/01UTAMPA_INST:SpartanSearch?genre=article&amp;issn=&amp;title=The+S%26amp%3BP+500+could+rise+as+high+as+5600%2C+and+these+8+ETFs+are+poised+for+big+upside+along+the+way%3A+Bank+of+America&amp;volume=&amp;issue=&amp;date=2024&amp;atitle=The+S%26amp%3BP+500+could+rise+as+high+as+5600%2C+and+these+8+ETFs+are+poised+for+big+upside+along+the+way%3A+Bank+of+America&amp;spage=&amp;sid=ProQ%3Aabidateline&amp;author=Reeth,,ABI/INFORM Collection
S&P 500's True Tech Weighting Tops 40%. Why the Index Is So Hard to Beat.,,2927766209,Newspapers,"Bary, Andrew",," Copyright 2024 Dow Jones & Company, Inc. All Rights Reserved.", News," Feb 17, 2024",,,, English, English,, New York,"Feb 17, 2024",Barron's (Online),2024,,https://esearch.ut.edu/login?url=https://www.proquest.com/newspapers/s-amp-p-500s-true-tech-weighting-tops-40-why/docview/2927766209/se-2?accountid=14762,https://ut.primo.exlibrisgroup.com/openurl/01UTAMPA_INST/01UTAMPA_INST:SpartanSearch?genre=article&amp;issn=&amp;title=S%26amp%3BP+500%27s+True+Tech+Weighting+Tops+40%25.+Why+the+Index+Is+So+Hard+to+Beat.&amp;volume=&amp;issue=&amp;date=2024&amp;atitle=S%26amp%3BP+500%27s+True+Tech+Weighting+Tops+40%25.+Why+the+Index+Is+So+Hard+to+Beat.&amp;spage=&amp;sid=ProQ%3Aabiglobal&amp;author=Bary,,"ABI/INFORM Collection, Research Library"
S&P 500 companies are more obsessed than ever with AI,,2926662705,Newspapers,"Rosen, Phil", Goldman Sachs Group Inc," Copyright Insider, Inc. Feb 15, 2024", News," Feb 15, 2024"," mi-exclusive , stock-market , stocks , goldman-sachs , artificial-intelligence , tech , ai , earnings , fourth-quarter , nvidia , sp500 , tsmc , arm , technology",,, English, English,, New York,"Feb 15, 2024",Business Insider,2024,,https://esearch.ut.edu/login?url=https://www.proquest.com/newspapers/s-amp-p-500-companies-are-more-obsessed-than-ever/docview/2926662705/se-2?accountid=14762,https://ut.primo.exlibrisgroup.com/openurl/01UTAMPA_INST/01UTAMPA_INST:SpartanSearch?genre=article&amp;issn=&amp;title=S%26amp%3BP+500+companies+are+more+obsessed+than+ever+with+AI&amp;volume=&amp;issue=&amp;date=2024&amp;atitle=S%26amp%3BP+500+companies+are+more+obsessed+than+ever+with+AI&amp;spage=&amp;sid=ProQ%3Aabidateline&amp;author=Rosen,,ABI/INFORM Collection
Zebra Is the S&P 500's Top Stock. Its Customers Are Feeling Better.,,2926592326,Newspapers,"Root, Al",," Copyright 2024 Dow Jones & Company, Inc. All Rights Reserved.", News," Feb 15, 2024",,,, English, English,, New York,"Feb 15, 2024",Barron's (Online),2024,,https://esearch.ut.edu/login?url=https://www.proquest.com/newspapers/zebra-is-s-amp-p-500s-top-stock-customers-are/docview/2926592326/se-2?accountid=14762,https://ut.primo.exlibrisgroup.com/openurl/01UTAMPA_INST/01UTAMPA_INST:SpartanSearch?genre=article&amp;issn=&amp;title=Zebra+Is+the+S%26amp%3BP+500%27s+Top+Stock.+Its+Customers+Are+Feeling+Better.&amp;volume=&amp;issue=&amp;date=2024&amp;atitle=Zebra+Is+the+S%26amp%3BP+500%27s+Top+Stock.+Its+Customers+Are+Feeling+Better.&amp;spage=&amp;sid=ProQ%3Aabiglobal&amp;author=Root,,"ABI/INFORM Collection, Research Library"
"Technology Stocks Lead Market Recovery --- Nine of S&P 500's 11 sectors rise, Russell 2000 index of small- caps rebounds",,2926367960,Newspapers,"Wallerstein, Eric",," Copyright 2024 Dow Jones & Company, Inc. All Rights Reserved.", News," Feb 15, 2024",,0099-9660,, English, English,," New York, N.Y.","Feb 15, 2024",Wall Street Journal,2024,,https://esearch.ut.edu/login?url=https://www.proquest.com/newspapers/technology-stocks-lead-market-recovery-nine-s-amp/docview/2926367960/se-2?accountid=14762,https://ut.primo.exlibrisgroup.com/openurl/01UTAMPA_INST/01UTAMPA_INST:SpartanSearch?genre=article&amp;issn=00999660&amp;title=Technology+Stocks+Lead+Market+Recovery+---+Nine+of+S%26amp%3BP+500%27s+11+sectors+rise%2C+Russell+2000+index+of+small-+caps+rebounds&amp;volume=&amp;issue=&amp;date=2024&amp;atitle=Technology+Stocks+Lead+Market+Recovery+---+Nine+of+S%26amp%3BP+500%27s+11+sectors+rise%2C+Russell+2000+index+of+small-+caps+rebounds&amp;spage=B.11&amp;sid=ProQ%3Aabiglobal&amp;author=Wallerstein,,ABI/INFORM Collection
"The S&P 500 would have to climb another 25% to reach dot-com-era 'irrational exuberance,' SocGen says",,2926249199,Newspapers,"Soni, Aruni", NVidia Corp," Copyright Insider, Inc. Feb 14, 2024", News," Feb 14, 2024"," mi-exclusive , us-stock-market , irrational-exuberance , sp-500 , tech-stocks , dotcom-bubble",,, English, English,, New York,"Feb 14, 2024",Business Insider,2024,,https://esearch.ut.edu/login?url=https://www.proquest.com/newspapers/s-amp-p-500-would-have-climb-another-25-reach-dot/docview/2926249199/se-2?accountid=14762,https://ut.primo.exlibrisgroup.com/openurl/01UTAMPA_INST/01UTAMPA_INST:SpartanSearch?genre=article&amp;issn=&amp;title=The+S%26amp%3BP+500+would+have+to+climb+another+25%25+to+reach+dot-com-era+%27irrational+exuberance%2C%27+SocGen+says&amp;volume=&amp;issue=&amp;date=2024&amp;atitle=The+S%26amp%3BP+500+would+have+to+climb+another+25%25+to+reach+dot-com-era+%27irrational+exuberance%2C%27+SocGen+says&amp;spage=&amp;sid=ProQ%3Aabidateline&amp;author=Soni,,ABI/INFORM Collection
MGM Is the S&P 500's Worst Stock on Wednesday. Why the Casino's Shares Are Falling.,,2926172761,Newspapers,"Palumbo, Angela",," Copyright 2024 Dow Jones & Company, Inc. All Rights Reserved.", News," Feb 14, 2024",,,, English, English,, New York,"Feb 14, 2024",Barron's (Online),2024,,https://esearch.ut.edu/login?url=https://www.proquest.com/newspapers/mgm-is-s-amp-p-500s-worst-stock-on-wednesday-why/docview/2926172761/se-2?accountid=14762,https://ut.primo.exlibrisgroup.com/openurl/01UTAMPA_INST/01UTAMPA_INST:SpartanSearch?genre=article&amp;issn=&amp;title=MGM+Is+the+S%26amp%3BP+500%27s+Worst+Stock+on+Wednesday.+Why+the+Casino%27s+Shares+Are+Falling.&amp;volume=&amp;issue=&amp;date=2024&amp;atitle=MGM+Is+the+S%26amp%3BP+500%27s+Worst+Stock+on+Wednesday.+Why+the+Casino%27s+Shares+Are+Falling.&amp;spage=&amp;sid=ProQ%3Aabiglobal&amp;author=Palumbo,,"ABI/INFORM Collection, Research Library"
A top 2% fund manager crushing the S&P 500 over the last 4 years despite owning none of the 'Magnificent 7' shares 7 stocks he's betting on - and breaks down the 4 guiding principles he uses to beat the market,,2926017386,Newspapers,"Edwards, William", Bank of America Corp," Copyright Insider, Inc. Feb 14, 2024", News," Feb 14, 2024"," bi-prime , investing , investing-advice , investing-recommendations , how-to-invest , stock-recommendations , stock-picks , stock-picks-to-buy , stock-market-investing , bill-smead , smead-capital-management",,, English, English,, New York,"Feb 14, 2024",Business Insider,2024,,https://esearch.ut.edu/login?url=https://www.proquest.com/newspapers/top-2-fund-manager-crushing-s-amp-p-500-over-last/docview/2926017386/se-2?accountid=14762,https://ut.primo.exlibrisgroup.com/openurl/01UTAMPA_INST/01UTAMPA_INST:SpartanSearch?genre=article&amp;issn=&amp;title=A+top+2%25+fund+manager+crushing+the+S%26amp%3BP+500+over+the+last+4+years+despite+owning+none+of+the+%27Magnificent+7%27+shares+7+stocks+he%27s+betting+on+-+and+breaks+down+the+4+guiding+principles+he+uses+to+beat+the+market&amp;volume=&amp;issue=&amp;date=2024&amp;atitle=A+top+2%25+fund+manager+crushing+the+S%26amp%3BP+500+over+the+last+4+years+despite+owning+none+of+the+%27Magnificent+7%27+shares+7+stocks+he%27s+betting+on+-+and+breaks+down+the+4+guiding+principles+he+uses+to+beat+the+market&amp;spage=&amp;sid=ProQ%3Aabidateline&amp;author=Edwards,,ABI/INFORM Collection
"Bitcoin Tears Higher, Bucking Inflation Data Pressure on the S&P 500",,2925934065,Newspapers,"Denton, Jack",," Copyright 2024 Dow Jones & Company, Inc. All Rights Reserved.", News," Feb 14, 2024",,,, English, English,, New York,"Feb 14, 2024",Barron's (Online),2024,,https://esearch.ut.edu/login?url=https://www.proquest.com/newspapers/bitcoin-tears-higher-bucking-inflation-data/docview/2925934065/se-2?accountid=14762,https://ut.primo.exlibrisgroup.com/openurl/01UTAMPA_INST/01UTAMPA_INST:SpartanSearch?genre=article&amp;issn=&amp;title=Bitcoin+Tears+Higher%2C+Bucking+Inflation+Data+Pressure+on+the+S%26amp%3BP+500&amp;volume=&amp;issue=&amp;date=2024&amp;atitle=Bitcoin+Tears+Higher%2C+Bucking+Inflation+Data+Pressure+on+the+S%26amp%3BP+500&amp;spage=&amp;sid=ProQ%3Aabiglobal&amp;author=Denton,,"ABI/INFORM Collection, Research Library"
"World markets today: US stocks sink after inflation data dampens rate cut hopes; Dow, S&P 500, Nasdaq dip over 1%",,2925657050,Newspapers,,," Copyright HT Digital Streams Limited Feb 13, 2024", News," Feb 13, 2024",,,, English, English,, New Delhi,"Feb 13, 2024",Mint,2024,,https://esearch.ut.edu/login?url=https://www.proquest.com/newspapers/world-markets-today-us-stocks-sink-after/docview/2925657050/se-2?accountid=14762,https://ut.primo.exlibrisgroup.com/openurl/01UTAMPA_INST/01UTAMPA_INST:SpartanSearch?genre=article&amp;issn=&amp;title=World+markets+today%3A+US+stocks+sink+after+inflation+data+dampens+rate+cut+hopes%3B+Dow%2C+S%26amp%3BP+500%2C+Nasdaq+dip+over+1%25&amp;volume=&amp;issue=&amp;date=2024&amp;atitle=World+markets+today%3A+US+stocks+sink+after+inflation+data+dampens+rate+cut+hopes%3B+Dow%2C+S%26amp%3BP+500%2C+Nasdaq+dip+over+1%25&amp;spage=&amp;sid=ProQ%3Aabiglobal&amp;author=,,ABI/INFORM Collection
Ecolab Is the S&P 500's Top Stock Tuesday. Here's Why.,,2925537585,Newspapers,"Vanjani, Karishma",," Copyright 2024 Dow Jones & Company, Inc. All Rights Reserved.", News," Feb 13, 2024",,,, English, English,, New York,"Feb 13, 2024",Barron's (Online),2024,,https://esearch.ut.edu/login?url=https://www.proquest.com/newspapers/ecolab-is-s-amp-p-500s-top-stock-tuesday-heres/docview/2925537585/se-2?accountid=14762,https://ut.primo.exlibrisgroup.com/openurl/01UTAMPA_INST/01UTAMPA_INST:SpartanSearch?genre=article&amp;issn=&amp;title=Ecolab+Is+the+S%26amp%3BP+500%27s+Top+Stock+Tuesday.+Here%27s+Why.&amp;volume=&amp;issue=&amp;date=2024&amp;atitle=Ecolab+Is+the+S%26amp%3BP+500%27s+Top+Stock+Tuesday.+Here%27s+Why.&amp;spage=&amp;sid=ProQ%3Aabiglobal&amp;author=Vanjani,,"ABI/INFORM Collection, Research Library"
"Tesla, Nvidia, and the Magnificent 7 Are Macro Risks Now. What It Means for the S&P 500.",,2925518785,Newspapers,"Denton, Jack"," NVidia Corp , Deutsche Bank AG"," Copyright 2024 Dow Jones & Company, Inc. All Rights Reserved.", News," Feb 13, 2024",,,, English, English,, New York,"Feb 13, 2024",Barron's (Online),2024,,https://esearch.ut.edu/login?url=https://www.proquest.com/newspapers/tesla-nvidia-magnificent-7-are-macro-risks-now/docview/2925518785/se-2?accountid=14762,https://ut.primo.exlibrisgroup.com/openurl/01UTAMPA_INST/01UTAMPA_INST:SpartanSearch?genre=article&amp;issn=&amp;title=Tesla%2C+Nvidia%2C+and+the+Magnificent+7+Are+Macro+Risks+Now.+What+It+Means+for+the+S%26amp%3BP+500.&amp;volume=&amp;issue=&amp;date=2024&amp;atitle=Tesla%2C+Nvidia%2C+and+the+Magnificent+7+Are+Macro+Risks+Now.+What+It+Means+for+the+S%26amp%3BP+500.&amp;spage=&amp;sid=ProQ%3Aabiglobal&amp;author=Denton,,"ABI/INFORM Collection, Research Library"
"These 3 stocks could lead the charge for a 19% surge in the S&P 500 to 6,000 this year, according to a market research firm that counts Wall Street's top banks among its clients",,2925473325,Newspapers,"Edwards, William", NVidia Corp," Copyright Insider, Inc. Feb 13, 2024", News," Feb 13, 2024"," bi-prime , investing , investing-advice , stock-picks-to-buy , stock-picks , stock-recommendations , investing-recommendations , magnificent-seven , tech-stocks , sevens-report-research , where-to-invest",,, English, English,, New York,"Feb 13, 2024",Business Insider,2024,,https://esearch.ut.edu/login?url=https://www.proquest.com/newspapers/these-3-stocks-could-lead-charge-19-surge-s-amp-p/docview/2925473325/se-2?accountid=14762,https://ut.primo.exlibrisgroup.com/openurl/01UTAMPA_INST/01UTAMPA_INST:SpartanSearch?genre=article&amp;issn=&amp;title=These+3+stocks+could+lead+the+charge+for+a+19%25+surge+in+the+S%26amp%3BP+500+to+6%2C000+this+year%2C+according+to+a+market+research+firm+that+counts+Wall+Street%27s+top+banks+among+its+clients&amp;volume=&amp;issue=&amp;date=2024&amp;atitle=These+3+stocks+could+lead+the+charge+for+a+19%25+surge+in+the+S%26amp%3BP+500+to+6%2C000+this+year%2C+according+to+a+market+research+firm+that+counts+Wall+Street%27s+top+banks+among+its+clients&amp;spage=&amp;sid=ProQ%3Aabidateline&amp;author=Edwards,,ABI/INFORM Collection
"Bitcoin Soars to $50,000. Can Crypto Follow the S&P 500 to Record Highs?",,2925375966,Newspapers,"Denton, Jack",," Copyright 2024 Dow Jones & Company, Inc. All Rights Reserved.", News," Feb 13, 2024",,,, English, English,, New York,"Feb 13, 2024",Barron's (Online),2024,,https://esearch.ut.edu/login?url=https://www.proquest.com/newspapers/bitcoin-soars-50-000-can-crypto-follow-s-amp-p/docview/2925375966/se-2?accountid=14762,https://ut.primo.exlibrisgroup.com/openurl/01UTAMPA_INST/01UTAMPA_INST:SpartanSearch?genre=article&amp;issn=&amp;title=Bitcoin+Soars+to+%2450%2C000.+Can+Crypto+Follow+the+S%26amp%3BP+500+to+Record+Highs%3F&amp;volume=&amp;issue=&amp;date=2024&amp;atitle=Bitcoin+Soars+to+%2450%2C000.+Can+Crypto+Follow+the+S%26amp%3BP+500+to+Record+Highs%3F&amp;spage=&amp;sid=ProQ%3Aabiglobal&amp;author=Denton,,"ABI/INFORM Collection, Research Library"
Why the S&P 500's 'ridiculous' winning streak could soon sputter,,2925091370,Newspapers,"Rosen, Phil",," Copyright Insider, Inc. Feb 12, 2024", News," Feb 12, 2024"," mi-exclusive , markets , stock-market , stock-market-outlook , stocks , economy , sp500 , bull-market , stock-market-rally",,, English, English,, New York,"Feb 12, 2024",Business Insider,2024,,https://esearch.ut.edu/login?url=https://www.proquest.com/newspapers/why-s-amp-p-500s-ridiculous-winning-streak-could/docview/2925091370/se-2?accountid=14762,https://ut.primo.exlibrisgroup.com/openurl/01UTAMPA_INST/01UTAMPA_INST:SpartanSearch?genre=article&amp;issn=&amp;title=Why+the+S%26amp%3BP+500%27s+%27ridiculous%27+winning+streak+could+soon+sputter&amp;volume=&amp;issue=&amp;date=2024&amp;atitle=Why+the+S%26amp%3BP+500%27s+%27ridiculous%27+winning+streak+could+soon+sputter&amp;spage=&amp;sid=ProQ%3Aabidateline&amp;author=Rosen,,ABI/INFORM Collection
VF Corp. Stock Is the S&P 500's Top Performer Monday. Here's Why.,,2925060327,Newspapers,"Dattilo, Emily"," VF Corp , Engaged Capital LLC"," Copyright 2024 Dow Jones & Company, Inc. All Rights Reserved.", News," Feb 12, 2024",,,, English, English,, New York,"Feb 12, 2024",Barron's (Online),2024,,https://esearch.ut.edu/login?url=https://www.proquest.com/newspapers/vf-corp-stock-is-s-amp-p-500s-top-performer/docview/2925060327/se-2?accountid=14762,https://ut.primo.exlibrisgroup.com/openurl/01UTAMPA_INST/01UTAMPA_INST:SpartanSearch?genre=article&amp;issn=&amp;title=VF+Corp.+Stock+Is+the+S%26amp%3BP+500%27s+Top+Performer+Monday.+Here%27s+Why.&amp;volume=&amp;issue=&amp;date=2024&amp;atitle=VF+Corp.+Stock+Is+the+S%26amp%3BP+500%27s+Top+Performer+Monday.+Here%27s+Why.&amp;spage=&amp;sid=ProQ%3Aabiglobal&amp;author=Dattilo,,"ABI/INFORM Collection, Research Library"
The S&P 500 Broke 5000. Where the Stock Market Goes Next.,,2924986023,Newspapers,"Rivas, Teresa",," Copyright 2024 Dow Jones & Company, Inc. All Rights Reserved.", News," Feb 12, 2024",,,, English, English,, New York,"Feb 12, 2024",Barron's (Online),2024,,https://esearch.ut.edu/login?url=https://www.proquest.com/newspapers/s-amp-p-500-broke-5000-where-stock-market-goes/docview/2924986023/se-2?accountid=14762,https://ut.primo.exlibrisgroup.com/openurl/01UTAMPA_INST/01UTAMPA_INST:SpartanSearch?genre=article&amp;issn=&amp;title=The+S%26amp%3BP+500+Broke+5000.+Where+the+Stock+Market+Goes+Next.&amp;volume=&amp;issue=&amp;date=2024&amp;atitle=The+S%26amp%3BP+500+Broke+5000.+Where+the+Stock+Market+Goes+Next.&amp;spage=&amp;sid=ProQ%3Aabiglobal&amp;author=Rivas,,"ABI/INFORM Collection, Research Library"
"Why the S&P 500 Can Shrug Off a Hot Inflation Surprise, and 5 Other Things to Know Before Markets Open",,2924953972,Newspapers,," DoorDash Inc , Instacart Inc"," Copyright 2024 Dow Jones & Company, Inc. All Rights Reserved.", News," Feb 12, 2024",,,, English, English,, New York,"Feb 12, 2024",Barron's (Online),2024,,https://esearch.ut.edu/login?url=https://www.proquest.com/newspapers/why-s-amp-p-500-can-shrug-off-hot-inflation/docview/2924953972/se-2?accountid=14762,https://ut.primo.exlibrisgroup.com/openurl/01UTAMPA_INST/01UTAMPA_INST:SpartanSearch?genre=article&amp;issn=&amp;title=Why+the+S%26amp%3BP+500+Can+Shrug+Off+a+Hot+Inflation+Surprise%2C+and+5+Other+Things+to+Know+Before+Markets+Open&amp;volume=&amp;issue=&amp;date=2024&amp;atitle=Why+the+S%26amp%3BP+500+Can+Shrug+Off+a+Hot+Inflation+Surprise%2C+and+5+Other+Things+to+Know+Before+Markets+Open&amp;spage=&amp;sid=ProQ%3Aabiglobal&amp;author=,,"ABI/INFORM Collection, Research Library"
"Stock market today: futures take a breather after S&P 500 closes above 5,000 points",,2924953098,Newspapers,"Theron, Mohamed",," Copyright Insider, Inc. Feb 12, 2024", News," Feb 12, 2024"," mi-exclusive , markets , stocks , us-markets-and-economy , stock-market-news , market-wrap , sp-500 , nasdaq-100 , us-dollar , inflation , federal-reserve",,, English, English,, New York,"Feb 12, 2024",Business Insider,2024,,https://esearch.ut.edu/login?url=https://www.proquest.com/newspapers/stock-market-today-futures-take-breather-after-s/docview/2924953098/se-2?accountid=14762,https://ut.primo.exlibrisgroup.com/openurl/01UTAMPA_INST/01UTAMPA_INST:SpartanSearch?genre=article&amp;issn=&amp;title=Stock+market+today%3A+futures+take+a+breather+after+S%26amp%3BP+500+closes+above+5%2C000+points&amp;volume=&amp;issue=&amp;date=2024&amp;atitle=Stock+market+today%3A+futures+take+a+breather+after+S%26amp%3BP+500+closes+above+5%2C000+points&amp;spage=&amp;sid=ProQ%3Aabidateline&amp;author=Theron,,ABI/INFORM Collection
World: European shares rise as S&P 500 hits record high as earnings thrill,,2923973526,Newspapers,,," Copyright Thai News Service Group Feb 12, 2024", News," Feb 12, 2024",,,, English, English,, Bangkok,"Feb 12, 2024",Asia News Monitor,2024,,https://esearch.ut.edu/login?url=https://www.proquest.com/newspapers/world-european-shares-rise-as-s-amp-p-500-hits/docview/2923973526/se-2?accountid=14762,https://ut.primo.exlibrisgroup.com/openurl/01UTAMPA_INST/01UTAMPA_INST:SpartanSearch?genre=article&amp;issn=&amp;title=World%3A+European+shares+rise+as+S%26amp%3BP+500+hits+record+high+as+earnings+thrill&amp;volume=&amp;issue=&amp;date=2024&amp;atitle=World%3A+European+shares+rise+as+S%26amp%3BP+500+hits+record+high+as+earnings+thrill&amp;spage=&amp;sid=ProQ%3Aabidateline&amp;author=,,ABI/INFORM Collection
"Wall Street passes its latest milestone as S&P 500 closes week above 5,000",,2928643732,Newspapers,"Choe, Stan",," Copyright Philadelphia Tribune Feb 11, 2024", News," Feb 11, 2024",,0746-956X,, English, English, 7C," Philadelphia, Pa.","Feb 11, 2024",Philadelphia Tribune,2024,,https://esearch.ut.edu/login?url=https://www.proquest.com/newspapers/wall-street-passes-latest-milestone-as-s-amp-p/docview/2928643732/se-2?accountid=14762,https://ut.primo.exlibrisgroup.com/openurl/01UTAMPA_INST/01UTAMPA_INST:SpartanSearch?genre=article&amp;issn=0746956X&amp;title=Wall+Street+passes+its+latest+milestone+as+S%26amp%3BP+500+closes+week+above+5%2C000&amp;volume=&amp;issue=&amp;date=2024&amp;atitle=Wall+Street+passes+its+latest+milestone+as+S%26amp%3BP+500+closes+week+above+5%2C000&amp;spage=7C&amp;sid=ProQ%3Aethnicnewswatch&amp;author=Choe,,Ethnic NewsWatch Collection
"S&P 500 rockets from 4,000 to 5,000",,2924810021,Newspapers,"Menton, Jessica;Turner, Matt;ELENA POPIN Bloomberg News",," Copyright Billings Gazette Feb 11, 2024", News," Feb 11, 2024"," the economy , finance , business , banking , stock exchange , computer science , trade , job market , sociology",2372-868X,, English, English,," Billings, Mont.","Feb 11, 2024",The Billings Gazette,2024,,https://esearch.ut.edu/login?url=https://www.proquest.com/newspapers/s-amp-p-500-rockets-4-000-5/docview/2924810021/se-2?accountid=14762,https://ut.primo.exlibrisgroup.com/openurl/01UTAMPA_INST/01UTAMPA_INST:SpartanSearch?genre=article&amp;issn=2372868X&amp;title=S%26amp%3BP+500+rockets+from+4%2C000+to+5%2C000&amp;volume=&amp;issue=&amp;date=2024&amp;atitle=S%26amp%3BP+500+rockets+from+4%2C000+to+5%2C000&amp;spage=&amp;sid=ProQ%3Aabidateline&amp;author=Menton,,ABI/INFORM Collection
WORLD MARKETS AT A GLANCE Change during previous day's trading (%) S&P 500: MARKET DATA [Europe Region],,2954647628,Newspapers,,," Copyright The Financial Times Limited Feb 10, 2024", News," Feb 10, 2024",,0307-1766,, English, English,, London (UK),"Feb 10, 2024",Financial Times,2024,,https://esearch.ut.edu/login?url=https://www.proquest.com/newspapers/world-markets-at-glance-change-during-previous/docview/2954647628/se-2?accountid=14762,https://ut.primo.exlibrisgroup.com/openurl/01UTAMPA_INST/01UTAMPA_INST:SpartanSearch?genre=article&amp;issn=03071766&amp;title=WORLD+MARKETS+AT+A+GLANCE+Change+during+previous+day%27s+trading+%28%25%29+S%26amp%3BP+500&amp;volume=&amp;issue=&amp;date=2024&amp;atitle=WORLD+MARKETS+AT+A+GLANCE+Change+during+previous+day%27s+trading+%28%25%29+S%26amp%3BP+500%3A+MARKET+DATA+%5BEurope+Region%5D&amp;spage=17&amp;sid=ProQ%3Aabiglobal&amp;author=,,ABI/INFORM Collection
The Bull Market Rolls On as the S&P 500 Breaks Through 5000. Play Ball!,,2924052410,Newspapers,"Forsyth, Randall W",," Copyright 2024 Dow Jones & Company, Inc. All Rights Reserved.", News," Feb 10, 2024",,,, English, English,, New York,"Feb 10, 2024",Barron's (Online),2024,,https://esearch.ut.edu/login?url=https://www.proquest.com/newspapers/bull-market-rolls-on-as-s-amp-p-500-breaks/docview/2924052410/se-2?accountid=14762,https://ut.primo.exlibrisgroup.com/openurl/01UTAMPA_INST/01UTAMPA_INST:SpartanSearch?genre=article&amp;issn=&amp;title=The+Bull+Market+Rolls+On+as+the+S%26amp%3BP+500+Breaks+Through+5000.+Play+Ball%21&amp;volume=&amp;issue=&amp;date=2024&amp;atitle=The+Bull+Market+Rolls+On+as+the+S%26amp%3BP+500+Breaks+Through+5000.+Play+Ball%21&amp;spage=&amp;sid=ProQ%3Aabiglobal&amp;author=Forsyth,,"ABI/INFORM Collection, Research Library"
"S&P 500 briefly tops 5,000 on Wall Street",,2924068786,Newspapers,,," Copyright Billings Gazette Feb 9, 2024", News," Feb 9, 2024"," finance , the economy , stock exchange , job market , sports",2372-868X,, English, English,," Billings, Mont.","Feb 9, 2024",The Billings Gazette,2024,,https://esearch.ut.edu/login?url=https://www.proquest.com/newspapers/s-amp-p-500-briefly-tops-5-000-on-wall-street/docview/2924068786/se-2?accountid=14762,https://ut.primo.exlibrisgroup.com/openurl/01UTAMPA_INST/01UTAMPA_INST:SpartanSearch?genre=article&amp;issn=2372868X&amp;title=S%26amp%3BP+500+briefly+tops+5%2C000+on+Wall+Street&amp;volume=&amp;issue=&amp;date=2024&amp;atitle=S%26amp%3BP+500+briefly+tops+5%2C000+on+Wall+Street&amp;spage=&amp;sid=ProQ%3Aabidateline&amp;author=,,ABI/INFORM Collection
"US stocks rise as S&P 500 sails past 5,000, boosted by cooling inflation data",,2924004716,Newspapers,"Soni, Aruni",," Copyright Insider, Inc. Feb 9, 2024", News," Feb 9, 2024"," mi-exclusive , stock-market-news-today , s-p-5000 , s-p-500-record , inflation-data , cpi",,, English, English,, New York,"Feb 9, 2024",Business Insider,2024,,https://esearch.ut.edu/login?url=https://www.proquest.com/newspapers/us-stocks-rise-as-s-amp-p-500-sails-past-5-000/docview/2924004716/se-2?accountid=14762,https://ut.primo.exlibrisgroup.com/openurl/01UTAMPA_INST/01UTAMPA_INST:SpartanSearch?genre=article&amp;issn=&amp;title=US+stocks+rise+as+S%26amp%3BP+500+sails+past+5%2C000%2C+boosted+by+cooling+inflation+data&amp;volume=&amp;issue=&amp;date=2024&amp;atitle=US+stocks+rise+as+S%26amp%3BP+500+sails+past+5%2C000%2C+boosted+by+cooling+inflation+data&amp;spage=&amp;sid=ProQ%3Aabidateline&amp;author=Soni,,ABI/INFORM Collection
"The S&P 500 just cracked 5,000 points - but don't count on its stellar returns continuing",,2923872038,Newspapers,"Theron, Mohamed",," Copyright Insider, Inc. Feb 9, 2024", News," Feb 9, 2024"," mi-exclusive , markets , stocks , sp-500 , stock-market , stock-index , leon-cooperman , jeremy-siegel , warren-buffett , burton-malkiel , gary-shilling",,, English, English,, New York,"Feb 9, 2024",Business Insider,2024,,https://esearch.ut.edu/login?url=https://www.proquest.com/newspapers/s-amp-p-500-just-cracked-5-000-points-dont-count/docview/2923872038/se-2?accountid=14762,https://ut.primo.exlibrisgroup.com/openurl/01UTAMPA_INST/01UTAMPA_INST:SpartanSearch?genre=article&amp;issn=&amp;title=The+S%26amp%3BP+500+just+cracked+5%2C000+points+-+but+don%27t+count+on+its+stellar+returns+continuing&amp;volume=&amp;issue=&amp;date=2024&amp;atitle=The+S%26amp%3BP+500+just+cracked+5%2C000+points+-+but+don%27t+count+on+its+stellar+returns+continuing&amp;spage=&amp;sid=ProQ%3Aabidateline&amp;author=Theron,,ABI/INFORM Collection
"The S&P 500 Is Blazing But China Stocks Need Some Dragon Year Fire, and 5 Other Things to Know Before Markets Open",,2923860519,Newspapers,, Uber Technologies Inc," Copyright 2024 Dow Jones & Company, Inc. All Rights Reserved.", News," Feb 9, 2024",,,, English, English,, New York,"Feb 9, 2024",Barron's (Online),2024,,https://esearch.ut.edu/login?url=https://www.proquest.com/newspapers/s-amp-p-500-is-blazing-china-stocks-need-some/docview/2923860519/se-2?accountid=14762,https://ut.primo.exlibrisgroup.com/openurl/01UTAMPA_INST/01UTAMPA_INST:SpartanSearch?genre=article&amp;issn=&amp;title=The+S%26amp%3BP+500+Is+Blazing+But+China+Stocks+Need+Some+Dragon+Year+Fire%2C+and+5+Other+Things+to+Know+Before+Markets+Open&amp;volume=&amp;issue=&amp;date=2024&amp;atitle=The+S%26amp%3BP+500+Is+Blazing+But+China+Stocks+Need+Some+Dragon+Year+Fire%2C+and+5+Other+Things+to+Know+Before+Markets+Open&amp;spage=&amp;sid=ProQ%3Aabiglobal&amp;author=,,"ABI/INFORM Collection, Research Library"
S&P 500 Hits Intraday Record of 5000 --- A drumbeat of earnings reports drives moves in individual stocks,,2923739130,Newspapers,"Langley, Karen",," Copyright 2024 Dow Jones & Company, Inc. All Rights Reserved.", News," Feb 9, 2024",,0099-9660,, English, English,," New York, N.Y.","Feb 9, 2024",Wall Street Journal,2024,,https://esearch.ut.edu/login?url=https://www.proquest.com/newspapers/s-amp-p-500-hits-intraday-record-5000-drumbeat/docview/2923739130/se-2?accountid=14762,https://ut.primo.exlibrisgroup.com/openurl/01UTAMPA_INST/01UTAMPA_INST:SpartanSearch?genre=article&amp;issn=00999660&amp;title=S%26amp%3BP+500+Hits+Intraday+Record+of+5000+---+A+drumbeat+of+earnings+reports+drives+moves+in+individual+stocks&amp;volume=&amp;issue=&amp;date=2024&amp;atitle=S%26amp%3BP+500+Hits+Intraday+Record+of+5000+---+A+drumbeat+of+earnings+reports+drives+moves+in+individual+stocks&amp;spage=B.11&amp;sid=ProQ%3Aabiglobal&amp;author=Langley,,ABI/INFORM Collection
"US stocks rise as S&P 500 falls short of 5,000 milestone",,2923443014,Newspapers,"Rosen, Phil",," Copyright Insider, Inc. Feb 8, 2024", News," Feb 8, 2024"," mi-exclusive , markets , stock-market , stock-market-news-today , financial-markets , oil-prices , economic-data , sp500",,, English, English,, New York,"Feb 8, 2024",Business Insider,2024,,https://esearch.ut.edu/login?url=https://www.proquest.com/newspapers/us-stocks-rise-as-s-amp-p-500-falls-short-5-000/docview/2923443014/se-2?accountid=14762,https://ut.primo.exlibrisgroup.com/openurl/01UTAMPA_INST/01UTAMPA_INST:SpartanSearch?genre=article&amp;issn=&amp;title=US+stocks+rise+as+S%26amp%3BP+500+falls+short+of+5%2C000+milestone&amp;volume=&amp;issue=&amp;date=2024&amp;atitle=US+stocks+rise+as+S%26amp%3BP+500+falls+short+of+5%2C000+milestone&amp;spage=&amp;sid=ProQ%3Aabidateline&amp;author=Rosen,,ABI/INFORM Collection
Why the S&P 500 keeps crushing record highs in 2024,,2923424289,Newspapers,"Rosen, Phil", UBS AG," Copyright Insider, Inc. Feb 8, 2024", News," Feb 8, 2024"," mi-exclusive , markets , stock-market-outlook , stocks , equities , economic-outlook , soft-landing , ubs , federal-reserve , inflation",,, English, English,, New York,"Feb 8, 2024",Business Insider,2024,,https://esearch.ut.edu/login?url=https://www.proquest.com/newspapers/why-s-amp-p-500-keeps-crushing-record-highs-2024/docview/2923424289/se-2?accountid=14762,https://ut.primo.exlibrisgroup.com/openurl/01UTAMPA_INST/01UTAMPA_INST:SpartanSearch?genre=article&amp;issn=&amp;title=Why+the+S%26amp%3BP+500+keeps+crushing+record+highs+in+2024&amp;volume=&amp;issue=&amp;date=2024&amp;atitle=Why+the+S%26amp%3BP+500+keeps+crushing+record+highs+in+2024&amp;spage=&amp;sid=ProQ%3Aabidateline&amp;author=Rosen,,ABI/INFORM Collection
"US stocks trade mixed as S&P 500 hovers near 5,000",,2923424212,Newspapers,"Rosen, Phil",," Copyright Insider, Inc. Feb 8, 2024", News," Feb 8, 2024"," mi-exclusive , markets , stock-market , financial-news , investors , wall-street , disney , earnings , tech-stocks , federal-reserve",,, English, English,, New York,"Feb 8, 2024",Business Insider,2024,,https://esearch.ut.edu/login?url=https://www.proquest.com/newspapers/us-stocks-trade-mixed-as-s-amp-p-500-hovers-near/docview/2923424212/se-2?accountid=14762,https://ut.primo.exlibrisgroup.com/openurl/01UTAMPA_INST/01UTAMPA_INST:SpartanSearch?genre=article&amp;issn=&amp;title=US+stocks+trade+mixed+as+S%26amp%3BP+500+hovers+near+5%2C000&amp;volume=&amp;issue=&amp;date=2024&amp;atitle=US+stocks+trade+mixed+as+S%26amp%3BP+500+hovers+near+5%2C000&amp;spage=&amp;sid=ProQ%3Aabidateline&amp;author=Rosen,,ABI/INFORM Collection
"Gary Shilling says the S&P 500 may crash 30%, a recession will hit - and bitcoin and AI are both overhyped",,2923312295,Newspapers,"Theron, Mohamed",," Copyright Insider, Inc. Feb 8, 2024", News," Feb 8, 2024"," mi-exclusive , markets , stocks , gary-shilling , a-gary-shilling-company , stock-market-outlook , inflation , recession , federal-reserve , interest-rates , us-markets-and-economy , sp-500 , bitcoin , crypto",,, English, English,, New York,"Feb 8, 2024",Business Insider,2024,,https://esearch.ut.edu/login?url=https://www.proquest.com/newspapers/gary-shilling-says-s-amp-p-500-may-crash-30/docview/2923312295/se-2?accountid=14762,https://ut.primo.exlibrisgroup.com/openurl/01UTAMPA_INST/01UTAMPA_INST:SpartanSearch?genre=article&amp;issn=&amp;title=Gary+Shilling+says+the+S%26amp%3BP+500+may+crash+30%25%2C+a+recession+will+hit+-+and+bitcoin+and+AI+are+both+overhyped&amp;volume=&amp;issue=&amp;date=2024&amp;atitle=Gary+Shilling+says+the+S%26amp%3BP+500+may+crash+30%25%2C+a+recession+will+hit+-+and+bitcoin+and+AI+are+both+overhyped&amp;spage=&amp;sid=ProQ%3Aabidateline&amp;author=Theron,,ABI/INFORM Collection
"Stocks Rise, S&P 500 Nears Milestone --- Major indexes climb despite tempered market hopes for Fed rate cuts",,2923218920,Newspapers,"Wallerstein, Eric",," Copyright 2024 Dow Jones & Company, Inc. All Rights Reserved.", News," Feb 8, 2024",,0099-9660,, English, English,," New York, N.Y.","Feb 8, 2024",Wall Street Journal,2024,,https://esearch.ut.edu/login?url=https://www.proquest.com/newspapers/stocks-rise-s-amp-p-500-nears-milestone-major/docview/2923218920/se-2?accountid=14762,https://ut.primo.exlibrisgroup.com/openurl/01UTAMPA_INST/01UTAMPA_INST:SpartanSearch?genre=article&amp;issn=00999660&amp;title=Stocks+Rise%2C+S%26amp%3BP+500+Nears+Milestone+---+Major+indexes+climb+despite+tempered+market+hopes+for+Fed+rate+cuts&amp;volume=&amp;issue=&amp;date=2024&amp;atitle=Stocks+Rise%2C+S%26amp%3BP+500+Nears+Milestone+---+Major+indexes+climb+despite+tempered+market+hopes+for+Fed+rate+cuts&amp;spage=B.11&amp;sid=ProQ%3Aabiglobal&amp;author=Wallerstein,,ABI/INFORM Collection
"World markets today: US stocks gain on strong earnings, S&P 500 hits fresh record high",,2923092517,Newspapers,,," Copyright HT Digital Streams Limited Feb 7, 2024", News," Feb 7, 2024",,,, English, English,, New Delhi,"Feb 7, 2024",Mint,2024,,https://esearch.ut.edu/login?url=https://www.proquest.com/newspapers/world-markets-today-us-stocks-gain-on-strong/docview/2923092517/se-2?accountid=14762,https://ut.primo.exlibrisgroup.com/openurl/01UTAMPA_INST/01UTAMPA_INST:SpartanSearch?genre=article&amp;issn=&amp;title=World+markets+today%3A+US+stocks+gain+on+strong+earnings%2C+S%26amp%3BP+500+hits+fresh+record+high&amp;volume=&amp;issue=&amp;date=2024&amp;atitle=World+markets+today%3A+US+stocks+gain+on+strong+earnings%2C+S%26amp%3BP+500+hits+fresh+record+high&amp;spage=&amp;sid=ProQ%3Aabiglobal&amp;author=,,ABI/INFORM Collection
'Stocks can get whacked': A 44-year market veteran warned the S&P 500 could fall 28% as earnings and rate cuts disappoint - but these 6 investments will thrive anyway,,2923063982,Newspapers,"Faris, James",," Copyright Insider, Inc. Feb 7, 2024", News," Feb 7, 2024"," bi-prime , investing , stocks , stocks-2024 , stock-market , stock-market-2024 , bob-doll , recession , recession-2024 , recession-risk",,, English, English,, New York,"Feb 7, 2024",Business Insider,2024,,https://esearch.ut.edu/login?url=https://www.proquest.com/newspapers/stocks-can-get-whacked-44-year-market-veteran/docview/2923063982/se-2?accountid=14762,https://ut.primo.exlibrisgroup.com/openurl/01UTAMPA_INST/01UTAMPA_INST:SpartanSearch?genre=article&amp;issn=&amp;title=%27Stocks+can+get+whacked%27%3A+A+44-year+market+veteran+warned+the+S%26amp%3BP+500+could+fall+28%25+as+earnings+and+rate+cuts+disappoint+-+but+these+6+investments+will+thrive+anyway&amp;volume=&amp;issue=&amp;date=2024&amp;atitle=%27Stocks+can+get+whacked%27%3A+A+44-year+market+veteran+warned+the+S%26amp%3BP+500+could+fall+28%25+as+earnings+and+rate+cuts+disappoint+-+but+these+6+investments+will+thrive+anyway&amp;spage=&amp;sid=ProQ%3Aabidateline&amp;author=Faris,,ABI/INFORM Collection
Air Products Stock Is Worst S&P 500 Performer on Monday After Steep Guidance Cut,,2922075279,Newspapers,"Palumbo, Angela",," Copyright 2024 Dow Jones & Company, Inc. All Rights Reserved.", News," Feb 5, 2024",,,, English, English,, New York,"Feb 5, 2024",Barron's (Online),2024,,https://esearch.ut.edu/login?url=https://www.proquest.com/newspapers/air-products-stock-is-worst-s-amp-p-500-performer/docview/2922075279/se-2?accountid=14762,https://ut.primo.exlibrisgroup.com/openurl/01UTAMPA_INST/01UTAMPA_INST:SpartanSearch?genre=article&amp;issn=&amp;title=Air+Products+Stock+Is+Worst+S%26amp%3BP+500+Performer+on+Monday+After+Steep+Guidance+Cut&amp;volume=&amp;issue=&amp;date=2024&amp;atitle=Air+Products+Stock+Is+Worst+S%26amp%3BP+500+Performer+on+Monday+After+Steep+Guidance+Cut&amp;spage=&amp;sid=ProQ%3Aabiglobal&amp;author=Palumbo,,"ABI/INFORM Collection, Research Library"
S&P 500's current rally likely to stall,,2921980143,Newspapers,"Aw, Zane",, © 2024 Singapore Press Holdings, News," Feb 5, 2024",,,, English, English,, Singapore,"Feb 5, 2024",The Business Times,2024,,https://esearch.ut.edu/login?url=https://www.proquest.com/newspapers/s-amp-p-500s-current-rally-likely-stall/docview/2921980143/se-2?accountid=14762,https://ut.primo.exlibrisgroup.com/openurl/01UTAMPA_INST/01UTAMPA_INST:SpartanSearch?genre=article&amp;issn=&amp;title=S%26amp%3BP+500%27s+current+rally+likely+to+stall&amp;volume=&amp;issue=&amp;date=2024&amp;atitle=S%26amp%3BP+500%27s+current+rally+likely+to+stall&amp;spage=&amp;sid=ProQ%3Aabitrade&amp;author=Aw,,ABI/INFORM Collection
"EXCHANGE --- Friday's Markets: S&P 500, Dow Reach New Highs",,2921379224,Newspapers,"Miao, Hannah",," Copyright 2024 Dow Jones & Company, Inc. All Rights Reserved.", News," Feb 3, 2024",,0099-9660,, English, English,," New York, N.Y.","Feb 3, 2024",Wall Street Journal,2024,,https://esearch.ut.edu/login?url=https://www.proquest.com/newspapers/exchange-fridays-markets-s-amp-p-500-dow-reach/docview/2921379224/se-2?accountid=14762,https://ut.primo.exlibrisgroup.com/openurl/01UTAMPA_INST/01UTAMPA_INST:SpartanSearch?genre=article&amp;issn=00999660&amp;title=EXCHANGE+---+Friday%27s+Markets%3A+S%26amp%3BP+500%2C+Dow+Reach+New+Highs&amp;volume=&amp;issue=&amp;date=2024&amp;atitle=EXCHANGE+---+Friday%27s+Markets%3A+S%26amp%3BP+500%2C+Dow+Reach+New+Highs&amp;spage=B.11&amp;sid=ProQ%3Aabiglobal&amp;author=Miao,,ABI/INFORM Collection
The stock market is reliving the dot-com tech bubble as the Magnificent 7 account for 45% of S&P 500 gains to start the year,,2921192396,Newspapers,"Zhan, Yuheng", Bank of America Corp," Copyright Insider, Inc. Feb 2, 2024", News," Feb 2, 2024"," mi-exclusive , sotck-market , magnificent-seven , tech-bubble , dot-com-bubble , michael-hartnett , rate-cuts , federal-reserve , soft-landing , hard-landing",,, English, English,, New York,"Feb 2, 2024",Business Insider,2024,,https://esearch.ut.edu/login?url=https://www.proquest.com/newspapers/stock-market-is-reliving-dot-com-tech-bubble-as/docview/2921192396/se-2?accountid=14762,https://ut.primo.exlibrisgroup.com/openurl/01UTAMPA_INST/01UTAMPA_INST:SpartanSearch?genre=article&amp;issn=&amp;title=The+stock+market+is+reliving+the+dot-com+tech+bubble+as+the+Magnificent+7+account+for+45%25+of+S%26amp%3BP+500+gains+to+start+the+year&amp;volume=&amp;issue=&amp;date=2024&amp;atitle=The+stock+market+is+reliving+the+dot-com+tech+bubble+as+the+Magnificent+7+account+for+45%25+of+S%26amp%3BP+500+gains+to+start+the+year&amp;spage=&amp;sid=ProQ%3Aabidateline&amp;author=Zhan,,ABI/INFORM Collection
Charter Stock Is Worst Performer in S&P 500 on Friday After Subscriber Losses,,2921155437,Newspapers,"Palumbo, Angela", Charter Communications Inc," Copyright 2024 Dow Jones & Company, Inc. All Rights Reserved.", News," Feb 2, 2024",,,, English, English,, New York,"Feb 2, 2024",Barron's (Online),2024,,https://esearch.ut.edu/login?url=https://www.proquest.com/newspapers/charter-stock-is-worst-performer-s-amp-p-500-on/docview/2921155437/se-2?accountid=14762,https://ut.primo.exlibrisgroup.com/openurl/01UTAMPA_INST/01UTAMPA_INST:SpartanSearch?genre=article&amp;issn=&amp;title=Charter+Stock+Is+Worst+Performer+in+S%26amp%3BP+500+on+Friday+After+Subscriber+Losses&amp;volume=&amp;issue=&amp;date=2024&amp;atitle=Charter+Stock+Is+Worst+Performer+in+S%26amp%3BP+500+on+Friday+After+Subscriber+Losses&amp;spage=&amp;sid=ProQ%3Aabiglobal&amp;author=Palumbo,,"ABI/INFORM Collection, Research Library"
C.H. Robinson Stock Is S&P 500's Worst Performer Thursday. Freight Demand Is Weak.,,2920628799,Newspapers,"Dattilo, Emily",," Copyright 2024 Dow Jones & Company, Inc. All Rights Reserved.", News," Feb 1, 2024",,,, English, English,, New York,"Feb 1, 2024",Barron's (Online),2024,,https://esearch.ut.edu/login?url=https://www.proquest.com/newspapers/c-h-robinson-stock-is-s-amp-p-500s-worst/docview/2920628799/se-2?accountid=14762,https://ut.primo.exlibrisgroup.com/openurl/01UTAMPA_INST/01UTAMPA_INST:SpartanSearch?genre=article&amp;issn=&amp;title=C.H.+Robinson+Stock+Is+S%26amp%3BP+500%27s+Worst+Performer+Thursday.+Freight+Demand+Is+Weak.&amp;volume=&amp;issue=&amp;date=2024&amp;atitle=C.H.+Robinson+Stock+Is+S%26amp%3BP+500%27s+Worst+Performer+Thursday.+Freight+Demand+Is+Weak.&amp;spage=&amp;sid=ProQ%3Aabiglobal&amp;author=Dattilo,,"ABI/INFORM Collection, Research Library"
Market prophet Gary Shilling expects S&P 500 returns to slump - and warns a recession could stretch into 2025,,2920173505,Newspapers,"Theron, Mohamed", Merrill Lynch & Co Inc," Copyright Insider, Inc. Jan 31, 2024", News," Jan 31, 2024"," mi-exclusive , markets , stocks , stock-market-outlook , gary-shilling , a-gary-shilling-company , us-markets-and-economy , inflation , recession , interest-rates , federal-reserve , commercial-real-estate",,, English, English,, New York,"Jan 31, 2024",Business Insider,2024,,https://esearch.ut.edu/login?url=https://www.proquest.com/newspapers/market-prophet-gary-shilling-expects-s-amp-p-500/docview/2920173505/se-2?accountid=14762,https://ut.primo.exlibrisgroup.com/openurl/01UTAMPA_INST/01UTAMPA_INST:SpartanSearch?genre=article&amp;issn=&amp;title=Market+prophet+Gary+Shilling+expects+S%26amp%3BP+500+returns+to+slump+-+and+warns+a+recession+could+stretch+into+2025&amp;volume=&amp;issue=&amp;date=2024&amp;atitle=Market+prophet+Gary+Shilling+expects+S%26amp%3BP+500+returns+to+slump+-+and+warns+a+recession+could+stretch+into+2025&amp;spage=&amp;sid=ProQ%3Aabidateline&amp;author=Theron,,ABI/INFORM Collection
Tech Sector Pushes S&P 500 Off Record --- General Motors gains 7.8% on surprisingly strong 2024 profit outlook,,2920010177,Newspapers,"Ostroff, Caitlin", General Motors Corp," Copyright 2024 Dow Jones & Company, Inc. All Rights Reserved.", News," Jan 31, 2024",,0099-9660,, English, English,," New York, N.Y.","Jan 31, 2024",Wall Street Journal,2024,,https://esearch.ut.edu/login?url=https://www.proquest.com/newspapers/tech-sector-pushes-s-amp-p-500-off-record-general/docview/2920010177/se-2?accountid=14762,https://ut.primo.exlibrisgroup.com/openurl/01UTAMPA_INST/01UTAMPA_INST:SpartanSearch?genre=article&amp;issn=00999660&amp;title=Tech+Sector+Pushes+S%26amp%3BP+500+Off+Record+---+General+Motors+gains+7.8%25+on+surprisingly+strong+2024+profit+outlook&amp;volume=&amp;issue=&amp;date=2024&amp;atitle=Tech+Sector+Pushes+S%26amp%3BP+500+Off+Record+---+General+Motors+gains+7.8%25+on+surprisingly+strong+2024+profit+outlook&amp;spage=B.11&amp;sid=ProQ%3Aabiglobal&amp;author=Ostroff,,ABI/INFORM Collection
MSCI Stock Is the S&P 500's Top Performer on Tuesday. Demand Drives an Earnings Beat.,,2919822505,Newspapers,"Palumbo, Angela",," Copyright 2024 Dow Jones & Company, Inc. All Rights Reserved.", News," Jan 30, 2024",,,, English, English,, New York,"Jan 30, 2024",Barron's (Online),2024,,https://esearch.ut.edu/login?url=https://www.proquest.com/newspapers/msci-stock-is-s-amp-p-500s-top-performer-on/docview/2919822505/se-2?accountid=14762,https://ut.primo.exlibrisgroup.com/openurl/01UTAMPA_INST/01UTAMPA_INST:SpartanSearch?genre=article&amp;issn=&amp;title=MSCI+Stock+Is+the+S%26amp%3BP+500%27s+Top+Performer+on+Tuesday.+Demand+Drives+an+Earnings+Beat.&amp;volume=&amp;issue=&amp;date=2024&amp;atitle=MSCI+Stock+Is+the+S%26amp%3BP+500%27s+Top+Performer+on+Tuesday.+Demand+Drives+an+Earnings+Beat.&amp;spage=&amp;sid=ProQ%3Aabiglobal&amp;author=Palumbo,,"ABI/INFORM Collection, Research Library"
"Stocks Move Higher Ahead of Fed Meeting --- S&P 500, Dow hit records with tech earnings, jobs data on tap this week",,2919624508,Newspapers,"Ostroff, Caitlin", Amazon.com Inc," Copyright 2024 Dow Jones & Company, Inc. All Rights Reserved.", News," Jan 30, 2024",,0099-9660,, English, English,," New York, N.Y.","Jan 30, 2024",Wall Street Journal,2024,,https://esearch.ut.edu/login?url=https://www.proquest.com/newspapers/stocks-move-higher-ahead-fed-meeting-s-amp-p-500/docview/2919624508/se-2?accountid=14762,https://ut.primo.exlibrisgroup.com/openurl/01UTAMPA_INST/01UTAMPA_INST:SpartanSearch?genre=article&amp;issn=00999660&amp;title=Stocks+Move+Higher+Ahead+of+Fed+Meeting+---+S%26amp%3BP+500%2C+Dow+hit+records+with+tech+earnings%2C+jobs+data+on+tap+this+week&amp;volume=&amp;issue=&amp;date=2024&amp;atitle=Stocks+Move+Higher+Ahead+of+Fed+Meeting+---+S%26amp%3BP+500%2C+Dow+hit+records+with+tech+earnings%2C+jobs+data+on+tap+this+week&amp;spage=B.11&amp;sid=ProQ%3Aabiglobal&amp;author=Ostroff,,ABI/INFORM Collection
Indian stock market: 5 key things that changed for market overnight - Gift Nifty to S&P 500 at record closing high,,2919544433,Newspapers,,," Copyright HT Digital Streams Limited Jan 30, 2024", News," Jan 30, 2024",,,, English, English,, New Delhi,"Jan 30, 2024",Mint,2024,,https://esearch.ut.edu/login?url=https://www.proquest.com/newspapers/indian-stock-market-5-key-things-that-changed/docview/2919544433/se-2?accountid=14762,https://ut.primo.exlibrisgroup.com/openurl/01UTAMPA_INST/01UTAMPA_INST:SpartanSearch?genre=article&amp;issn=&amp;title=Indian+stock+market%3A+5+key+things+that+changed+for+market+overnight+-+Gift+Nifty+to+S%26amp%3BP+500+at+record+closing+high&amp;volume=&amp;issue=&amp;date=2024&amp;atitle=Indian+stock+market%3A+5+key+things+that+changed+for+market+overnight+-+Gift+Nifty+to+S%26amp%3BP+500+at+record+closing+high&amp;spage=&amp;sid=ProQ%3Aabiglobal&amp;author=,,ABI/INFORM Collection
"World: Weekly markets wrap: S&P 500 hits new records, luxury stocks soar",,2919444855,Newspapers,,," Copyright Thai News Service Group Jan 30, 2024", News," Jan 30, 2024",,,, English, English,, Bangkok,"Jan 30, 2024",Asia News Monitor,2024,,https://esearch.ut.edu/login?url=https://www.proquest.com/newspapers/world-weekly-markets-wrap-s-amp-p-500-hits-new/docview/2919444855/se-2?accountid=14762,https://ut.primo.exlibrisgroup.com/openurl/01UTAMPA_INST/01UTAMPA_INST:SpartanSearch?genre=article&amp;issn=&amp;title=World%3A+Weekly+markets+wrap%3A+S%26amp%3BP+500+hits+new+records%2C+luxury+stocks+soar&amp;volume=&amp;issue=&amp;date=2024&amp;atitle=World%3A+Weekly+markets+wrap%3A+S%26amp%3BP+500+hits+new+records%2C+luxury+stocks+soar&amp;spage=&amp;sid=ProQ%3Aabidateline&amp;author=,,ABI/INFORM Collection
Archer Daniels Is S&P 500's Top Stock Monday. Intersegment Sales Won't 'Materially Affect' Results.,,2919362948,Newspapers,"Palumbo, Angela",," Copyright 2024 Dow Jones & Company, Inc. All Rights Reserved.", News," Jan 29, 2024",,,, English, English,, New York,"Jan 29, 2024",Barron's (Online),2024,,https://esearch.ut.edu/login?url=https://www.proquest.com/newspapers/archer-daniels-is-s-amp-p-500s-top-stock-monday/docview/2919362948/se-2?accountid=14762,https://ut.primo.exlibrisgroup.com/openurl/01UTAMPA_INST/01UTAMPA_INST:SpartanSearch?genre=article&amp;issn=&amp;title=Archer+Daniels+Is+S%26amp%3BP+500%27s+Top+Stock+Monday.+Intersegment+Sales+Won%27t+%27Materially+Affect%27+Results.&amp;volume=&amp;issue=&amp;date=2024&amp;atitle=Archer+Daniels+Is+S%26amp%3BP+500%27s+Top+Stock+Monday.+Intersegment+Sales+Won%27t+%27Materially+Affect%27+Results.&amp;spage=&amp;sid=ProQ%3Aabiglobal&amp;author=Palumbo,,"ABI/INFORM Collection, Research Library"
"Big Tech Earnings, Fed Decision, Jobs… Why S&P 500's Record Run Could Derail.",,2919330005,Newspapers,," United Airlines Inc , Airbus SAS"," Copyright 2024 Dow Jones & Company, Inc. All Rights Reserved.", News," Jan 29, 2024",,,, English, English,, New York,"Jan 29, 2024",Barron's (Online),2024,,https://esearch.ut.edu/login?url=https://www.proquest.com/newspapers/big-tech-earnings-fed-decision-jobs-why-s-amp-p/docview/2919330005/se-2?accountid=14762,https://ut.primo.exlibrisgroup.com/openurl/01UTAMPA_INST/01UTAMPA_INST:SpartanSearch?genre=article&amp;issn=&amp;title=Big+Tech+Earnings%2C+Fed+Decision%2C+Jobs%E2%80%A6+Why+S%26amp%3BP+500%27s+Record+Run+Could+Derail.&amp;volume=&amp;issue=&amp;date=2024&amp;atitle=Big+Tech+Earnings%2C+Fed+Decision%2C+Jobs%26hellip%3B+Why+S%26amp%3BP+500%27s+Record+Run+Could+Derail.&amp;spage=&amp;sid=ProQ%3Aabiglobal&amp;author=,,"ABI/INFORM Collection, Research Library"
"Tech Leads S&P 500 To Records, Others Lag",,2919266827,Newspapers,"Singh, Hardika", NVidia Corp," Copyright 2024 Dow Jones & Company, Inc. All Rights Reserved.", News," Jan 29, 2024",,0099-9660,, English, English,," New York, N.Y.","Jan 29, 2024",Wall Street Journal,2024,,https://esearch.ut.edu/login?url=https://www.proquest.com/newspapers/tech-leads-s-amp-p-500-records-others-lag/docview/2919266827/se-2?accountid=14762,https://ut.primo.exlibrisgroup.com/openurl/01UTAMPA_INST/01UTAMPA_INST:SpartanSearch?genre=article&amp;issn=00999660&amp;title=Tech+Leads+S%26amp%3BP+500+To+Records%2C+Others+Lag&amp;volume=&amp;issue=&amp;date=2024&amp;atitle=Tech+Leads+S%26amp%3BP+500+To+Records%2C+Others+Lag&amp;spage=B.1&amp;sid=ProQ%3Aabiglobal&amp;author=Singh,,ABI/INFORM Collection
"Wall Street legend Burt Malkiel dismisses S&P 500 and recession forecasts, slams bitcoin, and warns pricey stocks may limit investors' returns",,2918501899,Newspapers,"Theron, Mohamed",," Copyright Insider, Inc. Jan 26, 2024", News," Jan 26, 2024"," mi-exclusive , markets , stocks , stock-market-outlook , burton-malkiel , a-random-walk-down-wall-street , index-funds , warren-buffett , jack-bogle , sp-500 , long-term-investing , crypto , bitcoin , meme-stocks , day-trading , wealthfront , speculation , recession , us-markets-and-economy , federal-reserve",,, English, English,, New York,"Jan 26, 2024",Business Insider,2024,,https://esearch.ut.edu/login?url=https://www.proquest.com/newspapers/wall-street-legend-burt-malkiel-dismisses-s-amp-p/docview/2918501899/se-2?accountid=14762,https://ut.primo.exlibrisgroup.com/openurl/01UTAMPA_INST/01UTAMPA_INST:SpartanSearch?genre=article&amp;issn=&amp;title=Wall+Street+legend+Burt+Malkiel+dismisses+S%26amp%3BP+500+and+recession+forecasts%2C+slams+bitcoin%2C+and+warns+pricey+stocks+may+limit+investors%27+returns&amp;volume=&amp;issue=&amp;date=2024&amp;atitle=Wall+Street+legend+Burt+Malkiel+dismisses+S%26amp%3BP+500+and+recession+forecasts%2C+slams+bitcoin%2C+and+warns+pricey+stocks+may+limit+investors%27+returns&amp;spage=&amp;sid=ProQ%3Aabidateline&amp;author=Theron,,ABI/INFORM Collection
"US Market: Wall Street rises on strong GDP data, S&P 500 sets a new record",,2918423950,Newspapers,,," Copyright HT Digital Streams Limited Jan 26, 2024", News," Jan 26, 2024",,,, English, English,, New Delhi,"Jan 26, 2024",Mint,2024,,https://esearch.ut.edu/login?url=https://www.proquest.com/newspapers/us-market-wall-street-rises-on-strong-gdp-data-s/docview/2918423950/se-2?accountid=14762,https://ut.primo.exlibrisgroup.com/openurl/01UTAMPA_INST/01UTAMPA_INST:SpartanSearch?genre=article&amp;issn=&amp;title=US+Market%3A+Wall+Street+rises+on+strong+GDP+data%2C+S%26amp%3BP+500+sets+a+new+record&amp;volume=&amp;issue=&amp;date=2024&amp;atitle=US+Market%3A+Wall+Street+rises+on+strong+GDP+data%2C+S%26amp%3BP+500+sets+a+new+record&amp;spage=&amp;sid=ProQ%3Aabiglobal&amp;author=,,ABI/INFORM Collection
"Bitcoin ETFs Make the Crypto More Like the S&P 500, Analyst Says. Why That's a Bad Thing.",,2918285733,Newspapers,"Denton, Jack",," Copyright 2024 Dow Jones & Company, Inc. All Rights Reserved.", News," Jan 25, 2024",,,, English, English,, New York,"Jan 25, 2024",Barron's (Online),2024,,https://esearch.ut.edu/login?url=https://www.proquest.com/newspapers/bitcoin-etfs-make-crypto-more-like-s-amp-p-500/docview/2918285733/se-2?accountid=14762,https://ut.primo.exlibrisgroup.com/openurl/01UTAMPA_INST/01UTAMPA_INST:SpartanSearch?genre=article&amp;issn=&amp;title=Bitcoin+ETFs+Make+the+Crypto+More+Like+the+S%26amp%3BP+500%2C+Analyst+Says.+Why+That%27s+a+Bad+Thing.&amp;volume=&amp;issue=&amp;date=2024&amp;atitle=Bitcoin+ETFs+Make+the+Crypto+More+Like+the+S%26amp%3BP+500%2C+Analyst+Says.+Why+That%27s+a+Bad+Thing.&amp;spage=&amp;sid=ProQ%3Aabiglobal&amp;author=Denton,,"ABI/INFORM Collection, Research Library"
United Rentals Stock Is Among the Top S&P 500 Performers on Thursday. Here's Why.,,2918257494,Newspapers,"Palumbo, Angela",," Copyright 2024 Dow Jones & Company, Inc. All Rights Reserved.", News," Jan 25, 2024",,,, English, English,, New York,"Jan 25, 2024",Barron's (Online),2024,,https://esearch.ut.edu/login?url=https://www.proquest.com/newspapers/united-rentals-stock-is-among-top-s-amp-p-500/docview/2918257494/se-2?accountid=14762,https://ut.primo.exlibrisgroup.com/openurl/01UTAMPA_INST/01UTAMPA_INST:SpartanSearch?genre=article&amp;issn=&amp;title=United+Rentals+Stock+Is+Among+the+Top+S%26amp%3BP+500+Performers+on+Thursday.+Here%27s+Why.&amp;volume=&amp;issue=&amp;date=2024&amp;atitle=United+Rentals+Stock+Is+Among+the+Top+S%26amp%3BP+500+Performers+on+Thursday.+Here%27s+Why.&amp;spage=&amp;sid=ProQ%3Aabiglobal&amp;author=Palumbo,,"ABI/INFORM Collection, Research Library"
CME Stock Beat the S&P 500. One Director Bought Up Stock.,,2918223279,Newspapers,"Lin, Ed", Securities & Exchange Commission," Copyright 2024 Dow Jones & Company, Inc. All Rights Reserved.", News," Jan 25, 2024",,,, English, English,, New York,"Jan 25, 2024",Barron's (Online),2024,,https://esearch.ut.edu/login?url=https://www.proquest.com/newspapers/cme-stock-beat-s-amp-p-500-one-director-bought-up/docview/2918223279/se-2?accountid=14762,https://ut.primo.exlibrisgroup.com/openurl/01UTAMPA_INST/01UTAMPA_INST:SpartanSearch?genre=article&amp;issn=&amp;title=CME+Stock+Beat+the+S%26amp%3BP+500.+One+Director+Bought+Up+Stock.&amp;volume=&amp;issue=&amp;date=2024&amp;atitle=CME+Stock+Beat+the+S%26amp%3BP+500.+One+Director+Bought+Up+Stock.&amp;spage=&amp;sid=ProQ%3Aabiglobal&amp;author=Lin,,"ABI/INFORM Collection, Research Library"
"S&P 500 Sets Fourth High in Row --- Netflix climbs 11%, biggest winner on day in broad market benchmark",,2918067562,Newspapers,"Wallerstein, Eric", Netflix Inc," Copyright 2024 Dow Jones & Company, Inc. All Rights Reserved.", News," Jan 25, 2024",,0099-9660,, English, English,," New York, N.Y.","Jan 25, 2024",Wall Street Journal,2024,,https://esearch.ut.edu/login?url=https://www.proquest.com/newspapers/s-amp-p-500-sets-fourth-high-row-netflix-climbs/docview/2918067562/se-2?accountid=14762,https://ut.primo.exlibrisgroup.com/openurl/01UTAMPA_INST/01UTAMPA_INST:SpartanSearch?genre=article&amp;issn=00999660&amp;title=S%26amp%3BP+500+Sets+Fourth+High+in+Row+---+Netflix+climbs+11%25%2C+biggest+winner+on+day+in+broad+market+benchmark&amp;volume=&amp;issue=&amp;date=2024&amp;atitle=S%26amp%3BP+500+Sets+Fourth+High+in+Row+---+Netflix+climbs+11%25%2C+biggest+winner+on+day+in+broad+market+benchmark&amp;spage=B.11&amp;sid=ProQ%3Aabiglobal&amp;author=Wallerstein,,ABI/INFORM Collection
S&P 500 rises to another fresh record as earnings optimism powers rally,,2917914995,Newspapers,"Sor, Jennifer", Netflix Inc," Copyright Insider, Inc. Jan 24, 2024", News," Jan 24, 2024"," mi-exclusive , stock-market-news-today , daily-market-wrap , s-p-500-record , s-and-p-500-bull-market , stock-market-rally , tech-earnings , corporate-earnings , tesla-earnings , ibm-earnings , sp-500 , fed-rate-cuts , gdp , inflation",,, English, English,, New York,"Jan 24, 2024",Business Insider,2024,,https://esearch.ut.edu/login?url=https://www.proquest.com/newspapers/s-amp-p-500-rises-another-fresh-record-as/docview/2917914995/se-2?accountid=14762,https://ut.primo.exlibrisgroup.com/openurl/01UTAMPA_INST/01UTAMPA_INST:SpartanSearch?genre=article&amp;issn=&amp;title=S%26amp%3BP+500+rises+to+another+fresh+record+as+earnings+optimism+powers+rally&amp;volume=&amp;issue=&amp;date=2024&amp;atitle=S%26amp%3BP+500+rises+to+another+fresh+record+as+earnings+optimism+powers+rally&amp;spage=&amp;sid=ProQ%3Aabidateline&amp;author=Sor,,ABI/INFORM Collection
"World markets today: US stocks surge, S&P 500 hits fresh record high; Netflix climbs over 12%",,2917899594,Newspapers,, Netflix Inc," Copyright HT Digital Streams Limited Jan 24, 2024", News," Jan 24, 2024",,,, English, English,, New Delhi,"Jan 24, 2024",Mint,2024,,https://esearch.ut.edu/login?url=https://www.proquest.com/newspapers/world-markets-today-us-stocks-surge-s-amp-p-500/docview/2917899594/se-2?accountid=14762,https://ut.primo.exlibrisgroup.com/openurl/01UTAMPA_INST/01UTAMPA_INST:SpartanSearch?genre=article&amp;issn=&amp;title=World+markets+today%3A+US+stocks+surge%2C+S%26amp%3BP+500+hits+fresh+record+high%3B+Netflix+climbs+over+12%25&amp;volume=&amp;issue=&amp;date=2024&amp;atitle=World+markets+today%3A+US+stocks+surge%2C+S%26amp%3BP+500+hits+fresh+record+high%3B+Netflix+climbs+over+12%25&amp;spage=&amp;sid=ProQ%3Aabiglobal&amp;author=,,ABI/INFORM Collection
"World markets today: US stocks jump, S&P 500 hits fresh record high, Netflix climbs over 12%",,2917892810,Newspapers,, Netflix Inc," Copyright HT Digital Streams Limited Jan 24, 2024", News," Jan 24, 2024",,,, English, English,, New Delhi,"Jan 24, 2024",Mint,2024,,https://esearch.ut.edu/login?url=https://www.proquest.com/newspapers/world-markets-today-us-stocks-jump-s-amp-p-500/docview/2917892810/se-2?accountid=14762,https://ut.primo.exlibrisgroup.com/openurl/01UTAMPA_INST/01UTAMPA_INST:SpartanSearch?genre=article&amp;issn=&amp;title=World+markets+today%3A+US+stocks+jump%2C+S%26amp%3BP+500+hits+fresh+record+high%2C+Netflix+climbs+over+12%25&amp;volume=&amp;issue=&amp;date=2024&amp;atitle=World+markets+today%3A+US+stocks+jump%2C+S%26amp%3BP+500+hits+fresh+record+high%2C+Netflix+climbs+over+12%25&amp;spage=&amp;sid=ProQ%3Aabiglobal&amp;author=,,ABI/INFORM Collection
"Bitcoin Price Rebounds Above $40,000. Thank the S&P 500.",,2917837101,Newspapers,"Denton, Jack",," Copyright 2024 Dow Jones & Company, Inc. All Rights Reserved.", News," Jan 24, 2024",,,, English, English,, New York,"Jan 24, 2024",Barron's (Online),2024,,https://esearch.ut.edu/login?url=https://www.proquest.com/newspapers/bitcoin-price-rebounds-above-40-000-thank-s-amp-p/docview/2917837101/se-2?accountid=14762,https://ut.primo.exlibrisgroup.com/openurl/01UTAMPA_INST/01UTAMPA_INST:SpartanSearch?genre=article&amp;issn=&amp;title=Bitcoin+Price+Rebounds+Above+%2440%2C000.+Thank+the+S%26amp%3BP+500.&amp;volume=&amp;issue=&amp;date=2024&amp;atitle=Bitcoin+Price+Rebounds+Above+%2440%2C000.+Thank+the+S%26amp%3BP+500.&amp;spage=&amp;sid=ProQ%3Aabiglobal&amp;author=Denton,,"ABI/INFORM Collection, Research Library"
Plain-Vanilla S&P 500 Index Funds Are Out. Here's What In.,,2917738470,Newspapers,"Carlson, Debbie",," Copyright 2024 Dow Jones & Company, Inc. All Rights Reserved.", News," Jan 24, 2024",,,, English, English,, New York,"Jan 24, 2024",Barron's (Online),2024,,https://esearch.ut.edu/login?url=https://www.proquest.com/newspapers/plain-vanilla-s-amp-p-500-index-funds-are-out/docview/2917738470/se-2?accountid=14762,https://ut.primo.exlibrisgroup.com/openurl/01UTAMPA_INST/01UTAMPA_INST:SpartanSearch?genre=article&amp;issn=&amp;title=Plain-Vanilla+S%26amp%3BP+500+Index+Funds+Are+Out.+Here%27s+What+In.&amp;volume=&amp;issue=&amp;date=2024&amp;atitle=Plain-Vanilla+S%26amp%3BP+500+Index+Funds+Are+Out.+Here%27s+What+In.&amp;spage=&amp;sid=ProQ%3Aabiglobal&amp;author=Carlson,,"ABI/INFORM Collection, Research Library"
Earnings Drive S&P 500 to Another High --- Dow industrials retreat below 38000; airlines power increases,,2917738433,Newspapers,"Langley, Karen",," Copyright 2024 Dow Jones & Company, Inc. All Rights Reserved.", News," Jan 24, 2024",,0099-9660,, English, English,," New York, N.Y.","Jan 24, 2024",Wall Street Journal,2024,,https://esearch.ut.edu/login?url=https://www.proquest.com/newspapers/earnings-drive-s-amp-p-500-another-high-dow/docview/2917738433/se-2?accountid=14762,https://ut.primo.exlibrisgroup.com/openurl/01UTAMPA_INST/01UTAMPA_INST:SpartanSearch?genre=article&amp;issn=00999660&amp;title=Earnings+Drive+S%26amp%3BP+500+to+Another+High+---+Dow+industrials+retreat+below+38000%3B+airlines+power+increases&amp;volume=&amp;issue=&amp;date=2024&amp;atitle=Earnings+Drive+S%26amp%3BP+500+to+Another+High+---+Dow+industrials+retreat+below+38000%3B+airlines+power+increases&amp;spage=B.11&amp;sid=ProQ%3Aabiglobal&amp;author=Langley,,ABI/INFORM Collection
Stocks Are Threatened by Rising Bond Yields. How Far the S&P 500 Could Fall.,,2917614850,Newspapers,"Sonenshine, Jacob",," Copyright 2024 Dow Jones & Company, Inc. All Rights Reserved.", News," Jan 23, 2024",,,, English, English,, New York,"Jan 23, 2024",Barron's (Online),2024,,https://esearch.ut.edu/login?url=https://www.proquest.com/newspapers/stocks-are-threatened-rising-bond-yields-how-far/docview/2917614850/se-2?accountid=14762,https://ut.primo.exlibrisgroup.com/openurl/01UTAMPA_INST/01UTAMPA_INST:SpartanSearch?genre=article&amp;issn=&amp;title=Stocks+Are+Threatened+by+Rising+Bond+Yields.+How+Far+the+S%26amp%3BP+500+Could+Fall.&amp;volume=&amp;issue=&amp;date=2024&amp;atitle=Stocks+Are+Threatened+by+Rising+Bond+Yields.+How+Far+the+S%26amp%3BP+500+Could+Fall.&amp;spage=&amp;sid=ProQ%3Aabiglobal&amp;author=Sonenshine,,"ABI/INFORM Collection, Research Library"
The Magnificent 7 Are Pushing the S&P 500 to New Highs. What It Means for Investors.,,2917548775,Newspapers,"Sonenshine, Jacob",," Copyright 2024 Dow Jones & Company, Inc. All Rights Reserved.", News," Jan 23, 2024",,,, English, English,, New York,"Jan 23, 2024",Barron's (Online),2024,,https://esearch.ut.edu/login?url=https://www.proquest.com/newspapers/magnificent-7-are-pushing-s-amp-p-500-new-highs/docview/2917548775/se-2?accountid=14762,https://ut.primo.exlibrisgroup.com/openurl/01UTAMPA_INST/01UTAMPA_INST:SpartanSearch?genre=article&amp;issn=&amp;title=The+Magnificent+7+Are+Pushing+the+S%26amp%3BP+500+to+New+Highs.+What+It+Means+for+Investors.&amp;volume=&amp;issue=&amp;date=2024&amp;atitle=The+Magnificent+7+Are+Pushing+the+S%26amp%3BP+500+to+New+Highs.+What+It+Means+for+Investors.&amp;spage=&amp;sid=ProQ%3Aabiglobal&amp;author=Sonenshine,,"ABI/INFORM Collection, Research Library"
"The rally in stocks still has room to run after the S&P 500 cruised to a new high, UBS says",,2917540691,Newspapers,"Glover, George", UBS AG," Copyright Insider, Inc. Jan 23, 2024", News," Jan 23, 2024"," mi-exclusive , markets , stocks , stock-market-analysis , stock-market-outlook , stock-market-strategy , investing-analysis , investing-outlook , investing-strategy , sp-500 , s-and-p-500-all-time-high , ubs , goldilocks-scenario , russell-2000",,, English, English,, New York,"Jan 23, 2024",Business Insider,2024,,https://esearch.ut.edu/login?url=https://www.proquest.com/newspapers/rally-stocks-still-has-room-run-after-s-amp-p-500/docview/2917540691/se-2?accountid=14762,https://ut.primo.exlibrisgroup.com/openurl/01UTAMPA_INST/01UTAMPA_INST:SpartanSearch?genre=article&amp;issn=&amp;title=The+rally+in+stocks+still+has+room+to+run+after+the+S%26amp%3BP+500+cruised+to+a+new+high%2C+UBS+says&amp;volume=&amp;issue=&amp;date=2024&amp;atitle=The+rally+in+stocks+still+has+room+to+run+after+the+S%26amp%3BP+500+cruised+to+a+new+high%2C+UBS+says&amp;spage=&amp;sid=ProQ%3Aabidateline&amp;author=Glover,,ABI/INFORM Collection
"Dow Climbs Above 38000 for First Time --- Blue chips get lift from tech giants, Goldman; S&P 500 sets another record",,2917460834,Newspapers,"Banerji, Gunjan",," Copyright 2024 Dow Jones & Company, Inc. All Rights Reserved.", News," Jan 23, 2024",,0099-9660,, English, English,," New York, N.Y.","Jan 23, 2024",Wall Street Journal,2024,,https://esearch.ut.edu/login?url=https://www.proquest.com/newspapers/dow-climbs-above-38000-first-time-blue-chips-get/docview/2917460834/se-2?accountid=14762,https://ut.primo.exlibrisgroup.com/openurl/01UTAMPA_INST/01UTAMPA_INST:SpartanSearch?genre=article&amp;issn=00999660&amp;title=Dow+Climbs+Above+38000+for+First+Time+---+Blue+chips+get+lift+from+tech+giants%2C+Goldman%3B+S%26amp%3BP+500+sets+another+record&amp;volume=&amp;issue=&amp;date=2024&amp;atitle=Dow+Climbs+Above+38000+for+First+Time+---+Blue+chips+get+lift+from+tech+giants%2C+Goldman%3B+S%26amp%3BP+500+sets+another+record&amp;spage=B.1&amp;sid=ProQ%3Aabiglobal&amp;author=Banerji,,ABI/INFORM Collection
"Investors warned, despite S&P 500 highs",,2917410989,Newspapers,,, Copyright © Financial Mirror. All right reserved. Provided by SyndiGate Media Inc. (Syndigate.info)., News," Jan 22, 2024", news,,, English, English,, Nicosia,"Jan 22, 2024",Financial Mirror,2024,,https://esearch.ut.edu/login?url=https://www.proquest.com/newspapers/investors-warned-despite-s-amp-p-500-highs/docview/2917410989/se-2?accountid=14762,https://ut.primo.exlibrisgroup.com/openurl/01UTAMPA_INST/01UTAMPA_INST:SpartanSearch?genre=article&amp;issn=&amp;title=Investors+warned%2C+despite+S%26amp%3BP+500+highs&amp;volume=&amp;issue=&amp;date=2024&amp;atitle=Investors+warned%2C+despite+S%26amp%3BP+500+highs&amp;spage=&amp;sid=ProQ%3Aabidateline&amp;author=,,ABI/INFORM Collection
Why JPMorgan is still bearish on stocks even after the latest record high for the S&P 500,,2917331965,Newspapers,"Fox, Matthew",," Copyright Insider, Inc. Jan 22, 2024", News," Jan 22, 2024"," mi-exclusive , stock-market-outlook , stock-market-analysis , stock-market , analyst-note , earnings",,, English, English,, New York,"Jan 22, 2024",Business Insider,2024,,https://esearch.ut.edu/login?url=https://www.proquest.com/newspapers/why-jpmorgan-is-still-bearish-on-stocks-even/docview/2917331965/se-2?accountid=14762,https://ut.primo.exlibrisgroup.com/openurl/01UTAMPA_INST/01UTAMPA_INST:SpartanSearch?genre=article&amp;issn=&amp;title=Why+JPMorgan+is+still+bearish+on+stocks+even+after+the+latest+record+high+for+the+S%26amp%3BP+500&amp;volume=&amp;issue=&amp;date=2024&amp;atitle=Why+JPMorgan+is+still+bearish+on+stocks+even+after+the+latest+record+high+for+the+S%26amp%3BP+500&amp;spage=&amp;sid=ProQ%3Aabidateline&amp;author=Fox,,ABI/INFORM Collection
The Magnificent 7 Are Pushing the S&P 500 to New Highs. What It Means for Investors.,,2917323327,Newspapers,"Sonenshine, Jacob",," Copyright 2024 Dow Jones & Company, Inc. All Rights Reserved.", News," Jan 22, 2024",,,, English, English,, New York,"Jan 22, 2024",Barron's (Online),2024,,https://esearch.ut.edu/login?url=https://www.proquest.com/newspapers/magnificent-7-are-pushing-s-amp-p-500-new-highs/docview/2917323327/se-2?accountid=14762,https://ut.primo.exlibrisgroup.com/openurl/01UTAMPA_INST/01UTAMPA_INST:SpartanSearch?genre=article&amp;issn=&amp;title=The+Magnificent+7+Are+Pushing+the+S%26amp%3BP+500+to+New+Highs.+What+It+Means+for+Investors.&amp;volume=&amp;issue=&amp;date=2024&amp;atitle=The+Magnificent+7+Are+Pushing+the+S%26amp%3BP+500+to+New+Highs.+What+It+Means+for+Investors.&amp;spage=&amp;sid=ProQ%3Aabiglobal&amp;author=Sonenshine,,"ABI/INFORM Collection, Research Library"
"A 1990s-style stock melt-up is now possible after the S&P 500 hit record highs, market veteran says",,2917312440,Newspapers,"Fox, Matthew",," Copyright Insider, Inc. Jan 22, 2024", News," Jan 22, 2024"," mi-exclusive , stock-market-outlook , stock-market-analysis , stock-market , analyst-note , interest-rates",,, English, English,, New York,"Jan 22, 2024",Business Insider,2024,,https://esearch.ut.edu/login?url=https://www.proquest.com/newspapers/1990s-style-stock-melt-up-is-now-possible-after-s/docview/2917312440/se-2?accountid=14762,https://ut.primo.exlibrisgroup.com/openurl/01UTAMPA_INST/01UTAMPA_INST:SpartanSearch?genre=article&amp;issn=&amp;title=A+1990s-style+stock+melt-up+is+now+possible+after+the+S%26amp%3BP+500+hit+record+highs%2C+market+veteran+says&amp;volume=&amp;issue=&amp;date=2024&amp;atitle=A+1990s-style+stock+melt-up+is+now+possible+after+the+S%26amp%3BP+500+hit+record+highs%2C+market+veteran+says&amp;spage=&amp;sid=ProQ%3Aabidateline&amp;author=Fox,,ABI/INFORM Collection
"The S&P 500 May Be Pricey, but These Sectors Could Outperform",,2917293729,Newspapers,"Rivas, Teresa",," Copyright 2024 Dow Jones & Company, Inc. All Rights Reserved.", News," Jan 22, 2024",,,, English, English,, New York,"Jan 22, 2024",Barron's (Online),2024,,https://esearch.ut.edu/login?url=https://www.proquest.com/newspapers/s-amp-p-500-may-be-pricey-these-sectors-could/docview/2917293729/se-2?accountid=14762,https://ut.primo.exlibrisgroup.com/openurl/01UTAMPA_INST/01UTAMPA_INST:SpartanSearch?genre=article&amp;issn=&amp;title=The+S%26amp%3BP+500+May+Be+Pricey%2C+but+These+Sectors+Could+Outperform&amp;volume=&amp;issue=&amp;date=2024&amp;atitle=The+S%26amp%3BP+500+May+Be+Pricey%2C+but+These+Sectors+Could+Outperform&amp;spage=&amp;sid=ProQ%3Aabiglobal&amp;author=Rivas,,"ABI/INFORM Collection, Research Library"
The S&P 500 just hit an all-time high - but many other US stocks are still in a bear market,,2917204231,Newspapers,"Glover, George",," Copyright Insider, Inc. Jan 22, 2024", News," Jan 22, 2024"," mi-exclusive , markets , stocks , sp-500 , russell-2000 , stock-market-analysis , stock-market-outlook , stock-market-strategy , investing-analysis , investing-outlook , investing-strategy , interest-rates , federal-reserve , inflation , big-tech , ai",,, English, English,, New York,"Jan 22, 2024",Business Insider,2024,,https://esearch.ut.edu/login?url=https://www.proquest.com/newspapers/s-amp-p-500-just-hit-all-time-high-many-other-us/docview/2917204231/se-2?accountid=14762,https://ut.primo.exlibrisgroup.com/openurl/01UTAMPA_INST/01UTAMPA_INST:SpartanSearch?genre=article&amp;issn=&amp;title=The+S%26amp%3BP+500+just+hit+an+all-time+high+-+but+many+other+US+stocks+are+still+in+a+bear+market&amp;volume=&amp;issue=&amp;date=2024&amp;atitle=The+S%26amp%3BP+500+just+hit+an+all-time+high+-+but+many+other+US+stocks+are+still+in+a+bear+market&amp;spage=&amp;sid=ProQ%3Aabidateline&amp;author=Glover,,ABI/INFORM Collection
"The S&P 500 Finally Recovers. Why Earnings, the Fed Could Stall It.",,2917204148,Newspapers,," Macys Inc , Netflix Inc , Bureau of Economic Analysis"," Copyright 2024 Dow Jones & Company, Inc. All Rights Reserved.", News," Jan 22, 2024",,,, English, English,, New York,"Jan 22, 2024",Barron's (Online),2024,,https://esearch.ut.edu/login?url=https://www.proquest.com/newspapers/s-amp-p-500-finally-recovers-why-earnings-fed/docview/2917204148/se-2?accountid=14762,https://ut.primo.exlibrisgroup.com/openurl/01UTAMPA_INST/01UTAMPA_INST:SpartanSearch?genre=article&amp;issn=&amp;title=The+S%26amp%3BP+500+Finally+Recovers.+Why+Earnings%2C+the+Fed+Could+Stall+It.&amp;volume=&amp;issue=&amp;date=2024&amp;atitle=The+S%26amp%3BP+500+Finally+Recovers.+Why+Earnings%2C+the+Fed+Could+Stall+It.&amp;spage=&amp;sid=ProQ%3Aabiglobal&amp;author=,,"ABI/INFORM Collection, Research Library"
"The chartmaster who predicted the robust year-end rally shares when the S&P 500 will break through the 5,000 milestone - and outlines a 4-part investing blueprint for a disappointing pullback",,2916884211,Newspapers,"Faris, James", NVidia Corp," Copyright Insider, Inc. Jan 21, 2024", News," Jan 21, 2024"," bi-prime , investing , stocks , stocks-2024 , stock-market , stock-market-2024 , stock-market-outlook , stock-market-outlook-2024 , stock-market-prediction , stock-market-prediction-2024 , david-keller , david-keller-stockcharts-com",,, English, English,, New York,"Jan 21, 2024",Business Insider,2024,,https://esearch.ut.edu/login?url=https://www.proquest.com/newspapers/chartmaster-who-predicted-robust-year-end-rally/docview/2916884211/se-2?accountid=14762,https://ut.primo.exlibrisgroup.com/openurl/01UTAMPA_INST/01UTAMPA_INST:SpartanSearch?genre=article&amp;issn=&amp;title=The+chartmaster+who+predicted+the+robust+year-end+rally+shares+when+the+S%26amp%3BP+500+will+break+through+the+5%2C000+milestone+-+and+outlines+a+4-part+investing+blueprint+for+a+disappointing+pullback&amp;volume=&amp;issue=&amp;date=2024&amp;atitle=The+chartmaster+who+predicted+the+robust+year-end+rally+shares+when+the+S%26amp%3BP+500+will+break+through+the+5%2C000+milestone+-+and+outlines+a+4-part+investing+blueprint+for+a+disappointing+pullback&amp;spage=&amp;sid=ProQ%3Aabidateline&amp;author=Faris,,ABI/INFORM Collection
Wall Street limps to all-time high as 'sugar rush' fades: Equities. S&amp;P 500 Tech stocks nudge index past its January 2022 record after broad-based rally fizzles out,,2928066698,Newspapers,"Megaw, Nicholas", Hamas," Copyright The Financial Times Limited Jan 20, 2024", News," Jan 20, 2024",,0307-1766,, English, English,, London (UK),"Jan 20, 2024",Financial Times,2024,,https://esearch.ut.edu/login?url=https://www.proquest.com/newspapers/wall-street-limps-all-time-high-as-sugar-rush/docview/2928066698/se-2?accountid=14762,https://ut.primo.exlibrisgroup.com/openurl/01UTAMPA_INST/01UTAMPA_INST:SpartanSearch?genre=article&amp;issn=03071766&amp;title=Wall+Street+limps+to+all-time+high+as+%27sugar+rush%27+fades&amp;volume=&amp;issue=&amp;date=2024&amp;atitle=Wall+Street+limps+to+all-time+high+as+%27sugar+rush%27+fades%3A+Equities.+S%26amp%3BP+500+Tech+stocks+nudge+index+past+its+January+2022+record+after+broad-based+rally+fizzles+out&amp;spage=16&amp;sid=ProQ%3Aabiglobal&amp;author=Megaw,,ABI/INFORM Collection
EXCHANGE --- Friday's Markets: S&P 500 Climbs 1.2% to a Record --- Benchmark index surpasses its previous high set two years ago,,2916557760,Newspapers,"Miao, Hannah",," Copyright 2024 Dow Jones & Company, Inc. All Rights Reserved.", News," Jan 20, 2024",,0099-9660,, English, English,," New York, N.Y.","Jan 20, 2024",Wall Street Journal,2024,,https://esearch.ut.edu/login?url=https://www.proquest.com/newspapers/exchange-fridays-markets-s-amp-p-500-climbs-1-2/docview/2916557760/se-2?accountid=14762,https://ut.primo.exlibrisgroup.com/openurl/01UTAMPA_INST/01UTAMPA_INST:SpartanSearch?genre=article&amp;issn=00999660&amp;title=EXCHANGE+---+Friday%27s+Markets%3A+S%26amp%3BP+500+Climbs+1.2%25+to+a+Record+---+Benchmark+index+surpasses+its+previous+high+set+two+years+ago&amp;volume=&amp;issue=&amp;date=2024&amp;atitle=EXCHANGE+---+Friday%27s+Markets%3A+S%26amp%3BP+500+Climbs+1.2%25+to+a+Record+---+Benchmark+index+surpasses+its+previous+high+set+two+years+ago&amp;spage=B.11&amp;sid=ProQ%3Aabiglobal&amp;author=Miao,,ABI/INFORM Collection
Indian stock market: 6 key things that changed for market overnight - S&P 500 at record to US consumer sentiment,,2916502424,Newspapers,, Reliance Industries Ltd," Copyright HT Digital Streams Limited Jan 20, 2024", News," Jan 20, 2024",,,, English, English,, New Delhi,"Jan 20, 2024",Mint,2024,,https://esearch.ut.edu/login?url=https://www.proquest.com/newspapers/indian-stock-market-6-key-things-that-changed/docview/2916502424/se-2?accountid=14762,https://ut.primo.exlibrisgroup.com/openurl/01UTAMPA_INST/01UTAMPA_INST:SpartanSearch?genre=article&amp;issn=&amp;title=Indian+stock+market%3A+6+key+things+that+changed+for+market+overnight+-+S%26amp%3BP+500+at+record+to+US+consumer+sentiment&amp;volume=&amp;issue=&amp;date=2024&amp;atitle=Indian+stock+market%3A+6+key+things+that+changed+for+market+overnight+-+S%26amp%3BP+500+at+record+to+US+consumer+sentiment&amp;spage=&amp;sid=ProQ%3Aabiglobal&amp;author=,,ABI/INFORM Collection
S&P 500 closes at a new all-time high as fresh data drives optimism for rate cuts,,2916458784,Newspapers,"Rosen, Phil", University of Michigan," Copyright Insider, Inc. Jan 19, 2024", News," Jan 19, 2024"," mi-exclusive , markets , consumer-sentiment , michigan , stock-market , stocks , fed-rate-cuts , interest-rates , federal-reserve , inflation",,, English, English,, New York,"Jan 19, 2024",Business Insider,2024,,https://esearch.ut.edu/login?url=https://www.proquest.com/newspapers/s-amp-p-500-closes-at-new-all-time-high-as-fresh/docview/2916458784/se-2?accountid=14762,https://ut.primo.exlibrisgroup.com/openurl/01UTAMPA_INST/01UTAMPA_INST:SpartanSearch?genre=article&amp;issn=&amp;title=S%26amp%3BP+500+closes+at+a+new+all-time+high+as+fresh+data+drives+optimism+for+rate+cuts&amp;volume=&amp;issue=&amp;date=2024&amp;atitle=S%26amp%3BP+500+closes+at+a+new+all-time+high+as+fresh+data+drives+optimism+for+rate+cuts&amp;spage=&amp;sid=ProQ%3Aabidateline&amp;author=Rosen,,ABI/INFORM Collection
S&P 500 hits all-time high as new economic data fuels rate-cut bets,,2916442248,Newspapers,"Rosen, Phil",," Copyright Insider, Inc. Jan 19, 2024", News," Jan 19, 2024"," mi-exclusive , markets , stock-market-news , federal-reserve , stocks , apple-stock , sp500 , investors , financial-markets",,, English, English,, New York,"Jan 19, 2024",Business Insider,2024,,https://esearch.ut.edu/login?url=https://www.proquest.com/newspapers/s-amp-p-500-hits-all-time-high-as-new-economic/docview/2916442248/se-2?accountid=14762,https://ut.primo.exlibrisgroup.com/openurl/01UTAMPA_INST/01UTAMPA_INST:SpartanSearch?genre=article&amp;issn=&amp;title=S%26amp%3BP+500+hits+all-time+high+as+new+economic+data+fuels+rate-cut+bets&amp;volume=&amp;issue=&amp;date=2024&amp;atitle=S%26amp%3BP+500+hits+all-time+high+as+new+economic+data+fuels+rate-cut+bets&amp;spage=&amp;sid=ProQ%3Aabidateline&amp;author=Rosen,,ABI/INFORM Collection
AutoNation Stock Has Crushed the S&P 500. Edward Lampert Keeps Selling Shares.,,2916305892,Newspapers,"Lin, Ed"," Securities & Exchange Commission , AutoNation Inc"," Copyright 2024 Dow Jones & Company, Inc. All Rights Reserved.", News," Jan 19, 2024",,,, English, English,, New York,"Jan 19, 2024",Barron's (Online),2024,,https://esearch.ut.edu/login?url=https://www.proquest.com/newspapers/autonation-stock-has-crushed-s-amp-p-500-edward/docview/2916305892/se-2?accountid=14762,https://ut.primo.exlibrisgroup.com/openurl/01UTAMPA_INST/01UTAMPA_INST:SpartanSearch?genre=article&amp;issn=&amp;title=AutoNation+Stock+Has+Crushed+the+S%26amp%3BP+500.+Edward+Lampert+Keeps+Selling+Shares.&amp;volume=&amp;issue=&amp;date=2024&amp;atitle=AutoNation+Stock+Has+Crushed+the+S%26amp%3BP+500.+Edward+Lampert+Keeps+Selling+Shares.&amp;spage=&amp;sid=ProQ%3Aabiglobal&amp;author=Lin,,"ABI/INFORM Collection, Research Library"
"Top money managers warn that 2024 earnings expectations are getting out of hand, even as Wall Street firms scramble to raise their S&P 500 targets",,2915934575,Newspapers,"Faris, James",," Copyright Insider, Inc. Jan 18, 2024", News," Jan 18, 2024"," bi-prime , investing , stocks , stocks-2024 , earnings , earnings-2024 , earnings-prediction",,, English, English,, New York,"Jan 18, 2024",Business Insider,2024,,https://esearch.ut.edu/login?url=https://www.proquest.com/newspapers/top-money-managers-warn-that-2024-earnings/docview/2915934575/se-2?accountid=14762,https://ut.primo.exlibrisgroup.com/openurl/01UTAMPA_INST/01UTAMPA_INST:SpartanSearch?genre=article&amp;issn=&amp;title=Top+money+managers+warn+that+2024+earnings+expectations+are+getting+out+of+hand%2C+even+as+Wall+Street+firms+scramble+to+raise+their+S%26amp%3BP+500+targets&amp;volume=&amp;issue=&amp;date=2024&amp;atitle=Top+money+managers+warn+that+2024+earnings+expectations+are+getting+out+of+hand%2C+even+as+Wall+Street+firms+scramble+to+raise+their+S%26amp%3BP+500+targets&amp;spage=&amp;sid=ProQ%3Aabidateline&amp;author=Faris,,ABI/INFORM Collection
"CHART OF THE DAY: Technology stocks will grow to 50% of the S&P 500 amid a growing labor shortage, Fundstrat says",,2914892466,Newspapers,"Fox, Matthew",," Copyright Insider, Inc. Jan 15, 2024", News," Jan 15, 2024"," mi-exclusive , chart-of-the-day , stock-market , sp-500 , markets , analyst-note , tech-stocks",,, English, English,, New York,"Jan 15, 2024",Business Insider,2024,,https://esearch.ut.edu/login?url=https://www.proquest.com/newspapers/chart-day-technology-stocks-will-grow-50-s-amp-p/docview/2914892466/se-2?accountid=14762,https://ut.primo.exlibrisgroup.com/openurl/01UTAMPA_INST/01UTAMPA_INST:SpartanSearch?genre=article&amp;issn=&amp;title=CHART+OF+THE+DAY%3A+Technology+stocks+will+grow+to+50%25+of+the+S%26amp%3BP+500+amid+a+growing+labor+shortage%2C+Fundstrat+says&amp;volume=&amp;issue=&amp;date=2024&amp;atitle=CHART+OF+THE+DAY%3A+Technology+stocks+will+grow+to+50%25+of+the+S%26amp%3BP+500+amid+a+growing+labor+shortage%2C+Fundstrat+says&amp;spage=&amp;sid=ProQ%3Aabidateline&amp;author=Fox,,ABI/INFORM Collection
"The S&P 500 looks risky, there's a 75% chance of recession this year, and a firing frenzy is looming, elite investor Jeffrey Gundlach says",,2914892327,Newspapers,"Theron, Mohamed",," Copyright Insider, Inc. Jan 15, 2024", News," Jan 15, 2024"," mi-exclusive , markets , stocks , jeffrey-gundlach , stock-market-outlook , billionaires , doubleline-capital , sp-500 , inflation , recession , interest-rates , unemployment , federal-reserve , national-debt , magnificent-seven , us-markets-and-economy , yield-curve",,, English, English,, New York,"Jan 15, 2024",Business Insider,2024,,https://esearch.ut.edu/login?url=https://www.proquest.com/newspapers/s-amp-p-500-looks-risky-theres-75-chance/docview/2914892327/se-2?accountid=14762,https://ut.primo.exlibrisgroup.com/openurl/01UTAMPA_INST/01UTAMPA_INST:SpartanSearch?genre=article&amp;issn=&amp;title=The+S%26amp%3BP+500+looks+risky%2C+there%27s+a+75%25+chance+of+recession+this+year%2C+and+a+firing+frenzy+is+looming%2C+elite+investor+Jeffrey+Gundlach+says&amp;volume=&amp;issue=&amp;date=2024&amp;atitle=The+S%26amp%3BP+500+looks+risky%2C+there%27s+a+75%25+chance+of+recession+this+year%2C+and+a+firing+frenzy+is+looming%2C+elite+investor+Jeffrey+Gundlach+says&amp;spage=&amp;sid=ProQ%3Aabidateline&amp;author=Theron,,ABI/INFORM Collection
S&P 500’s Magnificent Seven stocks outlook in 2024,,2914248095,Newspapers,"Dhawan, Sunil", NVidia Corp," Copyright 2024 IE Online Media Services Pvt. Ltd., distributed by Contify.com", News," Jan 14, 2024",,,, English, English,, New Delhi,"Jan 14, 2024",Financial Express,2024,,https://esearch.ut.edu/login?url=https://www.proquest.com/newspapers/s-amp-p-500-magnificent-seven-stocks-outlook-2024/docview/2914248095/se-2?accountid=14762,https://ut.primo.exlibrisgroup.com/openurl/01UTAMPA_INST/01UTAMPA_INST:SpartanSearch?genre=article&amp;issn=&amp;title=S%26amp%3BP+500%E2%80%99s+Magnificent+Seven+stocks+outlook+in+2024&amp;volume=&amp;issue=&amp;date=2024&amp;atitle=S%26amp%3BP+500%26rsquo%3Bs+Magnificent+Seven+stocks+outlook+in+2024&amp;spage=&amp;sid=ProQ%3Aabitrade&amp;author=Dhawan,,ABI/INFORM Collection
Change during previous day's trading (%) S&P 500: MARKET DATA,,2924810575,Newspapers,,," Copyright The Financial Times Limited Jan 13, 2024", News," Jan 13, 2024",,0307-1766,, English, English,, London (UK),"Jan 13, 2024",Financial Times,2024,,https://esearch.ut.edu/login?url=https://www.proquest.com/newspapers/change-during-previous-days-trading-s-amp-p-500/docview/2924810575/se-2?accountid=14762,https://ut.primo.exlibrisgroup.com/openurl/01UTAMPA_INST/01UTAMPA_INST:SpartanSearch?genre=article&amp;issn=03071766&amp;title=Change+during+previous+day%27s+trading+%28%25%29+S%26amp%3BP+500&amp;volume=&amp;issue=&amp;date=2024&amp;atitle=Change+during+previous+day%27s+trading+%28%25%29+S%26amp%3BP+500%3A+MARKET+DATA&amp;spage=17&amp;sid=ProQ%3Aabiglobal&amp;author=,,ABI/INFORM Collection
EXCHANGE --- Friday's Markets: S&P 500 Misses Record Despite Weekly Gain --- Index is within 0.3% of a record high that has stood for more than two years,,2913638361,Newspapers,"Dezember, Ryan",," Copyright 2024 Dow Jones & Company, Inc. All Rights Reserved.", News," Jan 13, 2024",,0099-9660,, English, English,," New York, N.Y.","Jan 13, 2024",Wall Street Journal,2024,,https://esearch.ut.edu/login?url=https://www.proquest.com/newspapers/exchange-fridays-markets-s-amp-p-500-misses/docview/2913638361/se-2?accountid=14762,https://ut.primo.exlibrisgroup.com/openurl/01UTAMPA_INST/01UTAMPA_INST:SpartanSearch?genre=article&amp;issn=00999660&amp;title=EXCHANGE+---+Friday%27s+Markets%3A+S%26amp%3BP+500+Misses+Record+Despite+Weekly+Gain+---+Index+is+within+0.3%25+of+a+record+high+that+has+stood+for+more+than+two+years&amp;volume=&amp;issue=&amp;date=2024&amp;atitle=EXCHANGE+---+Friday%27s+Markets%3A+S%26amp%3BP+500+Misses+Record+Despite+Weekly+Gain+---+Index+is+within+0.3%25+of+a+record+high+that+has+stood+for+more+than+two+years&amp;spage=B.11&amp;sid=ProQ%3Aabiglobal&amp;author=Dezember,,ABI/INFORM Collection
Anatomy of a Rally: How S&P 500 Got Back to Record Levels,,2913121326,Newspapers,"Jasinski, Nicholas"," Amazon.com Inc , Netflix Inc"," Copyright 2024 Dow Jones & Company, Inc. All Rights Reserved.", News," Jan 11, 2024",,,, English, English,, New York,"Jan 11, 2024",Barron's (Online),2024,,https://esearch.ut.edu/login?url=https://www.proquest.com/newspapers/anatomy-rally-how-s-amp-p-500-got-back-record/docview/2913121326/se-2?accountid=14762,https://ut.primo.exlibrisgroup.com/openurl/01UTAMPA_INST/01UTAMPA_INST:SpartanSearch?genre=article&amp;issn=&amp;title=Anatomy+of+a+Rally%3A+How+S%26amp%3BP+500+Got+Back+to+Record+Levels&amp;volume=&amp;issue=&amp;date=2024&amp;atitle=Anatomy+of+a+Rally%3A+How+S%26amp%3BP+500+Got+Back+to+Record+Levels&amp;spage=&amp;sid=ProQ%3Aabiglobal&amp;author=Jasinski,,"ABI/INFORM Collection, Research Library"
Why S&P 500 Pain Could Turn to Gains,,2912749912,Newspapers,"Rivas, Teresa",," Copyright 2024 Dow Jones & Company, Inc. All Rights Reserved.", News," Jan 10, 2024",,,, English, English,, New York,"Jan 10, 2024",Barron's (Online),2024,,https://esearch.ut.edu/login?url=https://www.proquest.com/newspapers/why-s-amp-p-500-pain-could-turn-gains/docview/2912749912/se-2?accountid=14762,https://ut.primo.exlibrisgroup.com/openurl/01UTAMPA_INST/01UTAMPA_INST:SpartanSearch?genre=article&amp;issn=&amp;title=Why+S%26amp%3BP+500+Pain+Could+Turn+to+Gains&amp;volume=&amp;issue=&amp;date=2024&amp;atitle=Why+S%26amp%3BP+500+Pain+Could+Turn+to+Gains&amp;spage=&amp;sid=ProQ%3Aabiglobal&amp;author=Rivas,,"ABI/INFORM Collection, Research Library"
"Buying the S&P 500 seems like a 'pretty lousy trade' right now - and a US recession is looming, billionaire investor Jeffrey Gundlach says",,2912421218,Newspapers,"Theron, Mohamed",," Copyright Insider, Inc. Jan 10, 2024", News," Jan 10, 2024"," mi-exclusive , markets , stocks , jeffrey-gundlach , doubleline-capital , stock-market-outlook , sp-500 , federal-reserve , interest-rates , government-debt , recession , yield-curve , us-markets-and-economy",,, English, English,, New York,"Jan 10, 2024",Business Insider,2024,,https://esearch.ut.edu/login?url=https://www.proquest.com/newspapers/buying-s-amp-p-500-seems-like-pretty-lousy-trade/docview/2912421218/se-2?accountid=14762,https://ut.primo.exlibrisgroup.com/openurl/01UTAMPA_INST/01UTAMPA_INST:SpartanSearch?genre=article&amp;issn=&amp;title=Buying+the+S%26amp%3BP+500+seems+like+a+%27pretty+lousy+trade%27+right+now+-+and+a+US+recession+is+looming%2C+billionaire+investor+Jeffrey+Gundlach+says&amp;volume=&amp;issue=&amp;date=2024&amp;atitle=Buying+the+S%26amp%3BP+500+seems+like+a+%27pretty+lousy+trade%27+right+now+-+and+a+US+recession+is+looming%2C+billionaire+investor+Jeffrey+Gundlach+says&amp;spage=&amp;sid=ProQ%3Aabidateline&amp;author=Theron,,ABI/INFORM Collection
"Stock market today: S&P 500 futures edge up as Intuitive Surgical, Match Group, Lennar rise",,2912420046,Newspapers,"Varma, Anil"," Lennar Corp , NVidia Corp"," Copyright Insider, Inc. Jan 10, 2024", News," Jan 10, 2024"," mi-exclusive , markets , stock-movers-today , stock-market-today , stock-gainer , stocks-to-watch , stock-market-outlook , stocks-today , 10-things-before-us-markets-open , us-markets-and-economy , us-stock-market , futures , sp-500 , nasdaq , nasdaq-100 , dow-jones-futures",,, English, English,, New York,"Jan 10, 2024",Business Insider,2024,,https://esearch.ut.edu/login?url=https://www.proquest.com/newspapers/stock-market-today-s-amp-p-500-futures-edge-up-as/docview/2912420046/se-2?accountid=14762,https://ut.primo.exlibrisgroup.com/openurl/01UTAMPA_INST/01UTAMPA_INST:SpartanSearch?genre=article&amp;issn=&amp;title=Stock+market+today%3A+S%26amp%3BP+500+futures+edge+up+as+Intuitive+Surgical%2C+Match+Group%2C+Lennar+rise&amp;volume=&amp;issue=&amp;date=2024&amp;atitle=Stock+market+today%3A+S%26amp%3BP+500+futures+edge+up+as+Intuitive+Surgical%2C+Match+Group%2C+Lennar+rise&amp;spage=&amp;sid=ProQ%3Aabidateline&amp;author=Varma,,ABI/INFORM Collection
"RBC boosts its S&P 500 price target this year to 5,150 but warns that it will be a choppy year ahead",,2912032495,Newspapers,"Fox, Matthew",," Copyright Insider, Inc. Jan 9, 2024", News," Jan 9, 2024"," mi-exclusive , stock-market-outlook , stock-market-analysis , stock-market , analyst-note , sp-500",,, English, English,, New York,"Jan 9, 2024",Business Insider,2024,,https://esearch.ut.edu/login?url=https://www.proquest.com/newspapers/rbc-boosts-s-amp-p-500-price-target-this-year-5/docview/2912032495/se-2?accountid=14762,https://ut.primo.exlibrisgroup.com/openurl/01UTAMPA_INST/01UTAMPA_INST:SpartanSearch?genre=article&amp;issn=&amp;title=RBC+boosts+its+S%26amp%3BP+500+price+target+this+year+to+5%2C150+but+warns+that+it+will+be+a+choppy+year+ahead&amp;volume=&amp;issue=&amp;date=2024&amp;atitle=RBC+boosts+its+S%26amp%3BP+500+price+target+this+year+to+5%2C150+but+warns+that+it+will+be+a+choppy+year+ahead&amp;spage=&amp;sid=ProQ%3Aabidateline&amp;author=Fox,,ABI/INFORM Collection
"The S&P 500 might leap 10% to a record high this year - but plunging interest rates could spell trouble for stocks, Wharton professor Jeremy Siegel says",,2911801723,Newspapers,"Theron, Mohamed",," Copyright Insider, Inc. Jan 9, 2024", News," Jan 9, 2024"," mi-exclusive , markets , stocks , jeremy-siegel , wharton-school-of-business , stock-market-outlook , sp-500 , us-markets-and-economy , inflation , recession , interest-rates , federal-reserve , jerome-powell , us-economic-outlook",,, English, English,, New York,"Jan 9, 2024",Business Insider,2024,,https://esearch.ut.edu/login?url=https://www.proquest.com/newspapers/s-amp-p-500-might-leap-10-record-high-this-year/docview/2911801723/se-2?accountid=14762,https://ut.primo.exlibrisgroup.com/openurl/01UTAMPA_INST/01UTAMPA_INST:SpartanSearch?genre=article&amp;issn=&amp;title=The+S%26amp%3BP+500+might+leap+10%25+to+a+record+high+this+year+-+but+plunging+interest+rates+could+spell+trouble+for+stocks%2C+Wharton+professor+Jeremy+Siegel+says&amp;volume=&amp;issue=&amp;date=2024&amp;atitle=The+S%26amp%3BP+500+might+leap+10%25+to+a+record+high+this+year+-+but+plunging+interest+rates+could+spell+trouble+for+stocks%2C+Wharton+professor+Jeremy+Siegel+says&amp;spage=&amp;sid=ProQ%3Aabidateline&amp;author=Theron,,ABI/INFORM Collection
"'Magnificent Seven' Lift Stocks --- S&P 500, Nasdaq Composite post best performances since November",,2911701991,Newspapers,"Goldfarb, Sam",," Copyright 2024 Dow Jones & Company, Inc. All Rights Reserved.", News," Jan 9, 2024",,0099-9660,, English, English,," New York, N.Y.","Jan 9, 2024",Wall Street Journal,2024,,https://esearch.ut.edu/login?url=https://www.proquest.com/newspapers/magnificent-seven-lift-stocks-s-amp-p-500-nasdaq/docview/2911701991/se-2?accountid=14762,https://ut.primo.exlibrisgroup.com/openurl/01UTAMPA_INST/01UTAMPA_INST:SpartanSearch?genre=article&amp;issn=00999660&amp;title=%27Magnificent+Seven%27+Lift+Stocks+---+S%26amp%3BP+500%2C+Nasdaq+Composite+post+best+performances+since+November&amp;volume=&amp;issue=&amp;date=2024&amp;atitle=%27Magnificent+Seven%27+Lift+Stocks+---+S%26amp%3BP+500%2C+Nasdaq+Composite+post+best+performances+since+November&amp;spage=B.11&amp;sid=ProQ%3Aabiglobal&amp;author=Goldfarb,,ABI/INFORM Collection
Hedge Funds Lag Behind the S&P 500. Ken Griffin's Citadel Is an Exception.,,2911689094,Newspapers,"Alpert, Bill",," Copyright 2024 Dow Jones & Company, Inc. All Rights Reserved.", News," Jan 9, 2024",,,, English, English,, New York,"Jan 9, 2024",Barron's (Online),2024,,https://esearch.ut.edu/login?url=https://www.proquest.com/newspapers/hedge-funds-lag-behind-s-amp-p-500-ken-griffins/docview/2911689094/se-2?accountid=14762,https://ut.primo.exlibrisgroup.com/openurl/01UTAMPA_INST/01UTAMPA_INST:SpartanSearch?genre=article&amp;issn=&amp;title=Hedge+Funds+Lag+Behind+the+S%26amp%3BP+500.+Ken+Griffin%27s+Citadel+Is+an+Exception.&amp;volume=&amp;issue=&amp;date=2024&amp;atitle=Hedge+Funds+Lag+Behind+the+S%26amp%3BP+500.+Ken+Griffin%27s+Citadel+Is+an+Exception.&amp;spage=&amp;sid=ProQ%3Aabiglobal&amp;author=Alpert,,"ABI/INFORM Collection, Research Library"
A record high in the S&P 500 would suggest double-digit gains in 2024,,2911355591,Newspapers,"Fox, Matthew",," Copyright Insider, Inc. Jan 8, 2024", News," Jan 8, 2024"," mi-exclusive , stock-market-outlook , stock-market-analysis , stock-market , analyst-note , stock-market-2024",,, English, English,, New York,"Jan 8, 2024",Business Insider,2024,,https://esearch.ut.edu/login?url=https://www.proquest.com/newspapers/record-high-s-amp-p-500-would-suggest-double/docview/2911355591/se-2?accountid=14762,https://ut.primo.exlibrisgroup.com/openurl/01UTAMPA_INST/01UTAMPA_INST:SpartanSearch?genre=article&amp;issn=&amp;title=A+record+high+in+the+S%26amp%3BP+500+would+suggest+double-digit+gains+in+2024&amp;volume=&amp;issue=&amp;date=2024&amp;atitle=A+record+high+in+the+S%26amp%3BP+500+would+suggest+double-digit+gains+in+2024&amp;spage=&amp;sid=ProQ%3Aabidateline&amp;author=Fox,,ABI/INFORM Collection
"Britain's best-paid woman made over $300 million last year, outearning all the CEOs of S&P 500 companies",,2911355381,Newspapers,"Theron, Mohamed",," Copyright Insider, Inc. Jan 8, 2024", News," Jan 8, 2024"," mi-exclusive , markets , stocks , denise-coates , bet365 , billionaires , wealth , ceo-pay , compensation , gambling , sundar-pichai , stephen-schwarzman",,, English, English,, New York,"Jan 8, 2024",Business Insider,2024,,https://esearch.ut.edu/login?url=https://www.proquest.com/newspapers/britains-best-paid-woman-made-over-300-million/docview/2911355381/se-2?accountid=14762,https://ut.primo.exlibrisgroup.com/openurl/01UTAMPA_INST/01UTAMPA_INST:SpartanSearch?genre=article&amp;issn=&amp;title=Britain%27s+best-paid+woman+made+over+%24300+million+last+year%2C+outearning+all+the+CEOs+of+S%26amp%3BP+500+companies&amp;volume=&amp;issue=&amp;date=2024&amp;atitle=Britain%27s+best-paid+woman+made+over+%24300+million+last+year%2C+outearning+all+the+CEOs+of+S%26amp%3BP+500+companies&amp;spage=&amp;sid=ProQ%3Aabidateline&amp;author=Theron,,ABI/INFORM Collection
UBS lifts its S&P 500 price target 6% and trumpets a dream 'soft landing' outcome,,2911142750,Newspapers,"Glover, George", UBS AG," Copyright Insider, Inc. Jan 8, 2024", News," Jan 8, 2024"," mi-exclusive , markets , stocks , stock-market-analysis , stock-market-outlook , stock-market-strategy , investing-analysis , investing-outlook , investing-strategy , ubs , sp-500 , inflation , interest-rates , federal-reserve",,, English, English,, New York,"Jan 8, 2024",Business Insider,2024,,https://esearch.ut.edu/login?url=https://www.proquest.com/newspapers/ubs-lifts-s-amp-p-500-price-target-6-trumpets/docview/2911142750/se-2?accountid=14762,https://ut.primo.exlibrisgroup.com/openurl/01UTAMPA_INST/01UTAMPA_INST:SpartanSearch?genre=article&amp;issn=&amp;title=UBS+lifts+its+S%26amp%3BP+500+price+target+6%25+and+trumpets+a+dream+%27soft+landing%27+outcome&amp;volume=&amp;issue=&amp;date=2024&amp;atitle=UBS+lifts+its+S%26amp%3BP+500+price+target+6%25+and+trumpets+a+dream+%27soft+landing%27+outcome&amp;spage=&amp;sid=ProQ%3Aabidateline&amp;author=Glover,,ABI/INFORM Collection
WORLD MARKETS AT A GLANCE Change during previous day's trading (%) S&P 500: MARKET DATA [Europe Region],,2921814188,Newspapers,,," Copyright The Financial Times Limited Jan 6, 2024", News," Jan 6, 2024",,0307-1766,, English, English,, London (UK),"Jan 6, 2024",Financial Times,2024,,https://esearch.ut.edu/login?url=https://www.proquest.com/newspapers/world-markets-at-glance-change-during-previous/docview/2921814188/se-2?accountid=14762,https://ut.primo.exlibrisgroup.com/openurl/01UTAMPA_INST/01UTAMPA_INST:SpartanSearch?genre=article&amp;issn=03071766&amp;title=WORLD+MARKETS+AT+A+GLANCE+Change+during+previous+day%27s+trading+%28%25%29+S%26amp%3BP+500&amp;volume=&amp;issue=&amp;date=2024&amp;atitle=WORLD+MARKETS+AT+A+GLANCE+Change+during+previous+day%27s+trading+%28%25%29+S%26amp%3BP+500%3A+MARKET+DATA+%5BEurope+Region%5D&amp;spage=13&amp;sid=ProQ%3Aabiglobal&amp;author=,,ABI/INFORM Collection
"The S&P 500 could crash by 30%, a recession is likely underway, and interest rates might not fall before summer, market prophet says",,2910846406,Newspapers,"Theron, Mohamed",," Copyright Insider, Inc. Jan 6, 2024", News," Jan 6, 2024"," mi-exclusive , markets , stocks , gary-shilling , a-gary-shilling-company , david-rosenberg , rosenberg-research , stock-market-outlook , stock-market-forecast , sp-500 , inflation , recession , interest-rates , federal-reserve , us-markets-and-economy , unemployment",,, English, English,, New York,"Jan 6, 2024",Business Insider,2024,,https://esearch.ut.edu/login?url=https://www.proquest.com/newspapers/s-amp-p-500-could-crash-30-recession-is-likely/docview/2910846406/se-2?accountid=14762,https://ut.primo.exlibrisgroup.com/openurl/01UTAMPA_INST/01UTAMPA_INST:SpartanSearch?genre=article&amp;issn=&amp;title=The+S%26amp%3BP+500+could+crash+by+30%25%2C+a+recession+is+likely+underway%2C+and+interest+rates+might+not+fall+before+summer%2C+market+prophet+says&amp;volume=&amp;issue=&amp;date=2024&amp;atitle=The+S%26amp%3BP+500+could+crash+by+30%25%2C+a+recession+is+likely+underway%2C+and+interest+rates+might+not+fall+before+summer%2C+market+prophet+says&amp;spage=&amp;sid=ProQ%3Aabidateline&amp;author=Theron,,ABI/INFORM Collection
"EXCHANGE --- Friday's Markets: Stocks Start New Year With Weekly Loss --- S&P 500 finished the week down 1.5%, snapping a nine- week winning streak",,2910762452,Newspapers,"Langley, Karen",," Copyright 2024 Dow Jones & Company, Inc. All Rights Reserved.", News," Jan 6, 2024",,0099-9660,, English, English,," New York, N.Y.","Jan 6, 2024",Wall Street Journal,2024,,https://esearch.ut.edu/login?url=https://www.proquest.com/newspapers/exchange-fridays-markets-stocks-start-new-year/docview/2910762452/se-2?accountid=14762,https://ut.primo.exlibrisgroup.com/openurl/01UTAMPA_INST/01UTAMPA_INST:SpartanSearch?genre=article&amp;issn=00999660&amp;title=EXCHANGE+---+Friday%27s+Markets%3A+Stocks+Start+New+Year+With+Weekly+Loss+---+S%26amp%3BP+500+finished+the+week+down+1.5%25%2C+snapping+a+nine-+week+winning+streak&amp;volume=&amp;issue=&amp;date=2024&amp;atitle=EXCHANGE+---+Friday%27s+Markets%3A+Stocks+Start+New+Year+With+Weekly+Loss+---+S%26amp%3BP+500+finished+the+week+down+1.5%25%2C+snapping+a+nine-+week+winning+streak&amp;spage=B.11&amp;sid=ProQ%3Aabiglobal&amp;author=Langley,,ABI/INFORM Collection
Bill Ackman's High-Fee Fund Looks Appealing After Topping S&P 500 in 2023,,2909218588,Newspapers,"Bary, Andrew",," Copyright 2024 Dow Jones & Company, Inc. All Rights Reserved.", News," Jan 3, 2024",,,, English, English,, New York,"Jan 3, 2024",Barron's (Online),2024,,https://esearch.ut.edu/login?url=https://www.proquest.com/newspapers/bill-ackmans-high-fee-fund-looks-appealing-after/docview/2909218588/se-2?accountid=14762,https://ut.primo.exlibrisgroup.com/openurl/01UTAMPA_INST/01UTAMPA_INST:SpartanSearch?genre=article&amp;issn=&amp;title=Bill+Ackman%27s+High-Fee+Fund+Looks+Appealing+After+Topping+S%26amp%3BP+500+in+2023&amp;volume=&amp;issue=&amp;date=2024&amp;atitle=Bill+Ackman%27s+High-Fee+Fund+Looks+Appealing+After+Topping+S%26amp%3BP+500+in+2023&amp;spage=&amp;sid=ProQ%3Aabiglobal&amp;author=Bary,,"ABI/INFORM Collection, Research Library"
Divining the likely patterns for S&P 500 and Nasdaq in 2024,,2909044663,Newspapers,,, © 2024 Singapore Press Holdings, News," Jan 3, 2024",,,, English, English,, Singapore,"Jan 3, 2024",The Business Times,2024,,https://esearch.ut.edu/login?url=https://www.proquest.com/newspapers/divining-likely-patterns-s-amp-p-500-nasdaq-2024/docview/2909044663/se-2?accountid=14762,https://ut.primo.exlibrisgroup.com/openurl/01UTAMPA_INST/01UTAMPA_INST:SpartanSearch?genre=article&amp;issn=&amp;title=Divining+the+likely+patterns+for+S%26amp%3BP+500+and+Nasdaq+in+2024&amp;volume=&amp;issue=&amp;date=2024&amp;atitle=Divining+the+likely+patterns+for+S%26amp%3BP+500+and+Nasdaq+in+2024&amp;spage=&amp;sid=ProQ%3Aabitrade&amp;author=,,ABI/INFORM Collection
Moderna Stock Is Top Performer in S&P 500 After Miserable 2023. Why This Year Could Be Better.,,2908435571,Newspapers,"Dattilo, Emily;Nathan-Kazis, Josh",," Copyright 2024 Dow Jones & Company, Inc. All Rights Reserved.", News," Jan 2, 2024",,,, English, English,, New York,"Jan 2, 2024",Barron's (Online),2024,,https://esearch.ut.edu/login?url=https://www.proquest.com/newspapers/moderna-stock-is-top-performer-s-amp-p-500-after/docview/2908435571/se-2?accountid=14762,https://ut.primo.exlibrisgroup.com/openurl/01UTAMPA_INST/01UTAMPA_INST:SpartanSearch?genre=article&amp;issn=&amp;title=Moderna+Stock+Is+Top+Performer+in+S%26amp%3BP+500+After+Miserable+2023.+Why+This+Year+Could+Be+Better.&amp;volume=&amp;issue=&amp;date=2024&amp;atitle=Moderna+Stock+Is+Top+Performer+in+S%26amp%3BP+500+After+Miserable+2023.+Why+This+Year+Could+Be+Better.&amp;spage=&amp;sid=ProQ%3Aabiglobal&amp;author=Dattilo,,"ABI/INFORM Collection, Research Library"
Jeremy Grantham rang the alarm on an 'everything bubble' and warned the S&P 500 could be cut in half. Here are the elite investor's 10 best quotes of 2023.,,2908111838,Newspapers,"Theron, Mohamed",," Copyright Insider, Inc. Jan 1, 2024", News," Jan 1, 2024"," mi-exclusive , markets , stocks , jeremy-grantham , gmo , stock-market-outlook , stock-market-bubble , stock-market-crash , superbubble , housing-bubble , house-prices , recession , dot-com-bubble , financial-crisis , asset-prices , business-holiday-save-2023",,, English, English,, New York,"Jan 1, 2024",Business Insider,2024,,https://esearch.ut.edu/login?url=https://www.proquest.com/newspapers/jeremy-grantham-rang-alarm-on-everything-bubble/docview/2908111838/se-2?accountid=14762,https://ut.primo.exlibrisgroup.com/openurl/01UTAMPA_INST/01UTAMPA_INST:SpartanSearch?genre=article&amp;issn=&amp;title=Jeremy+Grantham+rang+the+alarm+on+an+%27everything+bubble%27+and+warned+the+S%26amp%3BP+500+could+be+cut+in+half.+Here+are+the+elite+investor%27s+10+best+quotes+of+2023.&amp;volume=&amp;issue=&amp;date=2024&amp;atitle=Jeremy+Grantham+rang+the+alarm+on+an+%27everything+bubble%27+and+warned+the+S%26amp%3BP+500+could+be+cut+in+half.+Here+are+the+elite+investor%27s+10+best+quotes+of+2023.&amp;spage=&amp;sid=ProQ%3Aabidateline&amp;author=Theron,,ABI/INFORM Collection
